{
  "type": "FeatureCollection",
  "name": "DKI_Jakarta_Kelurahan",
  "features": [
    {
      "type": "Feature",
      "id": "75bb074a-a3ca-5868-9c4c-b6684d496135",
      "properties": {
        "id": "75bb074a-a3ca-5868-9c4c-b6684d496135",
        "code": "31.01.01.1001",
        "name": "Pulau Panggang",
        "districtId": "ff377f9c-01e4-5f1e-8021-adf172e154d0",
        "districtName": "Kepulauan Seribu Utara",
        "cityId": "a8b1b642-c3f5-50d2-9d2d-41a5b186eaa7",
        "cityName": "Kabupaten Administrasi Kepulauan Seribu",
        "cityShortName": "KEPULAUAN SERIBU"
      },
      "geometry": {
        "type": "MultiPolygon",
        "coordinates": [
          [
            [
              [
                106.553743899,
                -5.76968759
              ],
              [
                106.554806091,
                -5.77138938
              ],
              [
                106.553969472,
                -5.772014703
              ],
              [
                106.553047193,
                -5.771443632
              ],
              [
                106.553035772,
                -5.771169518
              ],
              [
                106.553201382,
                -5.771035317
              ],
              [
                106.553192816,
                -5.771446488
              ],
              [
                106.553843837,
                -5.77186908
              ],
              [
                106.554317825,
                -5.771577834
              ],
              [
                106.553364137,
                -5.769790383
              ],
              [
                106.552513242,
                -5.770224396
              ],
              [
                106.552733104,
                -5.77065841
              ],
              [
                106.553087168,
                -5.770547051
              ],
              [
                106.553087168,
                -5.770872562
              ],
              [
                106.552647444,
                -5.770735505
              ],
              [
                106.552364764,
                -5.770264371
              ],
              [
                106.552841608,
                -5.769539112
              ],
              [
                106.553743899,
                -5.76968759
              ]
            ]
          ],
          [
            [
              [
                106.559800661,
                -5.771965286
              ],
              [
                106.559299923,
                -5.771933312
              ],
              [
                106.558947763,
                -5.771514527
              ],
              [
                106.559465661,
                -5.770304286
              ],
              [
                106.560548661,
                -5.769480286
              ],
              [
                106.561349661,
                -5.769482286
              ],
              [
                106.561074661,
                -5.770489286
              ],
              [
                106.559800661,
                -5.771965286
              ]
            ]
          ],
          [
            [
              [
                106.583444476,
                -5.765401414
              ],
              [
                106.583037189,
                -5.765489372
              ],
              [
                106.582350519,
                -5.764920168
              ],
              [
                106.581977895,
                -5.763742692
              ],
              [
                106.582545873,
                -5.762514216
              ],
              [
                106.583494045,
                -5.761882109
              ],
              [
                106.583589147,
                -5.760534187
              ],
              [
                106.583997652,
                -5.760388983
              ],
              [
                106.584009598,
                -5.76202258
              ],
              [
                106.58437544,
                -5.762447908
              ],
              [
                106.583738934,
                -5.763619793
              ],
              [
                106.583444476,
                -5.765401414
              ]
            ]
          ],
          [
            [
              [
                106.582077695,
                -5.762354656
              ],
              [
                106.581511825,
                -5.764499485
              ],
              [
                106.581949918,
                -5.761633628
              ],
              [
                106.582899119,
                -5.760009034
              ],
              [
                106.582862611,
                -5.761286805
              ],
              [
                106.582077695,
                -5.762354656
              ]
            ]
          ],
          [
            [
              [
                106.607359612,
                -5.759243207
              ],
              [
                106.60833757,
                -5.759402631
              ],
              [
                106.608282842,
                -5.759928492
              ],
              [
                106.606981277,
                -5.759902318
              ],
              [
                106.607359612,
                -5.759243207
              ]
            ]
          ],
          [
            [
              [
                106.586716063,
                -5.759441446
              ],
              [
                106.586377726,
                -5.759589601
              ],
              [
                106.58718598,
                -5.758158193
              ],
              [
                106.586716063,
                -5.759441446
              ]
            ]
          ],
          [
            [
              [
                106.584102061,
                -5.759479116
              ],
              [
                106.585898666,
                -5.759461683
              ],
              [
                106.583672322,
                -5.759983151
              ],
              [
                106.583649281,
                -5.758336916
              ],
              [
                106.583959453,
                -5.757588456
              ],
              [
                106.584102061,
                -5.759479116
              ]
            ]
          ],
          [
            [
              [
                106.583272547,
                -5.757497799
              ],
              [
                106.582952414,
                -5.758433126
              ],
              [
                106.58285259,
                -5.757713043
              ],
              [
                106.583272547,
                -5.757497799
              ]
            ]
          ],
          [
            [
              [
                106.615871745,
                -5.744776006
              ],
              [
                106.615032268,
                -5.746614391
              ],
              [
                106.616107149,
                -5.746986866
              ],
              [
                106.616031006,
                -5.747705463
              ],
              [
                106.615388551,
                -5.748010034
              ],
              [
                106.616078595,
                -5.747148669
              ],
              [
                106.615283855,
                -5.746729884
              ],
              [
                106.614846034,
                -5.747529383
              ],
              [
                106.615079221,
                -5.747676909
              ],
              [
                106.615031632,
                -5.748119489
              ],
              [
                106.614826999,
                -5.748124248
              ],
              [
                106.615022114,
                -5.747729258
              ],
              [
                106.614571441,
                -5.747443849
              ],
              [
                106.612615524,
                -5.749542534
              ],
              [
                106.61157332,
                -5.74938073
              ],
              [
                106.611506695,
                -5.748652615
              ],
              [
                106.611934998,
                -5.747458126
              ],
              [
                106.611425794,
                -5.746929886
              ],
              [
                106.61170657,
                -5.746206529
              ],
              [
                106.611606633,
                -5.746787118
              ],
              [
                106.612139632,
                -5.74699651
              ],
              [
                106.612329989,
                -5.746701457
              ],
              [
                106.612547114,
                -5.746159738
              ],
              [
                106.612158668,
                -5.746039967
              ],
              [
                106.612510828,
                -5.744940656
              ],
              [
                106.61289737,
                -5.74501367
              ],
              [
                106.614288815,
                -5.742370043
              ],
              [
                106.615239129,
                -5.742050252
              ],
              [
                106.615912469,
                -5.742446352
              ],
              [
                106.616108872,
                -5.74313281
              ],
              [
                106.615871745,
                -5.744776006
              ]
            ]
          ],
          [
            [
              [
                106.619142576,
                -5.73964258
              ],
              [
                106.618951268,
                -5.739705398
              ],
              [
                106.619002664,
                -5.739499812
              ],
              [
                106.619142576,
                -5.73964258
              ]
            ]
          ],
          [
            [
              [
                106.602345352,
                -5.737695286
              ],
              [
                106.603946333,
                -5.742692947
              ],
              [
                106.603149213,
                -5.741437782
              ],
              [
                106.601168837,
                -5.739438222
              ],
              [
                106.600299809,
                -5.739296267
              ],
              [
                106.599913146,
                -5.739784056
              ],
              [
                106.597892737,
                -5.738527541
              ],
              [
                106.598917371,
                -5.737744911
              ],
              [
                106.601661257,
                -5.737344316
              ],
              [
                106.602345352,
                -5.737695286
              ]
            ]
          ],
          [
            [
              [
                106.609731871,
                -5.737995232
              ],
              [
                106.6093207,
                -5.737761093
              ],
              [
                106.609514865,
                -5.736698901
              ],
              [
                106.610017407,
                -5.736841669
              ],
              [
                106.609731871,
                -5.737995232
              ]
            ]
          ],
          [
            [
              [
                106.60059734,
                -5.734077613
              ],
              [
                106.603209989,
                -5.734163274
              ],
              [
                106.60335318,
                -5.734708096
              ],
              [
                106.602656384,
                -5.735434192
              ],
              [
                106.600993961,
                -5.736084211
              ],
              [
                106.5999072,
                -5.7361842
              ],
              [
                106.598678067,
                -5.735494622
              ],
              [
                106.60059734,
                -5.734077613
              ]
            ]
          ],
          [
            [
              [
                106.571027051,
                -5.730279433
              ],
              [
                106.570285823,
                -5.73015414
              ],
              [
                106.571976427,
                -5.729379941
              ],
              [
                106.571955521,
                -5.729792429
              ],
              [
                106.571027051,
                -5.730279433
              ]
            ]
          ],
          [
            [
              [
                106.565957742,
                -5.711001858
              ],
              [
                106.565415225,
                -5.710954269
              ],
              [
                106.565310528,
                -5.710744876
              ],
              [
                106.566038644,
                -5.710678251
              ],
              [
                106.565957742,
                -5.711001858
              ]
            ]
          ],
          [
            [
              [
                106.57642886,
                -5.708982863
              ],
              [
                106.576051448,
                -5.70869972
              ],
              [
                106.576068668,
                -5.707722069
              ],
              [
                106.576317718,
                -5.707798211
              ],
              [
                106.57642886,
                -5.708982863
              ]
            ]
          ],
          [
            [
              [
                106.53762586,
                -5.699682301
              ],
              [
                106.543031133,
                -5.699726785
              ],
              [
                106.543520503,
                -5.700284029
              ],
              [
                106.543088095,
                -5.700935651
              ],
              [
                106.542121862,
                -5.701507654
              ],
              [
                106.539924224,
                -5.701879922
              ],
              [
                106.534702387,
                -5.701233171
              ],
              [
                106.533853926,
                -5.700349821
              ],
              [
                106.534178974,
                -5.699607936
              ],
              [
                106.534807731,
                -5.699295111
              ],
              [
                106.53762586,
                -5.699682301
              ]
            ]
          ],
          [
            [
              [
                106.71319372,
                -5.695269662
              ],
              [
                106.713550639,
                -5.695662273
              ],
              [
                106.713529224,
                -5.696526018
              ],
              [
                106.713093783,
                -5.695391015
              ],
              [
                106.711159281,
                -5.69664737
              ],
              [
                106.711123589,
                -5.695904978
              ],
              [
                106.711987333,
                -5.694127521
              ],
              [
                106.713422148,
                -5.693634972
              ],
              [
                106.71319372,
                -5.695269662
              ]
            ]
          ]
        ]
      }
    },
    {
      "type": "Feature",
      "id": "ac00fab0-b304-5702-a865-32dc496195a2",
      "properties": {
        "id": "ac00fab0-b304-5702-a865-32dc496195a2",
        "code": "31.01.01.1002",
        "name": "Pulau Kelapa",
        "districtId": "ff377f9c-01e4-5f1e-8021-adf172e154d0",
        "districtName": "Kepulauan Seribu Utara",
        "cityId": "a8b1b642-c3f5-50d2-9d2d-41a5b186eaa7",
        "cityName": "Kabupaten Administrasi Kepulauan Seribu",
        "cityShortName": "KEPULAUAN SERIBU"
      },
      "geometry": {
        "type": "MultiPolygon",
        "coordinates": [
          [
            [
              [
                106.53269425,
                -5.689980817
              ],
              [
                106.531359372,
                -5.690666102
              ],
              [
                106.53101673,
                -5.690202107
              ],
              [
                106.531437894,
                -5.689581068
              ],
              [
                106.532365884,
                -5.689381193
              ],
              [
                106.53269425,
                -5.689980817
              ]
            ]
          ],
          [
            [
              [
                106.562792675,
                -5.685190295
              ],
              [
                106.561567469,
                -5.686092629
              ],
              [
                106.561907088,
                -5.685577431
              ],
              [
                106.562839607,
                -5.684769535
              ],
              [
                106.562792675,
                -5.685190295
              ]
            ]
          ],
          [
            [
              [
                106.588595932,
                -5.679232414
              ],
              [
                106.587353386,
                -5.679422963
              ],
              [
                106.587220136,
                -5.679684704
              ],
              [
                106.586430155,
                -5.679180258
              ],
              [
                106.588232436,
                -5.678612926
              ],
              [
                106.588744356,
                -5.678865745
              ],
              [
                106.588595932,
                -5.679232414
              ]
            ]
          ],
          [
            [
              [
                106.584544227,
                -5.668982918
              ],
              [
                106.584951115,
                -5.669496881
              ],
              [
                106.584234639,
                -5.670082852
              ],
              [
                106.579226132,
                -5.671359999
              ],
              [
                106.578777154,
                -5.671023417
              ],
              [
                106.580148975,
                -5.669351426
              ],
              [
                106.584544227,
                -5.668982918
              ]
            ]
          ],
          [
            [
              [
                106.560945814,
                -5.669015113
              ],
              [
                106.559795318,
                -5.669518458
              ],
              [
                106.559485988,
                -5.66915559
              ],
              [
                106.55992824,
                -5.66885074
              ],
              [
                106.560945814,
                -5.669015113
              ]
            ]
          ],
          [
            [
              [
                106.567750842,
                -5.667606272
              ],
              [
                106.567528348,
                -5.667371975
              ],
              [
                106.568009308,
                -5.666825176
              ],
              [
                106.568808357,
                -5.666933229
              ],
              [
                106.568509877,
                -5.667496896
              ],
              [
                106.567750842,
                -5.667606272
              ]
            ]
          ],
          [
            [
              [
                106.570390545,
                -5.66104349
              ],
              [
                106.566418917,
                -5.663810774
              ],
              [
                106.565991093,
                -5.663995259
              ],
              [
                106.565286502,
                -5.663661166
              ],
              [
                106.565594347,
                -5.662953162
              ],
              [
                106.568702999,
                -5.660621793
              ],
              [
                106.569873908,
                -5.660457585
              ],
              [
                106.570390545,
                -5.66104349
              ]
            ]
          ],
          [
            [
              [
                106.572029767,
                -5.654715645
              ],
              [
                106.572056417,
                -5.655256259
              ],
              [
                106.571805146,
                -5.655819715
              ],
              [
                106.571660475,
                -5.654807017
              ],
              [
                106.572029767,
                -5.654715645
              ]
            ]
          ],
          [
            [
              [
                106.57141407,
                -5.652255299
              ],
              [
                106.573229896,
                -5.652519091
              ],
              [
                106.573807808,
                -5.653587797
              ],
              [
                106.573293845,
                -5.653673458
              ],
              [
                106.57322722,
                -5.653207083
              ],
              [
                106.57296072,
                -5.653183289
              ],
              [
                106.571418829,
                -5.653644904
              ],
              [
                106.570921822,
                -5.654383297
              ],
              [
                106.569258279,
                -5.654886983
              ],
              [
                106.569053645,
                -5.655895874
              ],
              [
                106.56664563,
                -5.657071328
              ],
              [
                106.564289964,
                -5.65666682
              ],
              [
                106.564822963,
                -5.65525342
              ],
              [
                106.566105789,
                -5.65398008
              ],
              [
                106.56579646,
                -5.653447081
              ],
              [
                106.566062959,
                -5.652994983
              ],
              [
                106.566372289,
                -5.653699304
              ],
              [
                106.566982986,
                -5.653349158
              ],
              [
                106.56744037,
                -5.653730565
              ],
              [
                106.567512216,
                -5.653353234
              ],
              [
                106.567783013,
                -5.653602074
              ],
              [
                106.567802754,
                -5.65324693
              ],
              [
                106.568834735,
                -5.653202324
              ],
              [
                106.569538305,
                -5.652312417
              ],
              [
                106.570766857,
                -5.65238379
              ],
              [
                106.571040792,
                -5.652690412
              ],
              [
                106.570976249,
                -5.65242662
              ],
              [
                106.57141407,
                -5.652255299
              ]
            ]
          ],
          [
            [
              [
                106.569444422,
                -5.648629
              ],
              [
                106.569545549,
                -5.649402325
              ],
              [
                106.5686592,
                -5.649562939
              ],
              [
                106.568474792,
                -5.649913909
              ],
              [
                106.567678803,
                -5.64973358
              ],
              [
                106.567571727,
                -5.650211852
              ],
              [
                106.568021446,
                -5.650295133
              ],
              [
                106.567493205,
                -5.650235647
              ],
              [
                106.566969782,
                -5.649610528
              ],
              [
                106.565012676,
                -5.649414222
              ],
              [
                106.564536649,
                -5.649704683
              ],
              [
                106.564090635,
                -5.649188174
              ],
              [
                106.564078737,
                -5.648795563
              ],
              [
                106.564495143,
                -5.648646846
              ],
              [
                106.565090008,
                -5.649164379
              ],
              [
                106.566476044,
                -5.649408274
              ],
              [
                106.568052437,
                -5.648658744
              ],
              [
                106.568653251,
                -5.649003765
              ],
              [
                106.568914992,
                -5.648652795
              ],
              [
                106.569444422,
                -5.648629
              ]
            ]
          ],
          [
            [
              [
                106.566984013,
                -5.642351235
              ],
              [
                106.567098227,
                -5.642750985
              ],
              [
                106.567821583,
                -5.642522556
              ],
              [
                106.567990968,
                -5.643065424
              ],
              [
                106.567562665,
                -5.643189156
              ],
              [
                106.56730762,
                -5.643702769
              ],
              [
                106.557955591,
                -5.646581078
              ],
              [
                106.554142714,
                -5.647443147
              ],
              [
                106.55403805,
                -5.647058434
              ],
              [
                106.553246638,
                -5.647263983
              ],
              [
                106.553113388,
                -5.646716707
              ],
              [
                106.553854587,
                -5.646493828
              ],
              [
                106.553770119,
                -5.6461266
              ],
              [
                106.558649426,
                -5.644707903
              ],
              [
                106.558568256,
                -5.644250442
              ],
              [
                106.559630151,
                -5.64391234
              ],
              [
                106.559496292,
                -5.643427102
              ],
              [
                106.560709817,
                -5.64308446
              ],
              [
                106.560852585,
                -5.643565111
              ],
              [
                106.561982782,
                -5.643215376
              ],
              [
                106.562251708,
                -5.643693602
              ],
              [
                106.566984013,
                -5.642351235
              ]
            ]
          ],
          [
            [
              [
                106.555897952,
                -5.64239977
              ],
              [
                106.555603265,
                -5.642351184
              ],
              [
                106.555317743,
                -5.641353521
              ],
              [
                106.55579481,
                -5.641567642
              ],
              [
                106.555897952,
                -5.64239977
              ]
            ]
          ],
          [
            [
              [
                106.54399177,
                -5.623725725
              ],
              [
                106.547589588,
                -5.623783105
              ],
              [
                106.54811307,
                -5.624530255
              ],
              [
                106.547408749,
                -5.624901775
              ],
              [
                106.544788319,
                -5.625007301
              ],
              [
                106.54365396,
                -5.624387488
              ],
              [
                106.54399177,
                -5.623725725
              ]
            ]
          ],
          [
            [
              [
                106.561598665,
                -5.619851045
              ],
              [
                106.561755709,
                -5.620443531
              ],
              [
                106.561138239,
                -5.620711221
              ],
              [
                106.560806304,
                -5.620147288
              ],
              [
                106.561598665,
                -5.619851045
              ]
            ]
          ],
          [
            [
              [
                106.550681374,
                -5.62055212
              ],
              [
                106.549225144,
                -5.620837656
              ],
              [
                106.549133534,
                -5.620459321
              ],
              [
                106.550223824,
                -5.618716284
              ],
              [
                106.550561211,
                -5.616818746
              ],
              [
                106.553602162,
                -5.614448803
              ],
              [
                106.554289193,
                -5.614239061
              ],
              [
                106.555408497,
                -5.614642405
              ],
              [
                106.5564971,
                -5.61612362
              ],
              [
                106.556205616,
                -5.617140839
              ],
              [
                106.553879693,
                -5.618318672
              ],
              [
                106.551842551,
                -5.618896015
              ],
              [
                106.551330762,
                -5.619254722
              ],
              [
                106.550681374,
                -5.62055212
              ]
            ]
          ]
        ]
      }
    },
    {
      "type": "Feature",
      "id": "68190b00-5b08-5ecd-843d-64f761a54df8",
      "properties": {
        "id": "68190b00-5b08-5ecd-843d-64f761a54df8",
        "code": "31.01.01.1003",
        "name": "Pulau Harapan",
        "districtId": "ff377f9c-01e4-5f1e-8021-adf172e154d0",
        "districtName": "Kepulauan Seribu Utara",
        "cityId": "a8b1b642-c3f5-50d2-9d2d-41a5b186eaa7",
        "cityName": "Kabupaten Administrasi Kepulauan Seribu",
        "cityShortName": "KEPULAUAN SERIBU"
      },
      "geometry": {
        "type": "MultiPolygon",
        "coordinates": [
          [
            [
              [
                106.577646326,
                -5.651029067
              ],
              [
                106.578836057,
                -5.651600138
              ],
              [
                106.579183458,
                -5.650224809
              ],
              [
                106.578940753,
                -5.651909468
              ],
              [
                106.578165049,
                -5.651904709
              ],
              [
                106.578102509,
                -5.652283953
              ],
              [
                106.58001027,
                -5.652534886
              ],
              [
                106.581098873,
                -5.653117853
              ],
              [
                106.580932311,
                -5.653468824
              ],
              [
                106.579311798,
                -5.654108571
              ],
              [
                106.579412838,
                -5.656071859
              ],
              [
                106.579207253,
                -5.654555666
              ],
              [
                106.57871364,
                -5.654557915
              ],
              [
                106.579101605,
                -5.656311708
              ],
              [
                106.578360014,
                -5.654206203
              ],
              [
                106.577665849,
                -5.654307868
              ],
              [
                106.575579051,
                -5.65336427
              ],
              [
                106.574124724,
                -5.653147263
              ],
              [
                106.573855282,
                -5.653326284
              ],
              [
                106.574140817,
                -5.655996039
              ],
              [
                106.574031362,
                -5.656714636
              ],
              [
                106.573279452,
                -5.656738431
              ],
              [
                106.573255657,
                -5.656329163
              ],
              [
                106.573841005,
                -5.656310128
              ],
              [
                106.574078951,
                -5.655943691
              ],
              [
                106.57375546,
                -5.653116664
              ],
              [
                106.574505438,
                -5.65304447
              ],
              [
                106.575617122,
                -5.65328432
              ],
              [
                106.576054416,
                -5.651844842
              ],
              [
                106.578037045,
                -5.652280567
              ],
              [
                106.57816029,
                -5.651328879
              ],
              [
                106.577546389,
                -5.651043344
              ],
              [
                106.577570184,
                -5.649858372
              ],
              [
                106.577646326,
                -5.651029067
              ]
            ]
          ],
          [
            [
              [
                106.581650931,
                -5.63398275
              ],
              [
                106.585029879,
                -5.634712213
              ],
              [
                106.585544847,
                -5.635090065
              ],
              [
                106.582649036,
                -5.636098884
              ],
              [
                106.578525437,
                -5.63560165
              ],
              [
                106.576181623,
                -5.636450665
              ],
              [
                106.575621377,
                -5.636309863
              ],
              [
                106.575197833,
                -5.635143927
              ],
              [
                106.575350118,
                -5.63460141
              ],
              [
                106.576011609,
                -5.63429208
              ],
              [
                106.577877033,
                -5.634025257
              ],
              [
                106.578055493,
                -5.634691506
              ],
              [
                106.578650358,
                -5.634965144
              ],
              [
                106.580128076,
                -5.634277803
              ],
              [
                106.581650931,
                -5.63398275
              ]
            ]
          ],
          [
            [
              [
                106.5731901,
                -5.627726466
              ],
              [
                106.57198644,
                -5.628146798
              ],
              [
                106.571304107,
                -5.627704871
              ],
              [
                106.571562896,
                -5.62721405
              ],
              [
                106.572733591,
                -5.626923755
              ],
              [
                106.573342733,
                -5.627180737
              ],
              [
                106.5731901,
                -5.627726466
              ]
            ]
          ],
          [
            [
              [
                106.5837769,
                -5.618621584
              ],
              [
                106.585271922,
                -5.61903489
              ],
              [
                106.585536043,
                -5.619488178
              ],
              [
                106.585299755,
                -5.620163475
              ],
              [
                106.583751447,
                -5.620922993
              ],
              [
                106.582158867,
                -5.621001045
              ],
              [
                106.581682975,
                -5.620744064
              ],
              [
                106.581445028,
                -5.620287207
              ],
              [
                106.582108339,
                -5.619683197
              ],
              [
                106.581852637,
                -5.619409655
              ],
              [
                106.5837769,
                -5.618621584
              ]
            ]
          ],
          [
            [
              [
                106.572887304,
                -5.617995542
              ],
              [
                106.573279915,
                -5.618341753
              ],
              [
                106.572801643,
                -5.618609443
              ],
              [
                106.572023559,
                -5.618880701
              ],
              [
                106.571816546,
                -5.618691534
              ],
              [
                106.572887304,
                -5.617995542
              ]
            ]
          ],
          [
            [
              [
                106.582522102,
                -5.610199352
              ],
              [
                106.582968406,
                -5.610601486
              ],
              [
                106.581959627,
                -5.611490181
              ],
              [
                106.578580792,
                -5.612441966
              ],
              [
                106.575463698,
                -5.61463107
              ],
              [
                106.574190686,
                -5.61489281
              ],
              [
                106.573209278,
                -5.614500206
              ],
              [
                106.572644037,
                -5.613762566
              ],
              [
                106.572817625,
                -5.612471742
              ],
              [
                106.573398214,
                -5.611329601
              ],
              [
                106.574012227,
                -5.611002392
              ],
              [
                106.577402959,
                -5.61047891
              ],
              [
                106.582522102,
                -5.610199352
              ]
            ]
          ],
          [
            [
              [
                106.567273267,
                -5.607953359
              ],
              [
                106.566963482,
                -5.60774705
              ],
              [
                106.566955867,
                -5.607092223
              ],
              [
                106.567987602,
                -5.606186124
              ],
              [
                106.568196994,
                -5.606460238
              ],
              [
                106.567273267,
                -5.607953359
              ]
            ]
          ],
          [
            [
              [
                106.603210481,
                -5.605432107
              ],
              [
                106.602832146,
                -5.604993096
              ],
              [
                106.603686447,
                -5.604643762
              ],
              [
                106.603456755,
                -5.605321462
              ],
              [
                106.603210481,
                -5.605432107
              ]
            ]
          ],
          [
            [
              [
                106.545593466,
                -5.605171865
              ],
              [
                106.545319828,
                -5.605903549
              ],
              [
                106.545099728,
                -5.60554663
              ],
              [
                106.54447512,
                -5.605844063
              ],
              [
                106.544570298,
                -5.606218828
              ],
              [
                106.545034293,
                -5.60616529
              ],
              [
                106.544255019,
                -5.606403236
              ],
              [
                106.544082508,
                -5.606022522
              ],
              [
                106.543487643,
                -5.60625452
              ],
              [
                106.542831532,
                -5.605795179
              ],
              [
                106.544059334,
                -5.604415092
              ],
              [
                106.54641438,
                -5.603666856
              ],
              [
                106.546712378,
                -5.604508057
              ],
              [
                106.545593466,
                -5.605171865
              ]
            ]
          ],
          [
            [
              [
                106.549867057,
                -5.598846512
              ],
              [
                106.548767747,
                -5.598870307
              ],
              [
                106.548610702,
                -5.598403932
              ],
              [
                106.549743326,
                -5.59823737
              ],
              [
                106.549867057,
                -5.598846512
              ]
            ]
          ],
          [
            [
              [
                106.552610576,
                -5.598660914
              ],
              [
                106.552325041,
                -5.598332548
              ],
              [
                106.552699806,
                -5.597861415
              ],
              [
                106.552888973,
                -5.598332548
              ],
              [
                106.552610576,
                -5.598660914
              ]
            ]
          ],
          [
            [
              [
                106.562221219,
                -5.593654528
              ],
              [
                106.559800719,
                -5.59532408
              ],
              [
                106.557135722,
                -5.596061713
              ],
              [
                106.556635434,
                -5.595540251
              ],
              [
                106.558461671,
                -5.594404058
              ],
              [
                106.559350194,
                -5.593310636
              ],
              [
                106.560513956,
                -5.59254213
              ],
              [
                106.561911889,
                -5.593154841
              ],
              [
                106.562221219,
                -5.593654528
              ]
            ]
          ],
          [
            [
              [
                106.568582358,
                -5.593944469
              ],
              [
                106.567925626,
                -5.593925433
              ],
              [
                106.567356526,
                -5.593431096
              ],
              [
                106.566859628,
                -5.592754738
              ],
              [
                106.566888181,
                -5.592250293
              ],
              [
                106.568353929,
                -5.591431758
              ],
              [
                106.56967691,
                -5.591488865
              ],
              [
                106.570176597,
                -5.591959999
              ],
              [
                106.5700318,
                -5.592515956
              ],
              [
                106.568582358,
                -5.593944469
              ]
            ]
          ],
          [
            [
              [
                106.543595537,
                -5.591169503
              ],
              [
                106.544188248,
                -5.592301388
              ],
              [
                106.542833941,
                -5.592730998
              ],
              [
                106.541619882,
                -5.592345201
              ],
              [
                106.542317391,
                -5.591309454
              ],
              [
                106.543595537,
                -5.591169503
              ]
            ]
          ],
          [
            [
              [
                106.558436901,
                -5.590073071
              ],
              [
                106.55866533,
                -5.590619158
              ],
              [
                106.558286995,
                -5.590983215
              ],
              [
                106.557301899,
                -5.590487098
              ],
              [
                106.55773734,
                -5.590044518
              ],
              [
                106.558436901,
                -5.590073071
              ]
            ]
          ],
          [
            [
              [
                106.555675299,
                -5.589483917
              ],
              [
                106.55531838,
                -5.58991222
              ],
              [
                106.552971299,
                -5.590620283
              ],
              [
                106.551515277,
                -5.590915098
              ],
              [
                106.551010366,
                -5.590665319
              ],
              [
                106.550899721,
                -5.589851544
              ],
              [
                106.551153133,
                -5.589726622
              ],
              [
                106.551413684,
                -5.589919358
              ],
              [
                106.55461168,
                -5.588930692
              ],
              [
                106.555355745,
                -5.589079697
              ],
              [
                106.555675299,
                -5.589483917
              ]
            ]
          ],
          [
            [
              [
                106.544923012,
                -5.586514886
              ],
              [
                106.547896841,
                -5.586818802
              ],
              [
                106.548221043,
                -5.587598075
              ],
              [
                106.54732577,
                -5.58848145
              ],
              [
                106.545832529,
                -5.588536529
              ],
              [
                106.544569035,
                -5.587708477
              ],
              [
                106.544199753,
                -5.58698239
              ],
              [
                106.544923012,
                -5.586514886
              ]
            ]
          ],
          [
            [
              [
                106.592294037,
                -5.584201556
              ],
              [
                106.592483204,
                -5.58493681
              ],
              [
                106.592263392,
                -5.58627073
              ],
              [
                106.591399009,
                -5.587278012
              ],
              [
                106.589918161,
                -5.58782699
              ],
              [
                106.588514263,
                -5.587681518
              ],
              [
                106.588724845,
                -5.58736386
              ],
              [
                106.588360788,
                -5.587474505
              ],
              [
                106.588359256,
                -5.587126861
              ],
              [
                106.587871809,
                -5.587271061
              ],
              [
                106.588357219,
                -5.587042633
              ],
              [
                106.588293813,
                -5.586659353
              ],
              [
                106.589858308,
                -5.584850962
              ],
              [
                106.591180449,
                -5.584233679
              ],
              [
                106.592294037,
                -5.584201556
              ]
            ]
          ],
          [
            [
              [
                106.552257162,
                -5.584106477
              ],
              [
                106.551571877,
                -5.584716809
              ],
              [
                106.551232804,
                -5.584434843
              ],
              [
                106.551968057,
                -5.583885188
              ],
              [
                106.552257162,
                -5.584106477
              ]
            ]
          ],
          [
            [
              [
                106.570175456,
                -5.582097579
              ],
              [
                106.570663122,
                -5.582323344
              ],
              [
                106.569268882,
                -5.583189751
              ],
              [
                106.568148156,
                -5.583411041
              ],
              [
                106.567238248,
                -5.582953034
              ],
              [
                106.568351836,
                -5.582356979
              ],
              [
                106.570175456,
                -5.582097579
              ]
            ]
          ],
          [
            [
              [
                106.595255967,
                -5.579006659
              ],
              [
                106.596505184,
                -5.580089314
              ],
              [
                106.596069052,
                -5.581075539
              ],
              [
                106.593292238,
                -5.581085841
              ],
              [
                106.592660474,
                -5.580747174
              ],
              [
                106.592724719,
                -5.579765646
              ],
              [
                106.594188088,
                -5.579080361
              ],
              [
                106.595255967,
                -5.579006659
              ]
            ]
          ],
          [
            [
              [
                106.548972639,
                -5.5837242
              ],
              [
                106.547659176,
                -5.583324451
              ],
              [
                106.547092627,
                -5.581824914
              ],
              [
                106.547206841,
                -5.580440068
              ],
              [
                106.548591687,
                -5.578498428
              ],
              [
                106.550923559,
                -5.577306794
              ],
              [
                106.551199576,
                -5.578201471
              ],
              [
                106.551028255,
                -5.579010488
              ],
              [
                106.550314417,
                -5.579648183
              ],
              [
                106.55002912,
                -5.58248688
              ],
              [
                106.548972639,
                -5.5837242
              ]
            ]
          ],
          [
            [
              [
                106.580836997,
                -5.577103974
              ],
              [
                106.580094997,
                -5.577112074
              ],
              [
                106.579785667,
                -5.576088906
              ],
              [
                106.580404327,
                -5.574506565
              ],
              [
                106.580941043,
                -5.574244481
              ],
              [
                106.582129437,
                -5.575113327
              ],
              [
                106.582336057,
                -5.57584048
              ],
              [
                106.580836997,
                -5.577103974
              ]
            ]
          ],
          [
            [
              [
                106.559463895,
                -5.572580963
              ],
              [
                106.558564459,
                -5.572809392
              ],
              [
                106.556788381,
                -5.572606195
              ],
              [
                106.555861108,
                -5.57235372
              ],
              [
                106.555546059,
                -5.571722992
              ],
              [
                106.556021951,
                -5.571161439
              ],
              [
                106.55792552,
                -5.571066261
              ],
              [
                106.559686321,
                -5.571675403
              ],
              [
                106.559811296,
                -5.572143142
              ],
              [
                106.559463895,
                -5.572580963
              ]
            ]
          ],
          [
            [
              [
                106.541516598,
                -5.574312896
              ],
              [
                106.539454163,
                -5.574755143
              ],
              [
                106.539119291,
                -5.574455664
              ],
              [
                106.54013651,
                -5.573313523
              ],
              [
                106.540909835,
                -5.571386159
              ],
              [
                106.54168316,
                -5.570886472
              ],
              [
                106.542843147,
                -5.570761551
              ],
              [
                106.54336068,
                -5.571398057
              ],
              [
                106.543184773,
                -5.572672097
              ],
              [
                106.541516598,
                -5.574312896
              ]
            ]
          ],
          [
            [
              [
                106.585381767,
                -5.570960503
              ],
              [
                106.584468054,
                -5.571774279
              ],
              [
                106.583922866,
                -5.570861612
              ],
              [
                106.584287398,
                -5.56989757
              ],
              [
                106.585144509,
                -5.569258869
              ],
              [
                106.585446274,
                -5.569803635
              ],
              [
                106.585381767,
                -5.570960503
              ]
            ]
          ],
          [
            [
              [
                106.550736032,
                -5.570840388
              ],
              [
                106.549646198,
                -5.570920544
              ],
              [
                106.549427328,
                -5.570307388
              ],
              [
                106.550079301,
                -5.56928422
              ],
              [
                106.55083121,
                -5.569127176
              ],
              [
                106.551592638,
                -5.569631621
              ],
              [
                106.550736032,
                -5.570840388
              ]
            ]
          ],
          [
            [
              [
                106.525000892,
                -5.567447792
              ],
              [
                106.529121624,
                -5.56785623
              ],
              [
                106.529551611,
                -5.568600641
              ],
              [
                106.5284528,
                -5.57043347
              ],
              [
                106.527479986,
                -5.570723275
              ],
              [
                106.525378693,
                -5.56865376
              ],
              [
                106.525000892,
                -5.567447792
              ]
            ]
          ],
          [
            [
              [
                106.566452868,
                -5.566852411
              ],
              [
                106.565976975,
                -5.567337821
              ],
              [
                106.565363074,
                -5.567114152
              ],
              [
                106.565805654,
                -5.566100501
              ],
              [
                106.566371966,
                -5.566519286
              ],
              [
                106.566452868,
                -5.566852411
              ]
            ]
          ],
          [
            [
              [
                106.526221978,
                -5.556679615
              ],
              [
                106.527702056,
                -5.556666454
              ],
              [
                106.528025663,
                -5.557194694
              ],
              [
                106.527868618,
                -5.557575408
              ],
              [
                106.525529555,
                -5.55793597
              ],
              [
                106.526221978,
                -5.556679615
              ]
            ]
          ],
          [
            [
              [
                106.532616184,
                -5.554168837
              ],
              [
                106.532744081,
                -5.555081212
              ],
              [
                106.532065934,
                -5.556137097
              ],
              [
                106.531564939,
                -5.556382126
              ],
              [
                106.530566873,
                -5.556238225
              ],
              [
                106.530370568,
                -5.555250749
              ],
              [
                106.531179585,
                -5.554590448
              ],
              [
                106.532616184,
                -5.554168837
              ]
            ]
          ],
          [
            [
              [
                106.543194435,
                -5.551604145
              ],
              [
                106.545685705,
                -5.55195294
              ],
              [
                106.545290715,
                -5.553318751
              ],
              [
                106.544681573,
                -5.554051624
              ],
              [
                106.542649539,
                -5.555351399
              ],
              [
                106.541316248,
                -5.555469183
              ],
              [
                106.540556009,
                -5.554905251
              ],
              [
                106.540826846,
                -5.552738162
              ],
              [
                106.543194435,
                -5.551604145
              ]
            ]
          ],
          [
            [
              [
                106.529874272,
                -5.549321231
              ],
              [
                106.530007522,
                -5.550089797
              ],
              [
                106.529286545,
                -5.55055855
              ],
              [
                106.527241042,
                -5.550697183
              ],
              [
                106.526415725,
                -5.550154835
              ],
              [
                106.527285419,
                -5.549359302
              ],
              [
                106.529217541,
                -5.549073767
              ],
              [
                106.529874272,
                -5.549321231
              ]
            ]
          ],
          [
            [
              [
                106.520173283,
                -5.551093756
              ],
              [
                106.519484911,
                -5.55144609
              ],
              [
                106.518188812,
                -5.551060444
              ],
              [
                106.518057234,
                -5.550713216
              ],
              [
                106.518723483,
                -5.549637699
              ],
              [
                106.520653934,
                -5.548771402
              ],
              [
                106.520993489,
                -5.549561556
              ],
              [
                106.520173283,
                -5.551093756
              ]
            ]
          ],
          [
            [
              [
                106.578555688,
                -5.540155576
              ],
              [
                106.578541411,
                -5.539603542
              ],
              [
                106.579150554,
                -5.539627335
              ],
              [
                106.578760323,
                -5.539822451
              ],
              [
                106.578555688,
                -5.540155576
              ]
            ]
          ],
          [
            [
              [
                106.533986689,
                -5.537200599
              ],
              [
                106.530790027,
                -5.537987382
              ],
              [
                106.529786913,
                -5.537658556
              ],
              [
                106.534567422,
                -5.534989261
              ],
              [
                106.53625089,
                -5.534578804
              ],
              [
                106.536361391,
                -5.535373173
              ],
              [
                106.535890257,
                -5.536029904
              ],
              [
                106.533986689,
                -5.537200599
              ]
            ]
          ],
          [
            [
              [
                106.544032726,
                -5.528192869
              ],
              [
                106.54437675,
                -5.5288887
              ],
              [
                106.544051953,
                -5.52955257
              ],
              [
                106.540239912,
                -5.531788118
              ],
              [
                106.539559386,
                -5.531968957
              ],
              [
                106.539299872,
                -5.531716095
              ],
              [
                106.539674089,
                -5.530369691
              ],
              [
                106.540525592,
                -5.529202789
              ],
              [
                106.541253563,
                -5.528766203
              ],
              [
                106.540991822,
                -5.52842356
              ],
              [
                106.541351143,
                -5.528652839
              ],
              [
                106.543361562,
                -5.528026554
              ],
              [
                106.544032726,
                -5.528192869
              ]
            ]
          ],
          [
            [
              [
                106.525822231,
                -5.523192704
              ],
              [
                106.524318411,
                -5.522754883
              ],
              [
                106.524070948,
                -5.522183813
              ],
              [
                106.524599257,
                -5.521503715
              ],
              [
                106.525641392,
                -5.520994082
              ],
              [
                106.526164873,
                -5.521117814
              ],
              [
                106.526627934,
                -5.521941736
              ],
              [
                106.526526551,
                -5.522602598
              ],
              [
                106.525822231,
                -5.523192704
              ]
            ]
          ],
          [
            [
              [
                106.520666415,
                -5.516905205
              ],
              [
                106.520416571,
                -5.516667259
              ],
              [
                106.52090436,
                -5.51613188
              ],
              [
                106.520666415,
                -5.516905205
              ]
            ]
          ],
          [
            [
              [
                106.528144585,
                -5.514525517
              ],
              [
                106.527145211,
                -5.514511241
              ],
              [
                106.526103007,
                -5.513875924
              ],
              [
                106.525796057,
                -5.513533282
              ],
              [
                106.526024485,
                -5.512886069
              ],
              [
                106.526976269,
                -5.51248156
              ],
              [
                106.528142205,
                -5.512517252
              ],
              [
                106.529116854,
                -5.513604556
              ],
              [
                106.52895836,
                -5.514104353
              ],
              [
                106.528144585,
                -5.514525517
              ]
            ]
          ],
          [
            [
              [
                106.5347,
                -5.514539794
              ],
              [
                106.532427615,
                -5.515777114
              ],
              [
                106.532370101,
                -5.515291141
              ],
              [
                106.533208192,
                -5.514013192
              ],
              [
                106.533272323,
                -5.512576739
              ],
              [
                106.536102374,
                -5.511265808
              ],
              [
                106.537594077,
                -5.51107883
              ],
              [
                106.538405446,
                -5.511368252
              ],
              [
                106.538560826,
                -5.512222046
              ],
              [
                106.538126424,
                -5.51296935
              ],
              [
                106.536710644,
                -5.513921134
              ],
              [
                106.5347,
                -5.514539794
              ]
            ]
          ],
          [
            [
              [
                106.534311045,
                -5.503592231
              ],
              [
                106.532552836,
                -5.503480493
              ],
              [
                106.531769011,
                -5.502978572
              ],
              [
                106.531800475,
                -5.501699906
              ],
              [
                106.533006657,
                -5.501399679
              ],
              [
                106.534510477,
                -5.501999304
              ],
              [
                106.535043476,
                -5.502893981
              ],
              [
                106.534311045,
                -5.503592231
              ]
            ]
          ],
          [
            [
              [
                106.550736888,
                -5.499488661
              ],
              [
                106.550906287,
                -5.5002641
              ],
              [
                106.552390647,
                -5.500418096
              ],
              [
                106.552861362,
                -5.500770216
              ],
              [
                106.553593347,
                -5.500048073
              ],
              [
                106.554497118,
                -5.500053821
              ],
              [
                106.554903496,
                -5.500454297
              ],
              [
                106.556776495,
                -5.500385548
              ],
              [
                106.557246957,
                -5.501153162
              ],
              [
                106.556509957,
                -5.502072381
              ],
              [
                106.555974823,
                -5.502054404
              ],
              [
                106.554079313,
                -5.503075616
              ],
              [
                106.552856121,
                -5.502174432
              ],
              [
                106.54950584,
                -5.502539917
              ],
              [
                106.548089585,
                -5.502981545
              ],
              [
                106.54439085,
                -5.504963634
              ],
              [
                106.54295771,
                -5.505177769
              ],
              [
                106.542668221,
                -5.504946028
              ],
              [
                106.542725454,
                -5.504480943
              ],
              [
                106.544159345,
                -5.502708539
              ],
              [
                106.54654968,
                -5.500399333
              ],
              [
                106.546745371,
                -5.499569915
              ],
              [
                106.547390874,
                -5.499953219
              ],
              [
                106.547846217,
                -5.499473986
              ],
              [
                106.549431461,
                -5.499277711
              ],
              [
                106.550736888,
                -5.499488661
              ]
            ]
          ],
          [
            [
              [
                106.578557992,
                -5.491600919
              ],
              [
                106.580255331,
                -5.491838324
              ],
              [
                106.580123035,
                -5.492771043
              ],
              [
                106.577997246,
                -5.49451996
              ],
              [
                106.576319334,
                -5.495094868
              ],
              [
                106.576062528,
                -5.494059518
              ],
              [
                106.576457295,
                -5.492627567
              ],
              [
                106.576850491,
                -5.49209775
              ],
              [
                106.578557992,
                -5.491600919
              ]
            ]
          ],
          [
            [
              [
                106.393725,
                -5.479859
              ],
              [
                106.393789356,
                -5.480310867
              ],
              [
                106.393403884,
                -5.479877805
              ],
              [
                106.393137384,
                -5.480106234
              ],
              [
                106.393389,
                -5.480495
              ],
              [
                106.39205235,
                -5.481003766
              ],
              [
                106.39051617,
                -5.479638907
              ],
              [
                106.390590409,
                -5.478713773
              ],
              [
                106.391674026,
                -5.477581157
              ],
              [
                106.394845026,
                -5.477470816
              ],
              [
                106.395330295,
                -5.478022778
              ],
              [
                106.395245919,
                -5.478404381
              ],
              [
                106.393725,
                -5.479859
              ]
            ]
          ],
          [
            [
              [
                106.523973535,
                -5.479612511
              ],
              [
                106.522557756,
                -5.479487589
              ],
              [
                106.522343604,
                -5.478845135
              ],
              [
                106.523634462,
                -5.477732737
              ],
              [
                106.527444779,
                -5.476055193
              ],
              [
                106.525050241,
                -5.479148516
              ],
              [
                106.523973535,
                -5.479612511
              ]
            ]
          ],
          [
            [
              [
                106.438690083,
                -5.465317899
              ],
              [
                106.438204673,
                -5.465260792
              ],
              [
                106.438190396,
                -5.464504123
              ],
              [
                106.438533039,
                -5.464447016
              ],
              [
                106.438975619,
                -5.46496098
              ],
              [
                106.438690083,
                -5.465317899
              ]
            ]
          ],
          [
            [
              [
                106.54580073,
                -5.463786073
              ],
              [
                106.544644882,
                -5.463524487
              ],
              [
                106.545461382,
                -5.462561776
              ],
              [
                106.546166054,
                -5.463076684
              ],
              [
                106.54580073,
                -5.463786073
              ]
            ]
          ],
          [
            [
              [
                106.556256977,
                -5.460784853
              ],
              [
                106.558331552,
                -5.461503543
              ],
              [
                106.557770209,
                -5.462123472
              ],
              [
                106.557271496,
                -5.464084482
              ],
              [
                106.555140905,
                -5.465585588
              ],
              [
                106.553459232,
                -5.465228881
              ],
              [
                106.552877753,
                -5.464358901
              ],
              [
                106.553466201,
                -5.461580364
              ],
              [
                106.554128133,
                -5.461180796
              ],
              [
                106.554612396,
                -5.461478122
              ],
              [
                106.555026652,
                -5.461058675
              ],
              [
                106.556079343,
                -5.461207196
              ],
              [
                106.556256977,
                -5.460784853
              ]
            ]
          ],
          [
            [
              [
                106.571697951,
                -5.455746512
              ],
              [
                106.572951171,
                -5.456795859
              ],
              [
                106.572018422,
                -5.456786341
              ],
              [
                106.572148774,
                -5.457628672
              ],
              [
                106.57120894,
                -5.457757689
              ],
              [
                106.56783057,
                -5.459870123
              ],
              [
                106.566553016,
                -5.46003114
              ],
              [
                106.566179992,
                -5.458805849
              ],
              [
                106.566529232,
                -5.457119712
              ],
              [
                106.570421687,
                -5.455372884
              ],
              [
                106.571697951,
                -5.455746512
              ]
            ]
          ],
          [
            [
              [
                106.564487428,
                -5.452872128
              ],
              [
                106.564287553,
                -5.452586593
              ],
              [
                106.564801517,
                -5.452358165
              ],
              [
                106.564763445,
                -5.4526437
              ],
              [
                106.564487428,
                -5.452872128
              ]
            ]
          ],
          [
            [
              [
                106.494093453,
                -5.420860049
              ],
              [
                106.491621386,
                -5.423032713
              ],
              [
                106.490381494,
                -5.422159235
              ],
              [
                106.490067575,
                -5.420855435
              ],
              [
                106.490231995,
                -5.419783142
              ],
              [
                106.491277034,
                -5.41860233
              ],
              [
                106.49380778,
                -5.418688603
              ],
              [
                106.494578863,
                -5.419161114
              ],
              [
                106.494093453,
                -5.420860049
              ]
            ]
          ],
          [
            [
              [
                106.471103101,
                -5.415629994
              ],
              [
                106.470258392,
                -5.414999437
              ],
              [
                106.470341674,
                -5.413250533
              ],
              [
                106.471388636,
                -5.412322543
              ],
              [
                106.472554572,
                -5.412227365
              ],
              [
                106.473292205,
                -5.412929306
              ],
              [
                106.471103101,
                -5.415629994
              ]
            ]
          ],
          [
            [
              [
                106.463116122,
                -5.202448422
              ],
              [
                106.463155643,
                -5.2031003
              ],
              [
                106.462672147,
                -5.20302246
              ],
              [
                106.461615809,
                -5.204986305
              ],
              [
                106.461689954,
                -5.205587432
              ],
              [
                106.460913868,
                -5.207300331
              ],
              [
                106.460878176,
                -5.208323499
              ],
              [
                106.460836536,
                -5.206848233
              ],
              [
                106.461098277,
                -5.206360444
              ],
              [
                106.460366592,
                -5.206431828
              ],
              [
                106.460628333,
                -5.20703859
              ],
              [
                106.460360644,
                -5.208377037
              ],
              [
                106.460473668,
                -5.207359817
              ],
              [
                106.459349373,
                -5.205878603
              ],
              [
                106.459521884,
                -5.203790626
              ],
              [
                106.461318212,
                -5.202742054
              ],
              [
                106.461826952,
                -5.202898799
              ],
              [
                106.46241307,
                -5.202455967
              ],
              [
                106.463116122,
                -5.202448422
              ]
            ]
          ]
        ]
      }
    },
    {
      "type": "Feature",
      "id": "dbcc0526-4cd7-5114-8ae2-f115069eaa1c",
      "properties": {
        "id": "dbcc0526-4cd7-5114-8ae2-f115069eaa1c",
        "code": "31.01.02.1001",
        "name": "Pulau Untung Jawa",
        "districtId": "a9e5b048-64f8-5940-ad74-bc431f081f00",
        "districtName": "Kepulauan Seribu Selatan",
        "cityId": "a8b1b642-c3f5-50d2-9d2d-41a5b186eaa7",
        "cityName": "Kabupaten Administrasi Kepulauan Seribu",
        "cityShortName": "KEPULAUAN SERIBU"
      },
      "geometry": {
        "type": "MultiPolygon",
        "coordinates": [
          [
            [
              [
                106.735621226,
                -6.038321705
              ],
              [
                106.736464672,
                -6.039344905
              ],
              [
                106.736205225,
                -6.039949929
              ],
              [
                106.735420687,
                -6.040184091
              ],
              [
                106.735350969,
                -6.039027197
              ],
              [
                106.735621226,
                -6.038321705
              ]
            ]
          ],
          [
            [
              [
                106.746580122,
                -6.034403671
              ],
              [
                106.74760568,
                -6.0341724
              ],
              [
                106.747983353,
                -6.035278382
              ],
              [
                106.747898562,
                -6.036853445
              ],
              [
                106.74663239,
                -6.03731213
              ],
              [
                106.746261313,
                -6.037170653
              ],
              [
                106.745565911,
                -6.035723597
              ],
              [
                106.745843321,
                -6.03439106
              ],
              [
                106.746251277,
                -6.034154796
              ],
              [
                106.746580122,
                -6.034403671
              ]
            ]
          ],
          [
            [
              [
                106.734420528,
                -6.03205263
              ],
              [
                106.735780384,
                -6.032250445
              ],
              [
                106.736641505,
                -6.033060086
              ],
              [
                106.73602357,
                -6.034673652
              ],
              [
                106.73526237,
                -6.034900664
              ],
              [
                106.735229424,
                -6.034441922
              ],
              [
                106.734949748,
                -6.034421282
              ],
              [
                106.734924,
                -6.034817
              ],
              [
                106.734591117,
                -6.034739895
              ],
              [
                106.733628881,
                -6.034198525
              ],
              [
                106.733362074,
                -6.033580506
              ],
              [
                106.733549026,
                -6.032544374
              ],
              [
                106.734420528,
                -6.03205263
              ]
            ]
          ],
          [
            [
              [
                106.745369162,
                -6.026508405
              ],
              [
                106.744839084,
                -6.026544236
              ],
              [
                106.745248784,
                -6.025577974
              ],
              [
                106.744932159,
                -6.025222943
              ],
              [
                106.745120727,
                -6.02498357
              ],
              [
                106.745499502,
                -6.025320292
              ],
              [
                106.745369162,
                -6.026508405
              ]
            ]
          ],
          [
            [
              [
                106.8318891,
                -6.006738664
              ],
              [
                106.83159539,
                -6.006481286
              ],
              [
                106.831858977,
                -6.006145397
              ],
              [
                106.832037474,
                -6.006415101
              ],
              [
                106.8318891,
                -6.006738664
              ]
            ]
          ],
          [
            [
              [
                106.782220568,
                -6.00300068
              ],
              [
                106.782750113,
                -6.004167965
              ],
              [
                106.781557408,
                -6.005684872
              ],
              [
                106.780510885,
                -6.004785576
              ],
              [
                106.77952193,
                -6.003039813
              ],
              [
                106.781210152,
                -6.002876821
              ],
              [
                106.782220568,
                -6.00300068
              ]
            ]
          ],
          [
            [
              [
                106.847789424,
                -5.984566385
              ],
              [
                106.846842134,
                -5.985400616
              ],
              [
                106.846808992,
                -5.984170662
              ],
              [
                106.847630189,
                -5.984004949
              ],
              [
                106.847789424,
                -5.984566385
              ]
            ]
          ],
          [
            [
              [
                106.704324332,
                -5.974989877
              ],
              [
                106.707618696,
                -5.97533252
              ],
              [
                106.708154075,
                -5.975118368
              ],
              [
                106.710277513,
                -5.976119161
              ],
              [
                106.711380517,
                -5.978404103
              ],
              [
                106.710980768,
                -5.979346369
              ],
              [
                106.711318651,
                -5.97841838
              ],
              [
                106.710721782,
                -5.978107141
              ],
              [
                106.710276447,
                -5.97898945
              ],
              [
                106.710595295,
                -5.979236914
              ],
              [
                106.708367906,
                -5.98031444
              ],
              [
                106.707560738,
                -5.979655945
              ],
              [
                106.705912226,
                -5.979417063
              ],
              [
                106.702476911,
                -5.976822075
              ],
              [
                106.70252546,
                -5.97625694
              ],
              [
                106.703225933,
                -5.975325836
              ],
              [
                106.704324332,
                -5.974989877
              ]
            ]
          ],
          [
            [
              [
                106.690029918,
                -5.970537033
              ],
              [
                106.691957282,
                -5.971329394
              ],
              [
                106.692549768,
                -5.97125801
              ],
              [
                106.693417081,
                -5.971846927
              ],
              [
                106.694184981,
                -5.971340869
              ],
              [
                106.69412735,
                -5.971632775
              ],
              [
                106.695112447,
                -5.972175292
              ],
              [
                106.695515766,
                -5.973231773
              ],
              [
                106.694862604,
                -5.974152624
              ],
              [
                106.695312322,
                -5.977143607
              ],
              [
                106.694916142,
                -5.978421378
              ],
              [
                106.693716893,
                -5.977736093
              ],
              [
                106.691685705,
                -5.977553435
              ],
              [
                106.689872874,
                -5.975309043
              ],
              [
                106.689244696,
                -5.975059199
              ],
              [
                106.689120072,
                -5.971783575
              ],
              [
                106.690029918,
                -5.970537033
              ]
            ]
          ],
          [
            [
              [
                106.847204578,
                -5.957334659
              ],
              [
                106.846469393,
                -5.957803234
              ],
              [
                106.846362437,
                -5.959257067
              ],
              [
                106.845794218,
                -5.960521215
              ],
              [
                106.845117006,
                -5.960218959
              ],
              [
                106.843376438,
                -5.958444906
              ],
              [
                106.8423199,
                -5.958068518
              ],
              [
                106.841287851,
                -5.956528129
              ],
              [
                106.842392588,
                -5.9550653
              ],
              [
                106.843785306,
                -5.954623056
              ],
              [
                106.845462162,
                -5.955259876
              ],
              [
                106.847125417,
                -5.956490546
              ],
              [
                106.847204578,
                -5.957334659
              ]
            ]
          ]
        ]
      }
    },
    {
      "type": "Feature",
      "id": "31230457-9a64-59a5-b5da-55370faff492",
      "properties": {
        "id": "31230457-9a64-59a5-b5da-55370faff492",
        "code": "31.01.02.1002",
        "name": "Pulau Tidung",
        "districtId": "a9e5b048-64f8-5940-ad74-bc431f081f00",
        "districtName": "Kepulauan Seribu Selatan",
        "cityId": "a8b1b642-c3f5-50d2-9d2d-41a5b186eaa7",
        "cityName": "Kabupaten Administrasi Kepulauan Seribu",
        "cityShortName": "KEPULAUAN SERIBU"
      },
      "geometry": {
        "type": "MultiPolygon",
        "coordinates": [
          [
            [
              [
                106.548341119,
                -5.820068981
              ],
              [
                106.555690084,
                -5.820093966
              ],
              [
                106.557503234,
                -5.82073642
              ],
              [
                106.557976746,
                -5.820598412
              ],
              [
                106.557629345,
                -5.820938674
              ],
              [
                106.557873198,
                -5.822033962
              ],
              [
                106.557249591,
                -5.822892293
              ],
              [
                106.555916728,
                -5.823536451
              ],
              [
                106.555940523,
                -5.824449569
              ],
              [
                106.555048225,
                -5.824776745
              ],
              [
                106.555782883,
                -5.823598912
              ],
              [
                106.554679408,
                -5.823438298
              ],
              [
                106.554631819,
                -5.824717259
              ],
              [
                106.554036954,
                -5.824143214
              ],
              [
                106.554465257,
                -5.823905267
              ],
              [
                106.554411719,
                -5.823185481
              ],
              [
                106.548341119,
                -5.820068981
              ]
            ]
          ],
          [
            [
              [
                106.550211915,
                -5.814113513
              ],
              [
                106.550016274,
                -5.814379534
              ],
              [
                106.548910989,
                -5.814205905
              ],
              [
                106.549480732,
                -5.814118272
              ],
              [
                106.550211915,
                -5.814113513
              ]
            ]
          ],
          [
            [
              [
                106.536011584,
                -5.803433838
              ],
              [
                106.535946078,
                -5.804496107
              ],
              [
                106.53585473,
                -5.804494506
              ],
              [
                106.53576374,
                -5.803605921
              ],
              [
                106.536011584,
                -5.803433838
              ]
            ]
          ],
          [
            [
              [
                106.517748865,
                -5.802378515
              ],
              [
                106.523478607,
                -5.802502247
              ],
              [
                106.526928825,
                -5.803139942
              ],
              [
                106.530088749,
                -5.804139316
              ],
              [
                106.526024667,
                -5.80437651
              ],
              [
                106.521939928,
                -5.8040258
              ],
              [
                106.522368231,
                -5.804299914
              ],
              [
                106.522265438,
                -5.805330697
              ],
              [
                106.521908519,
                -5.805716169
              ],
              [
                106.522251161,
                -5.804414128
              ],
              [
                106.521488782,
                -5.804325612
              ],
              [
                106.521600141,
                -5.805633364
              ],
              [
                106.521254643,
                -5.805202206
              ],
              [
                106.521388845,
                -5.804182845
              ],
              [
                106.521888532,
                -5.804022945
              ],
              [
                106.517156203,
                -5.803287376
              ],
              [
                106.51614177,
                -5.802496995
              ],
              [
                106.51675425,
                -5.80275447
              ],
              [
                106.517748865,
                -5.802378515
              ]
            ]
          ],
          [
            [
              [
                106.498977796,
                -5.799722712
              ],
              [
                106.50050541,
                -5.800733983
              ],
              [
                106.498718435,
                -5.80004394
              ],
              [
                106.498977796,
                -5.799722712
              ]
            ]
          ],
          [
            [
              [
                106.480651289,
                -5.79316202
              ],
              [
                106.483579281,
                -5.79361333
              ],
              [
                106.491994281,
                -5.79624533
              ],
              [
                106.496168281,
                -5.79536633
              ],
              [
                106.498445035,
                -5.796556672
              ],
              [
                106.498919023,
                -5.795827605
              ],
              [
                106.499471058,
                -5.79578192
              ],
              [
                106.499908879,
                -5.796162633
              ],
              [
                106.500392386,
                -5.795778112
              ],
              [
                106.499813701,
                -5.796337762
              ],
              [
                106.499235016,
                -5.795896134
              ],
              [
                106.498679174,
                -5.796505276
              ],
              [
                106.49940253,
                -5.797015432
              ],
              [
                106.500540864,
                -5.796174055
              ],
              [
                106.499585273,
                -5.797004011
              ],
              [
                106.500323857,
                -5.797715946
              ],
              [
                106.500681728,
                -5.797380917
              ],
              [
                106.500617007,
                -5.796688018
              ],
              [
                106.501195692,
                -5.796071262
              ],
              [
                106.500841628,
                -5.797757824
              ],
              [
                106.500464721,
                -5.797940567
              ],
              [
                106.500676337,
                -5.798354905
              ],
              [
                106.503695774,
                -5.800135427
              ],
              [
                106.506811281,
                -5.80150933
              ],
              [
                106.510854281,
                -5.80211533
              ],
              [
                106.511464714,
                -5.80250418
              ],
              [
                106.511598702,
                -5.803026759
              ],
              [
                106.509598073,
                -5.802788647
              ],
              [
                106.505801597,
                -5.801649954
              ],
              [
                106.502569099,
                -5.80029148
              ],
              [
                106.501727365,
                -5.80022307
              ],
              [
                106.501385317,
                -5.800868499
              ],
              [
                106.501096808,
                -5.799940509
              ],
              [
                106.49883632,
                -5.799149338
              ],
              [
                106.497595329,
                -5.799143337
              ],
              [
                106.497457321,
                -5.79970251
              ],
              [
                106.498437658,
                -5.799857175
              ],
              [
                106.497940351,
                -5.799957112
              ],
              [
                106.497347865,
                -5.799709648
              ],
              [
                106.497485976,
                -5.799000622
              ],
              [
                106.496867316,
                -5.7986556
              ],
              [
                106.493958425,
                -5.798042889
              ],
              [
                106.492857924,
                -5.797421255
              ],
              [
                106.489526678,
                -5.796445676
              ],
              [
                106.483988483,
                -5.795856759
              ],
              [
                106.47844218,
                -5.793376069
              ],
              [
                106.480651289,
                -5.79316202
              ]
            ]
          ]
        ]
      }
    },
    {
      "type": "Feature",
      "id": "84901f33-56bf-52e1-a820-5f1afd5d0bde",
      "properties": {
        "id": "84901f33-56bf-52e1-a820-5f1afd5d0bde",
        "code": "31.01.02.1003",
        "name": "Pulau Pari",
        "districtId": "a9e5b048-64f8-5940-ad74-bc431f081f00",
        "districtName": "Kepulauan Seribu Selatan",
        "cityId": "a8b1b642-c3f5-50d2-9d2d-41a5b186eaa7",
        "cityName": "Kabupaten Administrasi Kepulauan Seribu",
        "cityShortName": "KEPULAUAN SERIBU"
      },
      "geometry": {
        "type": "MultiPolygon",
        "coordinates": [
          [
            [
              [
                106.522092411,
                -5.959634474
              ],
              [
                106.519739664,
                -5.960208315
              ],
              [
                106.519449341,
                -5.959818813
              ],
              [
                106.519736745,
                -5.957790392
              ],
              [
                106.519379826,
                -5.956933786
              ],
              [
                106.519974691,
                -5.956279434
              ],
              [
                106.519808129,
                -5.955125395
              ],
              [
                106.52079054,
                -5.954212744
              ],
              [
                106.522645142,
                -5.954904568
              ],
              [
                106.522705123,
                -5.95598795
              ],
              [
                106.522360101,
                -5.956701788
              ],
              [
                106.522736085,
                -5.958730339
              ],
              [
                106.522092411,
                -5.959634474
              ]
            ]
          ],
          [
            [
              [
                106.631177089,
                -5.942364612
              ],
              [
                106.632726118,
                -5.942571625
              ],
              [
                106.633775461,
                -5.943306878
              ],
              [
                106.632991447,
                -5.945157016
              ],
              [
                106.632426306,
                -5.945633991
              ],
              [
                106.628992744,
                -5.94444902
              ],
              [
                106.627884903,
                -5.943564216
              ],
              [
                106.627947453,
                -5.94309424
              ],
              [
                106.628535136,
                -5.942771639
              ],
              [
                106.631177089,
                -5.942364612
              ]
            ]
          ],
          [
            [
              [
                106.594421798,
                -5.935404541
              ],
              [
                106.597606551,
                -5.937454208
              ],
              [
                106.59744619,
                -5.93807211
              ],
              [
                106.596242393,
                -5.93811811
              ],
              [
                106.597372084,
                -5.939405095
              ],
              [
                106.598311735,
                -5.938732214
              ],
              [
                106.597324445,
                -5.939903901
              ],
              [
                106.597019569,
                -5.939057005
              ],
              [
                106.596172226,
                -5.938309939
              ],
              [
                106.595313614,
                -5.938732214
              ],
              [
                106.596473058,
                -5.940019667
              ],
              [
                106.596788931,
                -5.939392934
              ],
              [
                106.596758848,
                -5.940300443
              ],
              [
                106.595037597,
                -5.940578676
              ],
              [
                106.594399901,
                -5.938913053
              ],
              [
                106.59365751,
                -5.939017749
              ],
              [
                106.593015006,
                -5.938543314
              ],
              [
                106.591636635,
                -5.93551429
              ],
              [
                106.590630835,
                -5.935886378
              ],
              [
                106.591539486,
                -5.935257154
              ],
              [
                106.591650065,
                -5.934841309
              ],
              [
                106.592254979,
                -5.934664887
              ],
              [
                106.594421798,
                -5.935404541
              ]
            ]
          ],
          [
            [
              [
                106.583919327,
                -5.925445366
              ],
              [
                106.586072621,
                -5.92721151
              ],
              [
                106.586214596,
                -5.928415121
              ],
              [
                106.586583412,
                -5.928156354
              ],
              [
                106.586839204,
                -5.928346711
              ],
              [
                106.586654796,
                -5.928840449
              ],
              [
                106.587226734,
                -5.92950198
              ],
              [
                106.588159761,
                -5.932152814
              ],
              [
                106.58892664,
                -5.932596483
              ],
              [
                106.589660015,
                -5.932507544
              ],
              [
                106.588826252,
                -5.933638264
              ],
              [
                106.587750197,
                -5.934034031
              ],
              [
                106.588192364,
                -5.934831801
              ],
              [
                106.587746928,
                -5.935048808
              ],
              [
                106.587604775,
                -5.933956401
              ],
              [
                106.586992923,
                -5.933706299
              ],
              [
                106.586751164,
                -5.931738811
              ],
              [
                106.58555846,
                -5.930019651
              ],
              [
                106.584743494,
                -5.92933853
              ],
              [
                106.583898785,
                -5.9292493
              ],
              [
                106.583491303,
                -5.929671655
              ],
              [
                106.583893392,
                -5.929170087
              ],
              [
                106.582807208,
                -5.928312388
              ],
              [
                106.582655517,
                -5.928913201
              ],
              [
                106.58315223,
                -5.929466426
              ],
              [
                106.582325367,
                -5.928710947
              ],
              [
                106.582850633,
                -5.927861182
              ],
              [
                106.581901228,
                -5.926126555
              ],
              [
                106.583919327,
                -5.925445366
              ]
            ]
          ],
          [
            [
              [
                106.599345183,
                -5.862533477
              ],
              [
                106.599074273,
                -5.865790929
              ],
              [
                106.598953588,
                -5.866184841
              ],
              [
                106.598317256,
                -5.866247816
              ],
              [
                106.598078752,
                -5.865271995
              ],
              [
                106.598321453,
                -5.864274078
              ],
              [
                106.597828231,
                -5.863675029
              ],
              [
                106.598560097,
                -5.863542333
              ],
              [
                106.599104857,
                -5.862502544
              ],
              [
                106.599345183,
                -5.862533477
              ]
            ]
          ],
          [
            [
              [
                106.581781171,
                -5.862211772
              ],
              [
                106.583871072,
                -5.862297673
              ],
              [
                106.584110681,
                -5.862549666
              ],
              [
                106.582436257,
                -5.862668868
              ],
              [
                106.581781171,
                -5.862211772
              ]
            ]
          ],
          [
            [
              [
                106.600245412,
                -5.855426979
              ],
              [
                106.601291185,
                -5.85612654
              ],
              [
                106.601906193,
                -5.857725642
              ],
              [
                106.601187679,
                -5.857814768
              ],
              [
                106.60066713,
                -5.856991389
              ],
              [
                106.599663634,
                -5.856572689
              ],
              [
                106.599784987,
                -5.855569747
              ],
              [
                106.600245412,
                -5.855426979
              ]
            ]
          ],
          [
            [
              [
                106.630875068,
                -5.85419739
              ],
              [
                106.631315168,
                -5.854534657
              ],
              [
                106.630507057,
                -5.854871584
              ],
              [
                106.627619248,
                -5.855072557
              ],
              [
                106.62384014,
                -5.856272488
              ],
              [
                106.621136533,
                -5.857945293
              ],
              [
                106.620690884,
                -5.857714766
              ],
              [
                106.619960019,
                -5.858613232
              ],
              [
                106.619954077,
                -5.859411211
              ],
              [
                106.619585673,
                -5.858613232
              ],
              [
                106.618450752,
                -5.859162951
              ],
              [
                106.61929127,
                -5.859452152
              ],
              [
                106.61990551,
                -5.860881843
              ],
              [
                106.619104372,
                -5.859600361
              ],
              [
                106.617969451,
                -5.85934619
              ],
              [
                106.61513512,
                -5.860865302
              ],
              [
                106.612681077,
                -5.862845461
              ],
              [
                106.611607718,
                -5.863034721
              ],
              [
                106.6100666,
                -5.864039464
              ],
              [
                106.609357646,
                -5.863893908
              ],
              [
                106.610084426,
                -5.863466107
              ],
              [
                106.610426359,
                -5.862730536
              ],
              [
                106.613266473,
                -5.860970656
              ],
              [
                106.614677587,
                -5.858435903
              ],
              [
                106.614928248,
                -5.856721672
              ],
              [
                106.616216563,
                -5.856875408
              ],
              [
                106.617954273,
                -5.856151487
              ],
              [
                106.621626384,
                -5.855324855
              ],
              [
                106.621885225,
                -5.854711987
              ],
              [
                106.62465268,
                -5.854869209
              ],
              [
                106.628150391,
                -5.854235004
              ],
              [
                106.630875068,
                -5.85419739
              ]
            ]
          ],
          [
            [
              [
                106.622614275,
                -5.854425944
              ],
              [
                106.622664188,
                -5.854078968
              ],
              [
                106.622824621,
                -5.853963703
              ],
              [
                106.622614275,
                -5.854425944
              ]
            ]
          ],
          [
            [
              [
                106.614634012,
                -5.855201122
              ],
              [
                106.613903147,
                -5.854459291
              ],
              [
                106.614170537,
                -5.853752926
              ],
              [
                106.61464929,
                -5.854208515
              ],
              [
                106.614634012,
                -5.855201122
              ]
            ]
          ],
          [
            [
              [
                106.605568109,
                -5.853547776
              ],
              [
                106.605292092,
                -5.855789228
              ],
              [
                106.606229599,
                -5.855732121
              ],
              [
                106.60622484,
                -5.856008138
              ],
              [
                106.605753707,
                -5.855951031
              ],
              [
                106.605725153,
                -5.856336504
              ],
              [
                106.608909824,
                -5.856191357
              ],
              [
                106.608601446,
                -5.858681225
              ],
              [
                106.605957389,
                -5.859349377
              ],
              [
                106.605746093,
                -5.858989603
              ],
              [
                106.605620457,
                -5.859543541
              ],
              [
                106.605089361,
                -5.859789102
              ],
              [
                106.601337427,
                -5.860868425
              ],
              [
                106.600943389,
                -5.859526409
              ],
              [
                106.601314585,
                -5.858749753
              ],
              [
                106.601748598,
                -5.858875389
              ],
              [
                106.601548723,
                -5.859469302
              ],
              [
                106.601777152,
                -5.860183141
              ],
              [
                106.603004954,
                -5.85985763
              ],
              [
                106.602285405,
                -5.85936651
              ],
              [
                106.602559519,
                -5.858407111
              ],
              [
                106.603438967,
                -5.857973097
              ],
              [
                106.603321263,
                -5.85753258
              ],
              [
                106.605510367,
                -5.856458967
              ],
              [
                106.605495139,
                -5.855941196
              ],
              [
                106.605144565,
                -5.855941513
              ],
              [
                106.604825717,
                -5.853766686
              ],
              [
                106.605568109,
                -5.853547776
              ]
            ]
          ],
          [
            [
              [
                106.621862019,
                -5.853345707
              ],
              [
                106.621503562,
                -5.852917764
              ],
              [
                106.621921881,
                -5.852553306
              ],
              [
                106.62213535,
                -5.852875781
              ],
              [
                106.621862019,
                -5.853345707
              ]
            ]
          ],
          [
            [
              [
                106.620810842,
                -5.852433716
              ],
              [
                106.620587939,
                -5.85329924
              ],
              [
                106.62009024,
                -5.853191378
              ],
              [
                106.619719952,
                -5.854067827
              ],
              [
                106.619836447,
                -5.854710164
              ],
              [
                106.619586775,
                -5.854718808
              ],
              [
                106.619371553,
                -5.854241895
              ],
              [
                106.619629966,
                -5.853468097
              ],
              [
                106.620810842,
                -5.852433716
              ]
            ]
          ]
        ]
      }
    },
    {
      "type": "Feature",
      "id": "48ee77f1-5d95-5b89-b077-426d441cd7e6",
      "properties": {
        "id": "48ee77f1-5d95-5b89-b077-426d441cd7e6",
        "code": "31.71.01.1001",
        "name": "Gambir",
        "districtId": "43a216e3-be0d-5982-983e-26d6f5cfbcb5",
        "districtName": "Gambir",
        "cityId": "242bc408-f86d-5711-98a5-a44a9cfef54a",
        "cityName": "Kota Administrasi Jakarta Pusat",
        "cityShortName": "JAKARTA PUSAT"
      },
      "geometry": {
        "type": "Polygon",
        "coordinates": [
          [
            [
              106.830490921,
              -6.168111708
            ],
            [
              106.829871616,
              -6.171083719
            ],
            [
              106.83183409,
              -6.172170332
            ],
            [
              106.833134091,
              -6.172468221
            ],
            [
              106.832456313,
              -6.174097709
            ],
            [
              106.832284188,
              -6.175626694
            ],
            [
              106.833205848,
              -6.175709238
            ],
            [
              106.834261979,
              -6.174679135
            ],
            [
              106.835070697,
              -6.176538312
            ],
            [
              106.834704922,
              -6.178128316
            ],
            [
              106.835282311,
              -6.178411853
            ],
            [
              106.836524936,
              -6.177819622
            ],
            [
              106.836940942,
              -6.177948825
            ],
            [
              106.836498061,
              -6.179158381
            ],
            [
              106.835070754,
              -6.180622782
            ],
            [
              106.835318211,
              -6.181053478
            ],
            [
              106.836573556,
              -6.181654715
            ],
            [
              106.834133912,
              -6.182585797
            ],
            [
              106.821870324,
              -6.183325611
            ],
            [
              106.816815835,
              -6.181881907
            ],
            [
              106.820627162,
              -6.175411317
            ],
            [
              106.821643887,
              -6.172866611
            ],
            [
              106.820950025,
              -6.167378767
            ],
            [
              106.825429153,
              -6.167192168
            ],
            [
              106.830490921,
              -6.168111708
            ]
          ]
        ]
      }
    },
    {
      "type": "Feature",
      "id": "b0dccffa-6b1f-5c0d-8842-0eef252223fd",
      "properties": {
        "id": "b0dccffa-6b1f-5c0d-8842-0eef252223fd",
        "code": "31.71.01.1002",
        "name": "Cideng",
        "districtId": "43a216e3-be0d-5982-983e-26d6f5cfbcb5",
        "districtName": "Gambir",
        "cityId": "242bc408-f86d-5711-98a5-a44a9cfef54a",
        "cityName": "Kota Administrasi Jakarta Pusat",
        "cityShortName": "JAKARTA PUSAT"
      },
      "geometry": {
        "type": "Polygon",
        "coordinates": [
          [
            [
              106.810993,
              -6.171021593
            ],
            [
              106.813350861,
              -6.181064852
            ],
            [
              106.814453957,
              -6.181805856
            ],
            [
              106.810360498,
              -6.185207778
            ],
            [
              106.80969833,
              -6.179376334
            ],
            [
              106.800401683,
              -6.166002838
            ],
            [
              106.810496165,
              -6.165659515
            ],
            [
              106.810993,
              -6.171021593
            ]
          ]
        ]
      }
    },
    {
      "type": "Feature",
      "id": "71e767d6-478f-5096-b159-5ec0f0ed733e",
      "properties": {
        "id": "71e767d6-478f-5096-b159-5ec0f0ed733e",
        "code": "31.71.01.1003",
        "name": "Petojo Utara",
        "districtId": "43a216e3-be0d-5982-983e-26d6f5cfbcb5",
        "districtName": "Gambir",
        "cityId": "242bc408-f86d-5711-98a5-a44a9cfef54a",
        "cityName": "Kota Administrasi Jakarta Pusat",
        "cityShortName": "JAKARTA PUSAT"
      },
      "geometry": {
        "type": "Polygon",
        "coordinates": [
          [
            [
              106.819067065,
              -6.159745365
            ],
            [
              106.820945217,
              -6.167385697
            ],
            [
              106.820533874,
              -6.167999289
            ],
            [
              106.818912823,
              -6.169549584
            ],
            [
              106.810993,
              -6.171021593
            ],
            [
              106.810496165,
              -6.165659515
            ],
            [
              106.810763142,
              -6.160818425
            ],
            [
              106.819067065,
              -6.159745365
            ]
          ]
        ]
      }
    },
    {
      "type": "Feature",
      "id": "abf87195-c5ae-5f2f-9ad5-3b2fbbded892",
      "properties": {
        "id": "abf87195-c5ae-5f2f-9ad5-3b2fbbded892",
        "code": "31.71.01.1004",
        "name": "Petojo Selatan",
        "districtId": "43a216e3-be0d-5982-983e-26d6f5cfbcb5",
        "districtName": "Gambir",
        "cityId": "242bc408-f86d-5711-98a5-a44a9cfef54a",
        "cityName": "Kota Administrasi Jakarta Pusat",
        "cityShortName": "JAKARTA PUSAT"
      },
      "geometry": {
        "type": "Polygon",
        "coordinates": [
          [
            [
              106.820950487,
              -6.167387521
            ],
            [
              106.821731753,
              -6.172443089
            ],
            [
              106.820627162,
              -6.175411317
            ],
            [
              106.816815835,
              -6.181881907
            ],
            [
              106.815655165,
              -6.181535473
            ],
            [
              106.814453957,
              -6.181805856
            ],
            [
              106.813882938,
              -6.181609195
            ],
            [
              106.813350861,
              -6.181064852
            ],
            [
              106.810993,
              -6.171021593
            ],
            [
              106.818912823,
              -6.169549584
            ],
            [
              106.820950487,
              -6.167387521
            ]
          ]
        ]
      }
    },
    {
      "type": "Feature",
      "id": "222eb1df-b6d3-5549-907c-472c930b5e66",
      "properties": {
        "id": "222eb1df-b6d3-5549-907c-472c930b5e66",
        "code": "31.71.01.1005",
        "name": "Kebon Kelapa",
        "districtId": "43a216e3-be0d-5982-983e-26d6f5cfbcb5",
        "districtName": "Gambir",
        "cityId": "242bc408-f86d-5711-98a5-a44a9cfef54a",
        "cityName": "Kota Administrasi Jakarta Pusat",
        "cityShortName": "JAKARTA PUSAT"
      },
      "geometry": {
        "type": "Polygon",
        "coordinates": [
          [
            [
              106.828335521,
              -6.162290665
            ],
            [
              106.830140841,
              -6.16512473
            ],
            [
              106.830490921,
              -6.168111708
            ],
            [
              106.825429153,
              -6.167192168
            ],
            [
              106.82114009,
              -6.167457731
            ],
            [
              106.820703822,
              -6.167014552
            ],
            [
              106.819067065,
              -6.159745365
            ],
            [
              106.820616917,
              -6.159534151
            ],
            [
              106.828335521,
              -6.162290665
            ]
          ]
        ]
      }
    },
    {
      "type": "Feature",
      "id": "5231e074-31be-5b53-a120-3a37b8115ab3",
      "properties": {
        "id": "5231e074-31be-5b53-a120-3a37b8115ab3",
        "code": "31.71.01.1006",
        "name": "Duri Pulo",
        "districtId": "43a216e3-be0d-5982-983e-26d6f5cfbcb5",
        "districtName": "Gambir",
        "cityId": "242bc408-f86d-5711-98a5-a44a9cfef54a",
        "cityName": "Kota Administrasi Jakarta Pusat",
        "cityShortName": "JAKARTA PUSAT"
      },
      "geometry": {
        "type": "Polygon",
        "coordinates": [
          [
            [
              106.801567461,
              -6.159037377
            ],
            [
              106.801640465,
              -6.160143045
            ],
            [
              106.801991125,
              -6.16013094
            ],
            [
              106.802790939,
              -6.161188129
            ],
            [
              106.803932507,
              -6.16174586
            ],
            [
              106.810763142,
              -6.160818425
            ],
            [
              106.810502213,
              -6.165659133
            ],
            [
              106.800365706,
              -6.16600042
            ],
            [
              106.798181569,
              -6.161401721
            ],
            [
              106.800423304,
              -6.160374964
            ],
            [
              106.801278312,
              -6.15903429
            ],
            [
              106.801567461,
              -6.159037377
            ]
          ]
        ]
      }
    },
    {
      "type": "Feature",
      "id": "82a52ce9-6ced-5860-8b90-7aa8b112c231",
      "properties": {
        "id": "82a52ce9-6ced-5860-8b90-7aa8b112c231",
        "code": "31.71.02.1001",
        "name": "Pasar Baru",
        "districtId": "578be7a7-2c1b-5108-8644-5f4ec64dc2cf",
        "districtName": "Sawah Besar",
        "cityId": "242bc408-f86d-5711-98a5-a44a9cfef54a",
        "cityName": "Kota Administrasi Jakarta Pusat",
        "cityShortName": "JAKARTA PUSAT"
      },
      "geometry": {
        "type": "Polygon",
        "coordinates": [
          [
            [
              106.837359446,
              -6.159116241
            ],
            [
              106.840621345,
              -6.172065858
            ],
            [
              106.836327761,
              -6.175730912
            ],
            [
              106.83431702,
              -6.172763682
            ],
            [
              106.832786606,
              -6.174613695
            ],
            [
              106.832581845,
              -6.175773848
            ],
            [
              106.832185563,
              -6.175199586
            ],
            [
              106.833134091,
              -6.172468221
            ],
            [
              106.83183409,
              -6.172170332
            ],
            [
              106.829871616,
              -6.171083719
            ],
            [
              106.830458764,
              -6.168767811
            ],
            [
              106.830390083,
              -6.166018431
            ],
            [
              106.82982705,
              -6.164432023
            ],
            [
              106.828017599,
              -6.161709066
            ],
            [
              106.827504012,
              -6.159825789
            ],
            [
              106.833395905,
              -6.15792948
            ],
            [
              106.833965717,
              -6.157982541
            ],
            [
              106.834645849,
              -6.157444692
            ],
            [
              106.836538075,
              -6.156902906
            ],
            [
              106.837117753,
              -6.159221435
            ],
            [
              106.837359446,
              -6.159116241
            ]
          ]
        ]
      }
    },
    {
      "type": "Feature",
      "id": "e799de37-55c4-5352-8dad-67313a75590b",
      "properties": {
        "id": "e799de37-55c4-5352-8dad-67313a75590b",
        "code": "31.71.02.1002",
        "name": "Karang Anyar",
        "districtId": "578be7a7-2c1b-5108-8644-5f4ec64dc2cf",
        "districtName": "Sawah Besar",
        "cityId": "242bc408-f86d-5711-98a5-a44a9cfef54a",
        "cityName": "Kota Administrasi Jakarta Pusat",
        "cityShortName": "JAKARTA PUSAT"
      },
      "geometry": {
        "type": "Polygon",
        "coordinates": [
          [
            [
              106.831662173,
              -6.158502822
            ],
            [
              106.827504012,
              -6.159825789
            ],
            [
              106.827320572,
              -6.152212763
            ],
            [
              106.826766257,
              -6.148505909
            ],
            [
              106.829898965,
              -6.147966033
            ],
            [
              106.830402491,
              -6.151333317
            ],
            [
              106.830775823,
              -6.151174567
            ],
            [
              106.831269515,
              -6.152998672
            ],
            [
              106.831662173,
              -6.158502822
            ]
          ]
        ]
      }
    },
    {
      "type": "Feature",
      "id": "5d62d7ec-5bf5-5ac4-8b28-b4ad5fa715b4",
      "properties": {
        "id": "5d62d7ec-5bf5-5ac4-8b28-b4ad5fa715b4",
        "code": "31.71.02.1003",
        "name": "Kartini",
        "districtId": "578be7a7-2c1b-5108-8644-5f4ec64dc2cf",
        "districtName": "Sawah Besar",
        "cityId": "242bc408-f86d-5711-98a5-a44a9cfef54a",
        "cityName": "Kota Administrasi Jakarta Pusat",
        "cityShortName": "JAKARTA PUSAT"
      },
      "geometry": {
        "type": "Polygon",
        "coordinates": [
          [
            [
              106.834514865,
              -6.149187786
            ],
            [
              106.836528611,
              -6.156919891
            ],
            [
              106.834645849,
              -6.157444692
            ],
            [
              106.833965717,
              -6.157982541
            ],
            [
              106.831662173,
              -6.158502822
            ],
            [
              106.831269515,
              -6.152998672
            ],
            [
              106.830775823,
              -6.151174567
            ],
            [
              106.830402491,
              -6.151333317
            ],
            [
              106.829898965,
              -6.147966033
            ],
            [
              106.830733874,
              -6.147883712
            ],
            [
              106.834514865,
              -6.149187786
            ]
          ]
        ]
      }
    },
    {
      "type": "Feature",
      "id": "0b49c039-4c5d-52ff-9e9f-871935d741f2",
      "properties": {
        "id": "0b49c039-4c5d-52ff-9e9f-871935d741f2",
        "code": "31.71.02.1004",
        "name": "Gunung Sahari Utara",
        "districtId": "578be7a7-2c1b-5108-8644-5f4ec64dc2cf",
        "districtName": "Sawah Besar",
        "cityId": "242bc408-f86d-5711-98a5-a44a9cfef54a",
        "cityName": "Kota Administrasi Jakarta Pusat",
        "cityShortName": "JAKARTA PUSAT"
      },
      "geometry": {
        "type": "Polygon",
        "coordinates": [
          [
            [
              106.838417841,
              -6.141760428
            ],
            [
              106.844083375,
              -6.144958
            ],
            [
              106.843116523,
              -6.146573859
            ],
            [
              106.843471569,
              -6.147248732
            ],
            [
              106.842406803,
              -6.148393286
            ],
            [
              106.841150458,
              -6.150920983
            ],
            [
              106.841105899,
              -6.152924751
            ],
            [
              106.840215528,
              -6.154240109
            ],
            [
              106.839517131,
              -6.154478616
            ],
            [
              106.840408311,
              -6.158167021
            ],
            [
              106.837117753,
              -6.159221435
            ],
            [
              106.833925981,
              -6.147185118
            ],
            [
              106.833958521,
              -6.145614572
            ],
            [
              106.833076029,
              -6.141560911
            ],
            [
              106.834381704,
              -6.142066203
            ],
            [
              106.835661469,
              -6.143049886
            ],
            [
              106.836551455,
              -6.144301435
            ],
            [
              106.837152779,
              -6.146050001
            ],
            [
              106.83730695,
              -6.144542547
            ],
            [
              106.838417841,
              -6.141760428
            ]
          ]
        ]
      }
    },
    {
      "type": "Feature",
      "id": "15feaed7-c8b5-534a-be4c-3c0350d67486",
      "properties": {
        "id": "15feaed7-c8b5-534a-be4c-3c0350d67486",
        "code": "31.71.02.1005",
        "name": "Mangga Dua Selatan",
        "districtId": "578be7a7-2c1b-5108-8644-5f4ec64dc2cf",
        "districtName": "Sawah Besar",
        "cityId": "242bc408-f86d-5711-98a5-a44a9cfef54a",
        "cityName": "Kota Administrasi Jakarta Pusat",
        "cityShortName": "JAKARTA PUSAT"
      },
      "geometry": {
        "type": "Polygon",
        "coordinates": [
          [
            [
              106.833078999,
              -6.14157488
            ],
            [
              106.833958521,
              -6.145614572
            ],
            [
              106.833925981,
              -6.147185118
            ],
            [
              106.834514865,
              -6.149187786
            ],
            [
              106.83064188,
              -6.147870715
            ],
            [
              106.826766257,
              -6.148505909
            ],
            [
              106.825921011,
              -6.146037928
            ],
            [
              106.822865476,
              -6.140923137
            ],
            [
              106.821322506,
              -6.136863627
            ],
            [
              106.827748891,
              -6.135884745
            ],
            [
              106.830699536,
              -6.135136715
            ],
            [
              106.830804334,
              -6.139633242
            ],
            [
              106.831641134,
              -6.140861704
            ],
            [
              106.833078999,
              -6.14157488
            ]
          ]
        ]
      }
    },
    {
      "type": "Feature",
      "id": "90d982e9-2fa1-550e-a0d7-155d192d4d24",
      "properties": {
        "id": "90d982e9-2fa1-550e-a0d7-155d192d4d24",
        "code": "31.71.03.1001",
        "name": "Kemayoran",
        "districtId": "0794b3b2-ce9e-5135-8879-a5201cb781b5",
        "districtName": "Kemayoran",
        "cityId": "242bc408-f86d-5711-98a5-a44a9cfef54a",
        "cityName": "Kota Administrasi Jakarta Pusat",
        "cityShortName": "JAKARTA PUSAT"
      },
      "geometry": {
        "type": "Polygon",
        "coordinates": [
          [
            [
              106.84897282,
              -6.160630559
            ],
            [
              106.850488793,
              -6.161625304
            ],
            [
              106.847971749,
              -6.164397064
            ],
            [
              106.848332548,
              -6.16520941
            ],
            [
              106.848578157,
              -6.168135751
            ],
            [
              106.842712462,
              -6.168601943
            ],
            [
              106.84059389,
              -6.163068454
            ],
            [
              106.84897282,
              -6.160630559
            ]
          ]
        ]
      }
    },
    {
      "type": "Feature",
      "id": "fa50199a-7f6b-5593-980f-3518771d239e",
      "properties": {
        "id": "fa50199a-7f6b-5593-980f-3518771d239e",
        "code": "31.71.03.1002",
        "name": "Kebon Kosong",
        "districtId": "0794b3b2-ce9e-5135-8879-a5201cb781b5",
        "districtName": "Kemayoran",
        "cityId": "242bc408-f86d-5711-98a5-a44a9cfef54a",
        "cityName": "Kota Administrasi Jakarta Pusat",
        "cityShortName": "JAKARTA PUSAT"
      },
      "geometry": {
        "type": "Polygon",
        "coordinates": [
          [
            [
              106.8602868,
              -6.153813194
            ],
            [
              106.857153918,
              -6.156966639
            ],
            [
              106.852540296,
              -6.164633552
            ],
            [
              106.848571044,
              -6.168135539
            ],
            [
              106.848332548,
              -6.16520941
            ],
            [
              106.847971749,
              -6.164397064
            ],
            [
              106.850488793,
              -6.161625304
            ],
            [
              106.850180381,
              -6.161380459
            ],
            [
              106.851906082,
              -6.160972308
            ],
            [
              106.850406295,
              -6.152763886
            ],
            [
              106.85657735,
              -6.15181118
            ],
            [
              106.8602868,
              -6.153813194
            ]
          ]
        ]
      }
    },
    {
      "type": "Feature",
      "id": "ad27790f-150e-5b41-b796-a2057ce20e58",
      "properties": {
        "id": "ad27790f-150e-5b41-b796-a2057ce20e58",
        "code": "31.71.03.1003",
        "name": "Harapan Mulia",
        "districtId": "0794b3b2-ce9e-5135-8879-a5201cb781b5",
        "districtName": "Kemayoran",
        "cityId": "242bc408-f86d-5711-98a5-a44a9cfef54a",
        "cityName": "Kota Administrasi Jakarta Pusat",
        "cityShortName": "JAKARTA PUSAT"
      },
      "geometry": {
        "type": "Polygon",
        "coordinates": [
          [
            [
              106.857640742,
              -6.173993703
            ],
            [
              106.852042914,
              -6.17462788
            ],
            [
              106.852299959,
              -6.169050436
            ],
            [
              106.856133975,
              -6.169001968
            ],
            [
              106.855527827,
              -6.166468084
            ],
            [
              106.856690436,
              -6.16642324
            ],
            [
              106.857297266,
              -6.165487144
            ],
            [
              106.858338454,
              -6.166207002
            ],
            [
              106.859099904,
              -6.166482295
            ],
            [
              106.859255078,
              -6.166190803
            ],
            [
              106.859810535,
              -6.166559444
            ],
            [
              106.858989915,
              -6.171617432
            ],
            [
              106.856881383,
              -6.171513495
            ],
            [
              106.857640742,
              -6.173993703
            ]
          ]
        ]
      }
    },
    {
      "type": "Feature",
      "id": "6e175f7a-1318-5f89-a70d-9e7370e5611a",
      "properties": {
        "id": "6e175f7a-1318-5f89-a70d-9e7370e5611a",
        "code": "31.71.03.1004",
        "name": "Serdang",
        "districtId": "0794b3b2-ce9e-5135-8879-a5201cb781b5",
        "districtName": "Kemayoran",
        "cityId": "242bc408-f86d-5711-98a5-a44a9cfef54a",
        "cityName": "Kota Administrasi Jakarta Pusat",
        "cityShortName": "JAKARTA PUSAT"
      },
      "geometry": {
        "type": "Polygon",
        "coordinates": [
          [
            [
              106.860358128,
              -6.153775756
            ],
            [
              106.866916085,
              -6.157542398
            ],
            [
              106.863201322,
              -6.164182616
            ],
            [
              106.859749604,
              -6.16232195
            ],
            [
              106.858587278,
              -6.161882266
            ],
            [
              106.858388092,
              -6.162249069
            ],
            [
              106.855242264,
              -6.160109519
            ],
            [
              106.857208529,
              -6.156893801
            ],
            [
              106.860358128,
              -6.153775756
            ]
          ]
        ]
      }
    },
    {
      "type": "Feature",
      "id": "7d071282-9fac-5b16-b447-fe8fb790b957",
      "properties": {
        "id": "7d071282-9fac-5b16-b447-fe8fb790b957",
        "code": "31.71.03.1005",
        "name": "Gunung Sahari Selatan",
        "districtId": "0794b3b2-ce9e-5135-8879-a5201cb781b5",
        "districtName": "Kemayoran",
        "cityId": "242bc408-f86d-5711-98a5-a44a9cfef54a",
        "cityName": "Kota Administrasi Jakarta Pusat",
        "cityShortName": "JAKARTA PUSAT"
      },
      "geometry": {
        "type": "Polygon",
        "coordinates": [
          [
            [
              106.845524018,
              -6.153497172
            ],
            [
              106.850406295,
              -6.152763886
            ],
            [
              106.851906082,
              -6.160972308
            ],
            [
              106.850180381,
              -6.161380459
            ],
            [
              106.84897282,
              -6.160630559
            ],
            [
              106.84059389,
              -6.163068454
            ],
            [
              106.84273788,
              -6.168666237
            ],
            [
              106.842950408,
              -6.171595818
            ],
            [
              106.840576594,
              -6.171835322
            ],
            [
              106.837359446,
              -6.159116241
            ],
            [
              106.840408311,
              -6.158167021
            ],
            [
              106.839517131,
              -6.154478616
            ],
            [
              106.840215528,
              -6.154240109
            ],
            [
              106.841105899,
              -6.152924751
            ],
            [
              106.84127445,
              -6.150736657
            ],
            [
              106.845524018,
              -6.153497172
            ]
          ]
        ]
      }
    },
    {
      "type": "Feature",
      "id": "d6070703-944f-5f39-bb39-6313e3c7246b",
      "properties": {
        "id": "d6070703-944f-5f39-bb39-6313e3c7246b",
        "code": "31.71.03.1006",
        "name": "Cempaka Baru",
        "districtId": "0794b3b2-ce9e-5135-8879-a5201cb781b5",
        "districtName": "Kemayoran",
        "cityId": "242bc408-f86d-5711-98a5-a44a9cfef54a",
        "cityName": "Kota Administrasi Jakarta Pusat",
        "cityShortName": "JAKARTA PUSAT"
      },
      "geometry": {
        "type": "Polygon",
        "coordinates": [
          [
            [
              106.860488217,
              -6.162619479
            ],
            [
              106.86415457,
              -6.164765324
            ],
            [
              106.865264797,
              -6.164971074
            ],
            [
              106.86740457,
              -6.166462482
            ],
            [
              106.870704026,
              -6.16759709
            ],
            [
              106.871166189,
              -6.168269722
            ],
            [
              106.860530577,
              -6.173218178
            ],
            [
              106.857640742,
              -6.173993703
            ],
            [
              106.856881383,
              -6.171513495
            ],
            [
              106.858989915,
              -6.171617432
            ],
            [
              106.859810535,
              -6.166559444
            ],
            [
              106.859255078,
              -6.166190803
            ],
            [
              106.859099904,
              -6.166482295
            ],
            [
              106.858338454,
              -6.166207002
            ],
            [
              106.857297266,
              -6.165487144
            ],
            [
              106.859107655,
              -6.162705244
            ],
            [
              106.858400661,
              -6.16220799
            ],
            [
              106.858587278,
              -6.161882266
            ],
            [
              106.860488217,
              -6.162619479
            ]
          ]
        ]
      }
    },
    {
      "type": "Feature",
      "id": "f6c233d0-1b21-5539-b9c0-aa008141a14b",
      "properties": {
        "id": "f6c233d0-1b21-5539-b9c0-aa008141a14b",
        "code": "31.71.03.1007",
        "name": "Sumur Batu",
        "districtId": "0794b3b2-ce9e-5135-8879-a5201cb781b5",
        "districtName": "Kemayoran",
        "cityId": "242bc408-f86d-5711-98a5-a44a9cfef54a",
        "cityName": "Kota Administrasi Jakarta Pusat",
        "cityShortName": "JAKARTA PUSAT"
      },
      "geometry": {
        "type": "Polygon",
        "coordinates": [
          [
            [
              106.876997752,
              -6.163505891
            ],
            [
              106.881404713,
              -6.162516112
            ],
            [
              106.878903404,
              -6.1664195
            ],
            [
              106.876535279,
              -6.16639801
            ],
            [
              106.871166189,
              -6.168269722
            ],
            [
              106.870704026,
              -6.16759709
            ],
            [
              106.86740457,
              -6.166462482
            ],
            [
              106.865264797,
              -6.164971074
            ],
            [
              106.86415457,
              -6.164765324
            ],
            [
              106.863201322,
              -6.164182616
            ],
            [
              106.866916085,
              -6.157542398
            ],
            [
              106.876997752,
              -6.163505891
            ]
          ]
        ]
      }
    },
    {
      "type": "Feature",
      "id": "b12c5cfb-5cbc-5e6b-abf8-3f3ed371fedf",
      "properties": {
        "id": "b12c5cfb-5cbc-5e6b-abf8-3f3ed371fedf",
        "code": "31.71.03.1008",
        "name": "Utan Panjang",
        "districtId": "0794b3b2-ce9e-5135-8879-a5201cb781b5",
        "districtName": "Kemayoran",
        "cityId": "242bc408-f86d-5711-98a5-a44a9cfef54a",
        "cityName": "Kota Administrasi Jakarta Pusat",
        "cityShortName": "JAKARTA PUSAT"
      },
      "geometry": {
        "type": "Polygon",
        "coordinates": [
          [
            [
              106.855242264,
              -6.160109519
            ],
            [
              106.859107655,
              -6.162705244
            ],
            [
              106.856690436,
              -6.16642324
            ],
            [
              106.855527827,
              -6.166468084
            ],
            [
              106.856133975,
              -6.169001968
            ],
            [
              106.851014156,
              -6.169000439
            ],
            [
              106.84921767,
              -6.168709368
            ],
            [
              106.848761208,
              -6.16816483
            ],
            [
              106.852540296,
              -6.164633552
            ],
            [
              106.855242264,
              -6.160109519
            ]
          ]
        ]
      }
    },
    {
      "type": "Feature",
      "id": "3bb5d06b-9eb2-5453-b54a-604ece29b41c",
      "properties": {
        "id": "3bb5d06b-9eb2-5453-b54a-604ece29b41c",
        "code": "31.71.04.1001",
        "name": "Senen",
        "districtId": "9f37ec4f-9479-5f98-80c3-cfd1699a697f",
        "districtName": "Senen",
        "cityId": "242bc408-f86d-5711-98a5-a44a9cfef54a",
        "cityName": "Kota Administrasi Jakarta Pusat",
        "cityShortName": "JAKARTA PUSAT"
      },
      "geometry": {
        "type": "Polygon",
        "coordinates": [
          [
            [
              106.84521724,
              -6.175289552
            ],
            [
              106.843501715,
              -6.177467852
            ],
            [
              106.841762675,
              -6.17888712
            ],
            [
              106.838807651,
              -6.181051457
            ],
            [
              106.836659778,
              -6.181714736
            ],
            [
              106.835318211,
              -6.181053478
            ],
            [
              106.835070754,
              -6.180622782
            ],
            [
              106.836498061,
              -6.179158381
            ],
            [
              106.836915837,
              -6.177894988
            ],
            [
              106.835282311,
              -6.178411853
            ],
            [
              106.834704922,
              -6.178128316
            ],
            [
              106.835070697,
              -6.176538312
            ],
            [
              106.834261979,
              -6.174679135
            ],
            [
              106.833286538,
              -6.175658988
            ],
            [
              106.832652042,
              -6.175781868
            ],
            [
              106.832786606,
              -6.174613695
            ],
            [
              106.83431702,
              -6.172763682
            ],
            [
              106.836327761,
              -6.175730912
            ],
            [
              106.83897557,
              -6.173671513
            ],
            [
              106.840576594,
              -6.171835322
            ],
            [
              106.842950408,
              -6.171595818
            ],
            [
              106.842712462,
              -6.168601943
            ],
            [
              106.843482305,
              -6.168571588
            ],
            [
              106.843786494,
              -6.1714796
            ],
            [
              106.84521724,
              -6.175289552
            ]
          ]
        ]
      }
    },
    {
      "type": "Feature",
      "id": "d813ca43-dc0b-5c8a-91dc-318c11a3d303",
      "properties": {
        "id": "d813ca43-dc0b-5c8a-91dc-318c11a3d303",
        "code": "31.71.04.1002",
        "name": "Kenari",
        "districtId": "9f37ec4f-9479-5f98-80c3-cfd1699a697f",
        "districtName": "Senen",
        "cityId": "242bc408-f86d-5711-98a5-a44a9cfef54a",
        "cityName": "Kota Administrasi Jakarta Pusat",
        "cityShortName": "JAKARTA PUSAT"
      },
      "geometry": {
        "type": "Polygon",
        "coordinates": [
          [
            [
              106.844138049,
              -6.184814338
            ],
            [
              106.850195971,
              -6.195793167
            ],
            [
              106.853864985,
              -6.199181168
            ],
            [
              106.851072575,
              -6.201615365
            ],
            [
              106.848829433,
              -6.198440626
            ],
            [
              106.847444662,
              -6.198440679
            ],
            [
              106.84604125,
              -6.199418296
            ],
            [
              106.845117572,
              -6.198880664
            ],
            [
              106.845004061,
              -6.198043986
            ],
            [
              106.845867318,
              -6.195985314
            ],
            [
              106.843966846,
              -6.1956001
            ],
            [
              106.843595743,
              -6.194535255
            ],
            [
              106.843776853,
              -6.193559076
            ],
            [
              106.84529441,
              -6.192162113
            ],
            [
              106.842702696,
              -6.190812365
            ],
            [
              106.841202892,
              -6.189443088
            ],
            [
              106.84111061,
              -6.188880299
            ],
            [
              106.841846086,
              -6.187948796
            ],
            [
              106.840774388,
              -6.187168723
            ],
            [
              106.844138049,
              -6.184814338
            ]
          ]
        ]
      }
    },
    {
      "type": "Feature",
      "id": "371ab6c1-4166-5501-8eba-afed68c74ab8",
      "properties": {
        "id": "371ab6c1-4166-5501-8eba-afed68c74ab8",
        "code": "31.71.04.1003",
        "name": "Paseban",
        "districtId": "9f37ec4f-9479-5f98-80c3-cfd1699a697f",
        "districtName": "Senen",
        "cityId": "242bc408-f86d-5711-98a5-a44a9cfef54a",
        "cityName": "Kota Administrasi Jakarta Pusat",
        "cityShortName": "JAKARTA PUSAT"
      },
      "geometry": {
        "type": "Polygon",
        "coordinates": [
          [
            [
              106.851736812,
              -6.187285461
            ],
            [
              106.858375465,
              -6.19616602
            ],
            [
              106.853879801,
              -6.199418721
            ],
            [
              106.850195971,
              -6.195793167
            ],
            [
              106.847071366,
              -6.189925938
            ],
            [
              106.84950221,
              -6.188532187
            ],
            [
              106.851260001,
              -6.187957999
            ],
            [
              106.851736812,
              -6.187285461
            ]
          ]
        ]
      }
    },
    {
      "type": "Feature",
      "id": "733b396e-1c64-5b11-b0d9-c2c616d44034",
      "properties": {
        "id": "733b396e-1c64-5b11-b0d9-c2c616d44034",
        "code": "31.71.04.1004",
        "name": "Kramat",
        "districtId": "9f37ec4f-9479-5f98-80c3-cfd1699a697f",
        "districtName": "Senen",
        "cityId": "242bc408-f86d-5711-98a5-a44a9cfef54a",
        "cityName": "Kota Administrasi Jakarta Pusat",
        "cityShortName": "JAKARTA PUSAT"
      },
      "geometry": {
        "type": "Polygon",
        "coordinates": [
          [
            [
              106.851721327,
              -6.187264856
            ],
            [
              106.851260001,
              -6.187957999
            ],
            [
              106.84950221,
              -6.188532187
            ],
            [
              106.847001,
              -6.18997
            ],
            [
              106.846114,
              -6.188527
            ],
            [
              106.843116356,
              -6.183077727
            ],
            [
              106.842131802,
              -6.178566175
            ],
            [
              106.84362723,
              -6.177335049
            ],
            [
              106.84500198,
              -6.1755248
            ],
            [
              106.846693046,
              -6.180538765
            ],
            [
              106.851721327,
              -6.187264856
            ]
          ]
        ]
      }
    },
    {
      "type": "Feature",
      "id": "5c8b6980-d1a5-59e4-afe7-1738bdeb0ad7",
      "properties": {
        "id": "5c8b6980-d1a5-59e4-afe7-1738bdeb0ad7",
        "code": "31.71.04.1005",
        "name": "Kwitang",
        "districtId": "9f37ec4f-9479-5f98-80c3-cfd1699a697f",
        "districtName": "Senen",
        "cityId": "242bc408-f86d-5711-98a5-a44a9cfef54a",
        "cityName": "Kota Administrasi Jakarta Pusat",
        "cityShortName": "JAKARTA PUSAT"
      },
      "geometry": {
        "type": "Polygon",
        "coordinates": [
          [
            [
              106.844138049,
              -6.184814338
            ],
            [
              106.841611769,
              -6.186382675
            ],
            [
              106.840773904,
              -6.187248044
            ],
            [
              106.840466667,
              -6.186941429
            ],
            [
              106.84085352,
              -6.185950653
            ],
            [
              106.84064447,
              -6.18551786
            ],
            [
              106.83964991,
              -6.185458701
            ],
            [
              106.837826089,
              -6.186055609
            ],
            [
              106.836202059,
              -6.18453205
            ],
            [
              106.836851222,
              -6.182364741
            ],
            [
              106.836659778,
              -6.181714736
            ],
            [
              106.838807651,
              -6.181051457
            ],
            [
              106.842132619,
              -6.1785702
            ],
            [
              106.843080491,
              -6.182973643
            ],
            [
              106.844138049,
              -6.184814338
            ]
          ]
        ]
      }
    },
    {
      "type": "Feature",
      "id": "3e3282c5-0e70-5725-b792-d66f6f852375",
      "properties": {
        "id": "3e3282c5-0e70-5725-b792-d66f6f852375",
        "code": "31.71.04.1006",
        "name": "Bungur",
        "districtId": "9f37ec4f-9479-5f98-80c3-cfd1699a697f",
        "districtName": "Senen",
        "cityId": "242bc408-f86d-5711-98a5-a44a9cfef54a",
        "cityName": "Kota Administrasi Jakarta Pusat",
        "cityShortName": "JAKARTA PUSAT"
      },
      "geometry": {
        "type": "Polygon",
        "coordinates": [
          [
            [
              106.848761208,
              -6.16816483
            ],
            [
              106.84921767,
              -6.168709368
            ],
            [
              106.852299085,
              -6.169069434
            ],
            [
              106.852042914,
              -6.17462788
            ],
            [
              106.84521724,
              -6.175289552
            ],
            [
              106.843786494,
              -6.1714796
            ],
            [
              106.843482305,
              -6.168571588
            ],
            [
              106.848761208,
              -6.16816483
            ]
          ]
        ]
      }
    },
    {
      "type": "Feature",
      "id": "9af9b522-0d3b-5679-9504-29be3d004d3c",
      "properties": {
        "id": "9af9b522-0d3b-5679-9504-29be3d004d3c",
        "code": "31.71.05.1001",
        "name": "Cempaka Putih Timur",
        "districtId": "6ea11129-aa87-5476-aa1d-d4992f436e0b",
        "districtName": "Cempaka Putih",
        "cityId": "242bc408-f86d-5711-98a5-a44a9cfef54a",
        "cityName": "Kota Administrasi Jakarta Pusat",
        "cityShortName": "JAKARTA PUSAT"
      },
      "geometry": {
        "type": "Polygon",
        "coordinates": [
          [
            [
              106.876171117,
              -6.175541988
            ],
            [
              106.875488168,
              -6.188063176
            ],
            [
              106.871817479,
              -6.185639932
            ],
            [
              106.870244889,
              -6.185636472
            ],
            [
              106.86999169,
              -6.186090552
            ],
            [
              106.868908346,
              -6.182239532
            ],
            [
              106.864389282,
              -6.17696379
            ],
            [
              106.86427827,
              -6.17473974
            ],
            [
              106.866239811,
              -6.17307064
            ],
            [
              106.865337814,
              -6.170983665
            ],
            [
              106.87257805,
              -6.167611496
            ],
            [
              106.876535279,
              -6.16639801
            ],
            [
              106.878903404,
              -6.1664195
            ],
            [
              106.877953812,
              -6.168722561
            ],
            [
              106.876171117,
              -6.175541988
            ]
          ]
        ]
      }
    },
    {
      "type": "Feature",
      "id": "180041bf-2529-5ded-8b61-b784a30052df",
      "properties": {
        "id": "180041bf-2529-5ded-8b61-b784a30052df",
        "code": "31.71.05.1002",
        "name": "Cempaka Putih Barat",
        "districtId": "6ea11129-aa87-5476-aa1d-d4992f436e0b",
        "districtName": "Cempaka Putih",
        "cityId": "242bc408-f86d-5711-98a5-a44a9cfef54a",
        "cityName": "Kota Administrasi Jakarta Pusat",
        "cityShortName": "JAKARTA PUSAT"
      },
      "geometry": {
        "type": "Polygon",
        "coordinates": [
          [
            [
              106.865337814,
              -6.170983665
            ],
            [
              106.866239811,
              -6.17307064
            ],
            [
              106.864371498,
              -6.174527973
            ],
            [
              106.864357001,
              -6.176884831
            ],
            [
              106.868908346,
              -6.182239532
            ],
            [
              106.86999169,
              -6.186090552
            ],
            [
              106.869528961,
              -6.187406181
            ],
            [
              106.866563573,
              -6.186831472
            ],
            [
              106.863745592,
              -6.188050234
            ],
            [
              106.862434861,
              -6.185511836
            ],
            [
              106.861693034,
              -6.181455238
            ],
            [
              106.861372206,
              -6.181155464
            ],
            [
              106.859927931,
              -6.181226395
            ],
            [
              106.857683177,
              -6.173986455
            ],
            [
              106.860530577,
              -6.173218178
            ],
            [
              106.865337814,
              -6.170983665
            ]
          ]
        ]
      }
    },
    {
      "type": "Feature",
      "id": "b83c1f2a-871c-5b8a-bb40-974aaac555aa",
      "properties": {
        "id": "b83c1f2a-871c-5b8a-bb40-974aaac555aa",
        "code": "31.71.05.1003",
        "name": "Rawasari",
        "districtId": "6ea11129-aa87-5476-aa1d-d4992f436e0b",
        "districtName": "Cempaka Putih",
        "cityId": "242bc408-f86d-5711-98a5-a44a9cfef54a",
        "cityName": "Kota Administrasi Jakarta Pusat",
        "cityShortName": "JAKARTA PUSAT"
      },
      "geometry": {
        "type": "Polygon",
        "coordinates": [
          [
            [
              106.875488168,
              -6.188063176
            ],
            [
              106.875127662,
              -6.192299026
            ],
            [
              106.872419372,
              -6.191962012
            ],
            [
              106.864899176,
              -6.19265171
            ],
            [
              106.862517901,
              -6.193484557
            ],
            [
              106.858375465,
              -6.19616602
            ],
            [
              106.855404887,
              -6.192110735
            ],
            [
              106.859986544,
              -6.189195261
            ],
            [
              106.862649747,
              -6.188622581
            ],
            [
              106.866291018,
              -6.186888919
            ],
            [
              106.869528961,
              -6.187406181
            ],
            [
              106.870244889,
              -6.185636472
            ],
            [
              106.871964522,
              -6.185700935
            ],
            [
              106.875488168,
              -6.188063176
            ]
          ]
        ]
      }
    },
    {
      "type": "Feature",
      "id": "32ed7021-e308-5ed6-b57a-adc84f27f8eb",
      "properties": {
        "id": "32ed7021-e308-5ed6-b57a-adc84f27f8eb",
        "code": "31.71.06.1001",
        "name": "Menteng",
        "districtId": "218435ac-9e11-5be9-9008-17e919ea5afc",
        "districtName": "Menteng",
        "cityId": "242bc408-f86d-5711-98a5-a44a9cfef54a",
        "cityName": "Kota Administrasi Jakarta Pusat",
        "cityShortName": "JAKARTA PUSAT"
      },
      "geometry": {
        "type": "Polygon",
        "coordinates": [
          [
            [
              106.840049872,
              -6.197001011
            ],
            [
              106.848273372,
              -6.20795672
            ],
            [
              106.84802502,
              -6.208154215
            ],
            [
              106.846334028,
              -6.208635224
            ],
            [
              106.83731943,
              -6.205387273
            ],
            [
              106.83081544,
              -6.204468525
            ],
            [
              106.822746886,
              -6.202669023
            ],
            [
              106.82314882,
              -6.200491633
            ],
            [
              106.82312272,
              -6.197795574
            ],
            [
              106.820961151,
              -6.195566128
            ],
            [
              106.82071907,
              -6.194110465
            ],
            [
              106.840049872,
              -6.197001011
            ]
          ]
        ]
      }
    },
    {
      "type": "Feature",
      "id": "f567dc96-a21b-5cc8-884e-1279ea9edd6d",
      "properties": {
        "id": "f567dc96-a21b-5cc8-884e-1279ea9edd6d",
        "code": "31.71.06.1002",
        "name": "Pegangsaan",
        "districtId": "218435ac-9e11-5be9-9008-17e919ea5afc",
        "districtName": "Menteng",
        "cityId": "242bc408-f86d-5711-98a5-a44a9cfef54a",
        "cityName": "Kota Administrasi Jakarta Pusat",
        "cityShortName": "JAKARTA PUSAT"
      },
      "geometry": {
        "type": "Polygon",
        "coordinates": [
          [
            [
              106.844429398,
              -6.195798474
            ],
            [
              106.845867318,
              -6.195985314
            ],
            [
              106.844969594,
              -6.198285504
            ],
            [
              106.845117572,
              -6.198880664
            ],
            [
              106.845725221,
              -6.199360803
            ],
            [
              106.846230865,
              -6.199349286
            ],
            [
              106.84765726,
              -6.198374542
            ],
            [
              106.848767663,
              -6.198414751
            ],
            [
              106.850569139,
              -6.200594046
            ],
            [
              106.851505749,
              -6.202448086
            ],
            [
              106.852717927,
              -6.201884532
            ],
            [
              106.855321692,
              -6.202562755
            ],
            [
              106.855795187,
              -6.204267582
            ],
            [
              106.855013433,
              -6.205911458
            ],
            [
              106.853693659,
              -6.206586288
            ],
            [
              106.852732464,
              -6.205911572
            ],
            [
              106.851452109,
              -6.205958289
            ],
            [
              106.8501287,
              -6.205567127
            ],
            [
              106.849475992,
              -6.206087583
            ],
            [
              106.849095891,
              -6.207584057
            ],
            [
              106.848273372,
              -6.20795672
            ],
            [
              106.840049872,
              -6.197001011
            ],
            [
              106.842129771,
              -6.196941362
            ],
            [
              106.843719555,
              -6.195237785
            ],
            [
              106.844429398,
              -6.195798474
            ]
          ]
        ]
      }
    },
    {
      "type": "Feature",
      "id": "cc989b34-7882-5ac1-b1a9-561b67f87d2e",
      "properties": {
        "id": "cc989b34-7882-5ac1-b1a9-561b67f87d2e",
        "code": "31.71.06.1003",
        "name": "Cikini",
        "districtId": "218435ac-9e11-5be9-9008-17e919ea5afc",
        "districtName": "Menteng",
        "cityId": "242bc408-f86d-5711-98a5-a44a9cfef54a",
        "cityName": "Kota Administrasi Jakarta Pusat",
        "cityShortName": "JAKARTA PUSAT"
      },
      "geometry": {
        "type": "Polygon",
        "coordinates": [
          [
            [
              106.840773904,
              -6.187248044
            ],
            [
              106.841846086,
              -6.187948796
            ],
            [
              106.84111061,
              -6.188880299
            ],
            [
              106.841202892,
              -6.189443088
            ],
            [
              106.842702696,
              -6.190812365
            ],
            [
              106.844767974,
              -6.191681192
            ],
            [
              106.84531591,
              -6.192277853
            ],
            [
              106.843776853,
              -6.193559076
            ],
            [
              106.843719555,
              -6.195237785
            ],
            [
              106.841861895,
              -6.197015714
            ],
            [
              106.840049872,
              -6.197001011
            ],
            [
              106.834145828,
              -6.189134781
            ],
            [
              106.832981852,
              -6.187067029
            ],
            [
              106.836211267,
              -6.186664478
            ],
            [
              106.836477938,
              -6.187052541
            ],
            [
              106.839380182,
              -6.187276311
            ],
            [
              106.840083443,
              -6.188037033
            ],
            [
              106.840773904,
              -6.187248044
            ]
          ]
        ]
      }
    },
    {
      "type": "Feature",
      "id": "b35e6ed2-06ae-5bd2-bdd0-746139d01996",
      "properties": {
        "id": "b35e6ed2-06ae-5bd2-bdd0-746139d01996",
        "code": "31.71.06.1004",
        "name": "Gondangdia",
        "districtId": "218435ac-9e11-5be9-9008-17e919ea5afc",
        "districtName": "Menteng",
        "cityId": "242bc408-f86d-5711-98a5-a44a9cfef54a",
        "cityName": "Kota Administrasi Jakarta Pusat",
        "cityShortName": "JAKARTA PUSAT"
      },
      "geometry": {
        "type": "Polygon",
        "coordinates": [
          [
            [
              106.832981852,
              -6.187067029
            ],
            [
              106.834145828,
              -6.189134781
            ],
            [
              106.840049872,
              -6.197001011
            ],
            [
              106.82071907,
              -6.194110465
            ],
            [
              106.821273351,
              -6.191111131
            ],
            [
              106.822441047,
              -6.188968606
            ],
            [
              106.822560475,
              -6.186966198
            ],
            [
              106.830828284,
              -6.187395683
            ],
            [
              106.832981852,
              -6.187067029
            ]
          ]
        ]
      }
    },
    {
      "type": "Feature",
      "id": "45bdb434-c043-5d8d-ae08-957d7a7f8af4",
      "properties": {
        "id": "45bdb434-c043-5d8d-ae08-957d7a7f8af4",
        "code": "31.71.06.1005",
        "name": "Kebon Sirih",
        "districtId": "218435ac-9e11-5be9-9008-17e919ea5afc",
        "districtName": "Menteng",
        "cityId": "242bc408-f86d-5711-98a5-a44a9cfef54a",
        "cityName": "Kota Administrasi Jakarta Pusat",
        "cityShortName": "JAKARTA PUSAT"
      },
      "geometry": {
        "type": "Polygon",
        "coordinates": [
          [
            [
              106.836659778,
              -6.181714736
            ],
            [
              106.836875716,
              -6.18220142
            ],
            [
              106.836200419,
              -6.184074755
            ],
            [
              106.836329896,
              -6.184810749
            ],
            [
              106.837826089,
              -6.186055609
            ],
            [
              106.83964991,
              -6.185458701
            ],
            [
              106.840724495,
              -6.185566853
            ],
            [
              106.840832293,
              -6.186078042
            ],
            [
              106.840463398,
              -6.186872836
            ],
            [
              106.840773904,
              -6.187248044
            ],
            [
              106.840150909,
              -6.188013841
            ],
            [
              106.839380182,
              -6.187276311
            ],
            [
              106.836477938,
              -6.187052541
            ],
            [
              106.836211267,
              -6.186664478
            ],
            [
              106.830828284,
              -6.187395683
            ],
            [
              106.822560475,
              -6.186966198
            ],
            [
              106.822474131,
              -6.184621822
            ],
            [
              106.821870324,
              -6.183325611
            ],
            [
              106.834133912,
              -6.182585797
            ],
            [
              106.836659778,
              -6.181714736
            ]
          ]
        ]
      }
    },
    {
      "type": "Feature",
      "id": "091bf6d6-8fff-525a-8008-abb4d0f087ff",
      "properties": {
        "id": "091bf6d6-8fff-525a-8008-abb4d0f087ff",
        "code": "31.71.07.1001",
        "name": "Gelora",
        "districtId": "414ac843-12ce-5aaa-8bf4-1cffcdca8a9a",
        "districtName": "Tanah Abang",
        "cityId": "242bc408-f86d-5711-98a5-a44a9cfef54a",
        "cityName": "Kota Administrasi Jakarta Pusat",
        "cityShortName": "JAKARTA PUSAT"
      },
      "geometry": {
        "type": "Polygon",
        "coordinates": [
          [
            [
              106.799531864,
              -6.201348902
            ],
            [
              106.802295092,
              -6.206370409
            ],
            [
              106.808843641,
              -6.214155574
            ],
            [
              106.812390086,
              -6.219423023
            ],
            [
              106.799465052,
              -6.229224929
            ],
            [
              106.798526095,
              -6.228795475
            ],
            [
              106.797530122,
              -6.229318786
            ],
            [
              106.795858236,
              -6.229263135
            ],
            [
              106.795681308,
              -6.228327714
            ],
            [
              106.796412679,
              -6.226443625
            ],
            [
              106.79605603,
              -6.223535497
            ],
            [
              106.796908643,
              -6.218724758
            ],
            [
              106.796120771,
              -6.216455435
            ],
            [
              106.796259194,
              -6.21562324
            ],
            [
              106.795344961,
              -6.213538759
            ],
            [
              106.795823391,
              -6.212475284
            ],
            [
              106.794603286,
              -6.211852389
            ],
            [
              106.793438169,
              -6.211708805
            ],
            [
              106.793762243,
              -6.211386197
            ],
            [
              106.793659658,
              -6.210844178
            ],
            [
              106.792732663,
              -6.210276212
            ],
            [
              106.792567374,
              -6.209282246
            ],
            [
              106.791875308,
              -6.208718956
            ],
            [
              106.792437017,
              -6.207792399
            ],
            [
              106.796123713,
              -6.207548387
            ],
            [
              106.79721963,
              -6.203960018
            ],
            [
              106.798266627,
              -6.202599249
            ],
            [
              106.799329844,
              -6.201900133
            ],
            [
              106.799531864,
              -6.201348902
            ]
          ]
        ]
      }
    },
    {
      "type": "Feature",
      "id": "5627d7fe-2b9a-55a4-9caa-34c87209acab",
      "properties": {
        "id": "5627d7fe-2b9a-55a4-9caa-34c87209acab",
        "code": "31.71.07.1002",
        "name": "Bendungan Hilir",
        "districtId": "414ac843-12ce-5aaa-8bf4-1cffcdca8a9a",
        "districtName": "Tanah Abang",
        "cityId": "242bc408-f86d-5711-98a5-a44a9cfef54a",
        "cityName": "Kota Administrasi Jakarta Pusat",
        "cityShortName": "JAKARTA PUSAT"
      },
      "geometry": {
        "type": "Polygon",
        "coordinates": [
          [
            [
              106.811272384,
              -6.199590196
            ],
            [
              106.811118069,
              -6.202111425
            ],
            [
              106.81149888,
              -6.20267831
            ],
            [
              106.811432434,
              -6.203431187
            ],
            [
              106.810856373,
              -6.204489284
            ],
            [
              106.810023848,
              -6.204847982
            ],
            [
              106.809944127,
              -6.205180132
            ],
            [
              106.812517172,
              -6.208791067
            ],
            [
              106.812816141,
              -6.210130229
            ],
            [
              106.812591876,
              -6.211365099
            ],
            [
              106.812882203,
              -6.211945841
            ],
            [
              106.814891499,
              -6.213483983
            ],
            [
              106.816812269,
              -6.215921612
            ],
            [
              106.812390086,
              -6.219423023
            ],
            [
              106.808843641,
              -6.214155574
            ],
            [
              106.802295092,
              -6.206370409
            ],
            [
              106.800865158,
              -6.204057144
            ],
            [
              106.807121808,
              -6.201121464
            ],
            [
              106.809978474,
              -6.198164098
            ],
            [
              106.811272384,
              -6.199590196
            ]
          ]
        ]
      }
    },
    {
      "type": "Feature",
      "id": "cc313e58-43ac-5743-989a-55cdd8e36f8c",
      "properties": {
        "id": "cc313e58-43ac-5743-989a-55cdd8e36f8c",
        "code": "31.71.07.1003",
        "name": "Karet Tengsin",
        "districtId": "414ac843-12ce-5aaa-8bf4-1cffcdca8a9a",
        "districtName": "Tanah Abang",
        "cityId": "242bc408-f86d-5711-98a5-a44a9cfef54a",
        "cityName": "Kota Administrasi Jakarta Pusat",
        "cityShortName": "JAKARTA PUSAT"
      },
      "geometry": {
        "type": "Polygon",
        "coordinates": [
          [
            [
              106.822747322,
              -6.202667054
            ],
            [
              106.82156319,
              -6.209413551
            ],
            [
              106.819342854,
              -6.213541349
            ],
            [
              106.816812269,
              -6.215921612
            ],
            [
              106.814891499,
              -6.213483983
            ],
            [
              106.812882203,
              -6.211945841
            ],
            [
              106.812591876,
              -6.211365099
            ],
            [
              106.812816141,
              -6.210130229
            ],
            [
              106.812517172,
              -6.208791067
            ],
            [
              106.809944127,
              -6.205180132
            ],
            [
              106.810023848,
              -6.204847982
            ],
            [
              106.810856373,
              -6.204489284
            ],
            [
              106.811432434,
              -6.203431187
            ],
            [
              106.81149888,
              -6.20267831
            ],
            [
              106.811118069,
              -6.202111425
            ],
            [
              106.811272384,
              -6.199590196
            ],
            [
              106.81280853,
              -6.200417596
            ],
            [
              106.822747322,
              -6.202667054
            ]
          ]
        ]
      }
    },
    {
      "type": "Feature",
      "id": "c10e9264-dc0d-53cc-973e-16941589355c",
      "properties": {
        "id": "c10e9264-dc0d-53cc-973e-16941589355c",
        "code": "31.71.07.1004",
        "name": "Petamburan",
        "districtId": "414ac843-12ce-5aaa-8bf4-1cffcdca8a9a",
        "districtName": "Tanah Abang",
        "cityId": "242bc408-f86d-5711-98a5-a44a9cfef54a",
        "cityName": "Kota Administrasi Jakarta Pusat",
        "cityShortName": "JAKARTA PUSAT"
      },
      "geometry": {
        "type": "Polygon",
        "coordinates": [
          [
            [
              106.81064928,
              -6.188932285
            ],
            [
              106.809419758,
              -6.192660039
            ],
            [
              106.809525119,
              -6.196558701
            ],
            [
              106.809978474,
              -6.198164098
            ],
            [
              106.807121808,
              -6.201121464
            ],
            [
              106.800865158,
              -6.204057144
            ],
            [
              106.799531864,
              -6.201348902
            ],
            [
              106.800234457,
              -6.200281112
            ],
            [
              106.802772444,
              -6.199035379
            ],
            [
              106.804330652,
              -6.19731278
            ],
            [
              106.805047485,
              -6.195813166
            ],
            [
              106.805544701,
              -6.192740575
            ],
            [
              106.806794847,
              -6.189068445
            ],
            [
              106.809430736,
              -6.188695543
            ],
            [
              106.81064928,
              -6.188932285
            ]
          ]
        ]
      }
    },
    {
      "type": "Feature",
      "id": "be196a64-d741-549a-a988-fac2dd830457",
      "properties": {
        "id": "be196a64-d741-549a-a988-fac2dd830457",
        "code": "31.71.07.1005",
        "name": "Kebon Melati",
        "districtId": "414ac843-12ce-5aaa-8bf4-1cffcdca8a9a",
        "districtName": "Tanah Abang",
        "cityId": "242bc408-f86d-5711-98a5-a44a9cfef54a",
        "cityName": "Kota Administrasi Jakarta Pusat",
        "cityShortName": "JAKARTA PUSAT"
      },
      "geometry": {
        "type": "Polygon",
        "coordinates": [
          [
            [
              106.820686262,
              -6.194371428
            ],
            [
              106.820961151,
              -6.195566128
            ],
            [
              106.82312272,
              -6.197795574
            ],
            [
              106.82314882,
              -6.200491633
            ],
            [
              106.822747322,
              -6.202667054
            ],
            [
              106.81280853,
              -6.200417596
            ],
            [
              106.811272384,
              -6.199590196
            ],
            [
              106.80989173,
              -6.198078005
            ],
            [
              106.809576567,
              -6.196955264
            ],
            [
              106.80955359,
              -6.191676366
            ],
            [
              106.809865114,
              -6.190905927
            ],
            [
              106.811846633,
              -6.191325074
            ],
            [
              106.811913916,
              -6.191016197
            ],
            [
              106.812765936,
              -6.190980903
            ],
            [
              106.814709341,
              -6.192892035
            ],
            [
              106.81584227,
              -6.193555422
            ],
            [
              106.820686262,
              -6.194371428
            ]
          ]
        ]
      }
    },
    {
      "type": "Feature",
      "id": "d66f32d3-7cdb-565d-87b7-4762563f2010",
      "properties": {
        "id": "d66f32d3-7cdb-565d-87b7-4762563f2010",
        "code": "31.71.07.1006",
        "name": "Kebon Kacang",
        "districtId": "414ac843-12ce-5aaa-8bf4-1cffcdca8a9a",
        "districtName": "Tanah Abang",
        "cityId": "242bc408-f86d-5711-98a5-a44a9cfef54a",
        "cityName": "Kota Administrasi Jakarta Pusat",
        "cityShortName": "JAKARTA PUSAT"
      },
      "geometry": {
        "type": "Polygon",
        "coordinates": [
          [
            [
              106.822560475,
              -6.186966198
            ],
            [
              106.822441047,
              -6.188968606
            ],
            [
              106.821273351,
              -6.191111131
            ],
            [
              106.820690494,
              -6.194371897
            ],
            [
              106.81584227,
              -6.193555422
            ],
            [
              106.814709341,
              -6.192892035
            ],
            [
              106.812765936,
              -6.190980903
            ],
            [
              106.811913916,
              -6.191016197
            ],
            [
              106.811846633,
              -6.191325074
            ],
            [
              106.809865114,
              -6.190905927
            ],
            [
              106.810653429,
              -6.188939356
            ],
            [
              106.811295676,
              -6.189068902
            ],
            [
              106.811405725,
              -6.188581594
            ],
            [
              106.815365939,
              -6.188187403
            ],
            [
              106.815562598,
              -6.187158224
            ],
            [
              106.822560475,
              -6.186966198
            ]
          ]
        ]
      }
    },
    {
      "type": "Feature",
      "id": "274aa685-1956-50fe-a175-a8e66b069ebd",
      "properties": {
        "id": "274aa685-1956-50fe-a175-a8e66b069ebd",
        "code": "31.71.07.1007",
        "name": "Kampung Bali",
        "districtId": "414ac843-12ce-5aaa-8bf4-1cffcdca8a9a",
        "districtName": "Tanah Abang",
        "cityId": "242bc408-f86d-5711-98a5-a44a9cfef54a",
        "cityName": "Kota Administrasi Jakarta Pusat",
        "cityShortName": "JAKARTA PUSAT"
      },
      "geometry": {
        "type": "Polygon",
        "coordinates": [
          [
            [
              106.815800468,
              -6.181549131
            ],
            [
              106.821870324,
              -6.183325611
            ],
            [
              106.822474131,
              -6.184621822
            ],
            [
              106.822560475,
              -6.186966198
            ],
            [
              106.815652985,
              -6.187136612
            ],
            [
              106.815365939,
              -6.188187403
            ],
            [
              106.811405725,
              -6.188581594
            ],
            [
              106.811295676,
              -6.189068902
            ],
            [
              106.810653526,
              -6.188939376
            ],
            [
              106.810417574,
              -6.185123993
            ],
            [
              106.814757684,
              -6.181617477
            ],
            [
              106.815800468,
              -6.181549131
            ]
          ]
        ]
      }
    },
    {
      "type": "Feature",
      "id": "f4aba407-3c3c-572d-9a97-599b2c1b712d",
      "properties": {
        "id": "f4aba407-3c3c-572d-9a97-599b2c1b712d",
        "code": "31.71.08.1001",
        "name": "Johar Baru",
        "districtId": "4a1192ab-fc54-5c14-8752-e08c1705ee04",
        "districtName": "Johar Baru",
        "cityId": "242bc408-f86d-5711-98a5-a44a9cfef54a",
        "cityName": "Kota Administrasi Jakarta Pusat",
        "cityShortName": "JAKARTA PUSAT"
      },
      "geometry": {
        "type": "Polygon",
        "coordinates": [
          [
            [
              106.854348759,
              -6.181482391
            ],
            [
              106.861372206,
              -6.181155464
            ],
            [
              106.861693034,
              -6.181455238
            ],
            [
              106.862434861,
              -6.185511836
            ],
            [
              106.863745592,
              -6.188050234
            ],
            [
              106.862649747,
              -6.188622581
            ],
            [
              106.859986544,
              -6.189195261
            ],
            [
              106.85538635,
              -6.192124048
            ],
            [
              106.851736812,
              -6.187285461
            ],
            [
              106.851482358,
              -6.185514151
            ],
            [
              106.851753126,
              -6.181257478
            ],
            [
              106.853814337,
              -6.180283444
            ],
            [
              106.8544111,
              -6.180977359
            ],
            [
              106.854348759,
              -6.181482391
            ]
          ]
        ]
      }
    },
    {
      "type": "Feature",
      "id": "e91c25ce-94ec-5310-aa01-171b7391b371",
      "properties": {
        "id": "e91c25ce-94ec-5310-aa01-171b7391b371",
        "code": "31.71.08.1002",
        "name": "Kampung Rawa",
        "districtId": "4a1192ab-fc54-5c14-8752-e08c1705ee04",
        "districtName": "Johar Baru",
        "cityId": "242bc408-f86d-5711-98a5-a44a9cfef54a",
        "cityName": "Kota Administrasi Jakarta Pusat",
        "cityShortName": "JAKARTA PUSAT"
      },
      "geometry": {
        "type": "Polygon",
        "coordinates": [
          [
            [
              106.858856419,
              -6.177931573
            ],
            [
              106.859927931,
              -6.181226395
            ],
            [
              106.854348759,
              -6.181482391
            ],
            [
              106.8544111,
              -6.180977359
            ],
            [
              106.853814337,
              -6.180283444
            ],
            [
              106.851755301,
              -6.181257365
            ],
            [
              106.851922325,
              -6.177413137
            ],
            [
              106.852671602,
              -6.177424325
            ],
            [
              106.852653739,
              -6.177163493
            ],
            [
              106.85466409,
              -6.177379531
            ],
            [
              106.854594726,
              -6.177795636
            ],
            [
              106.855475085,
              -6.178387199
            ],
            [
              106.858856419,
              -6.177931573
            ]
          ]
        ]
      }
    },
    {
      "type": "Feature",
      "id": "efa9b0b4-a662-5beb-ac6c-ab1e5696c526",
      "properties": {
        "id": "efa9b0b4-a662-5beb-ac6c-ab1e5696c526",
        "code": "31.71.08.1003",
        "name": "Galur",
        "districtId": "4a1192ab-fc54-5c14-8752-e08c1705ee04",
        "districtName": "Johar Baru",
        "cityId": "242bc408-f86d-5711-98a5-a44a9cfef54a",
        "cityName": "Kota Administrasi Jakarta Pusat",
        "cityShortName": "JAKARTA PUSAT"
      },
      "geometry": {
        "type": "Polygon",
        "coordinates": [
          [
            [
              106.858856419,
              -6.177931573
            ],
            [
              106.855475085,
              -6.178387199
            ],
            [
              106.854594726,
              -6.177795636
            ],
            [
              106.85466409,
              -6.177379531
            ],
            [
              106.852653739,
              -6.177163493
            ],
            [
              106.852671602,
              -6.177424325
            ],
            [
              106.851922325,
              -6.177413137
            ],
            [
              106.852042914,
              -6.17462788
            ],
            [
              106.857683177,
              -6.173986455
            ],
            [
              106.858856419,
              -6.177931573
            ]
          ]
        ]
      }
    },
    {
      "type": "Feature",
      "id": "43c5af0e-30c6-5a7b-ae3e-74486599f3e1",
      "properties": {
        "id": "43c5af0e-30c6-5a7b-ae3e-74486599f3e1",
        "code": "31.71.08.1004",
        "name": "Tanah Tinggi",
        "districtId": "4a1192ab-fc54-5c14-8752-e08c1705ee04",
        "districtName": "Johar Baru",
        "cityId": "242bc408-f86d-5711-98a5-a44a9cfef54a",
        "cityName": "Kota Administrasi Jakarta Pusat",
        "cityShortName": "JAKARTA PUSAT"
      },
      "geometry": {
        "type": "Polygon",
        "coordinates": [
          [
            [
              106.852042914,
              -6.17462788
            ],
            [
              106.851482358,
              -6.185514151
            ],
            [
              106.851736812,
              -6.187285461
            ],
            [
              106.846693046,
              -6.180538765
            ],
            [
              106.84500198,
              -6.1755248
            ],
            [
              106.845570365,
              -6.175094042
            ],
            [
              106.852042914,
              -6.17462788
            ]
          ]
        ]
      }
    },
    {
      "type": "Feature",
      "id": "6a1cbe8a-5db6-5453-bb58-aae397b58134",
      "properties": {
        "id": "6a1cbe8a-5db6-5453-bb58-aae397b58134",
        "code": "31.72.01.1001",
        "name": "Penjaringan",
        "districtId": "7131d2d0-0c32-59a7-b466-cd4122d656f2",
        "districtName": "Penjaringan",
        "cityId": "5867e821-bd58-5b38-9f92-da3dedc2022b",
        "cityName": "Kota Administrasi Jakarta Utara ",
        "cityShortName": "JAKARTA UTARA"
      },
      "geometry": {
        "type": "Polygon",
        "coordinates": [
          [
            [
              106.807869659,
              -6.116094541
            ],
            [
              106.809428863,
              -6.125897091
            ],
            [
              106.809492697,
              -6.127898633
            ],
            [
              106.810484679,
              -6.130837331
            ],
            [
              106.801801028,
              -6.133178169
            ],
            [
              106.800519151,
              -6.134605012
            ],
            [
              106.800247736,
              -6.136565659
            ],
            [
              106.793022493,
              -6.137209636
            ],
            [
              106.792625175,
              -6.132450417
            ],
            [
              106.785184435,
              -6.13149157
            ],
            [
              106.783972882,
              -6.125375704
            ],
            [
              106.789261203,
              -6.126347471
            ],
            [
              106.793878283,
              -6.124592231
            ],
            [
              106.797598466,
              -6.125346626
            ],
            [
              106.802085301,
              -6.125218136
            ],
            [
              106.802096097,
              -6.124438453
            ],
            [
              106.801652672,
              -6.123653093
            ],
            [
              106.802874316,
              -6.122643904
            ],
            [
              106.802960453,
              -6.121003657
            ],
            [
              106.802290182,
              -6.115009706
            ],
            [
              106.801885026,
              -6.114130339
            ],
            [
              106.800160338,
              -6.112385914
            ],
            [
              106.797302671,
              -6.112262831
            ],
            [
              106.797193296,
              -6.108798212
            ],
            [
              106.797636431,
              -6.108897347
            ],
            [
              106.797732414,
              -6.108186549
            ],
            [
              106.799212403,
              -6.107772835
            ],
            [
              106.799895516,
              -6.106722746
            ],
            [
              106.799878438,
              -6.10567728
            ],
            [
              106.800343343,
              -6.105673853
            ],
            [
              106.798686942,
              -6.09678726
            ],
            [
              106.800289279,
              -6.09661632
            ],
            [
              106.800879683,
              -6.100027947
            ],
            [
              106.801978678,
              -6.09984383
            ],
            [
              106.802417753,
              -6.10222813
            ],
            [
              106.804447052,
              -6.101888078
            ],
            [
              106.803063865,
              -6.09460729
            ],
            [
              106.803670092,
              -6.094585325
            ],
            [
              106.804800247,
              -6.10026991
            ],
            [
              106.806176652,
              -6.107941134
            ],
            [
              106.805989714,
              -6.108532787
            ],
            [
              106.807050771,
              -6.11527777
            ],
            [
              106.807288386,
              -6.116050544
            ],
            [
              106.807869659,
              -6.116094541
            ]
          ]
        ]
      }
    },
    {
      "type": "Feature",
      "id": "6c0f3c9b-fee7-5a2a-a788-d00d42da6bc7",
      "properties": {
        "id": "6c0f3c9b-fee7-5a2a-a788-d00d42da6bc7",
        "code": "31.72.01.1002",
        "name": "Kamal Muara",
        "districtId": "7131d2d0-0c32-59a7-b466-cd4122d656f2",
        "districtName": "Penjaringan",
        "cityId": "5867e821-bd58-5b38-9f92-da3dedc2022b",
        "cityName": "Kota Administrasi Jakarta Utara ",
        "cityShortName": "JAKARTA UTARA"
      },
      "geometry": {
        "type": "MultiPolygon",
        "coordinates": [
          [
            [
              [
                106.725632748,
                -6.089079216
              ],
              [
                106.726850417,
                -6.090266653
              ],
              [
                106.725898735,
                -6.091684909
              ],
              [
                106.726123867,
                -6.092217312
              ],
              [
                106.726412971,
                -6.092410048
              ],
              [
                106.726848413,
                -6.092067406
              ],
              [
                106.727248162,
                -6.092174482
              ],
              [
                106.726909089,
                -6.092456447
              ],
              [
                106.727640773,
                -6.093402284
              ],
              [
                106.727266008,
                -6.093570036
              ],
              [
                106.72857947,
                -6.094769284
              ],
              [
                106.729146971,
                -6.094879929
              ],
              [
                106.731407663,
                -6.097644983
              ],
              [
                106.731702716,
                -6.097734452
              ],
              [
                106.73340752,
                -6.09582541
              ],
              [
                106.736412779,
                -6.098636505
              ],
              [
                106.736282861,
                -6.099508815
              ],
              [
                106.737420719,
                -6.10027405
              ],
              [
                106.738148834,
                -6.099418871
              ],
              [
                106.740625853,
                -6.100945058
              ],
              [
                106.740667727,
                -6.101879272
              ],
              [
                106.74150723,
                -6.102066407
              ],
              [
                106.741857495,
                -6.101234722
              ],
              [
                106.744673349,
                -6.10190454
              ],
              [
                106.745154952,
                -6.101756062
              ],
              [
                106.745328177,
                -6.100806181
              ],
              [
                106.745528052,
                -6.101038416
              ],
              [
                106.745826912,
                -6.100570138
              ],
              [
                106.746424633,
                -6.101322048
              ],
              [
                106.746808618,
                -6.099873551
              ],
              [
                106.748512788,
                -6.100258429
              ],
              [
                106.750259572,
                -6.099449016
              ],
              [
                106.750292289,
                -6.100332391
              ],
              [
                106.75081355,
                -6.10123204
              ],
              [
                106.750731416,
                -6.103535183
              ],
              [
                106.750973445,
                -6.103630482
              ],
              [
                106.751000848,
                -6.106184116
              ],
              [
                106.752218566,
                -6.116452907
              ],
              [
                106.753471549,
                -6.13133378
              ],
              [
                106.752731683,
                -6.135037293
              ],
              [
                106.75030043,
                -6.134078807
              ],
              [
                106.744525518,
                -6.129788448
              ],
              [
                106.738697168,
                -6.126894714
              ],
              [
                106.731381028,
                -6.121277511
              ],
              [
                106.72721522,
                -6.117286767
              ],
              [
                106.71738643,
                -6.104793902
              ],
              [
                106.714444617,
                -6.09897595
              ],
              [
                106.712913894,
                -6.09731661
              ],
              [
                106.712611393,
                -6.097518944
              ],
              [
                106.711465901,
                -6.096474403
              ],
              [
                106.710788726,
                -6.096851044
              ],
              [
                106.71053724,
                -6.09647845
              ],
              [
                106.712489508,
                -6.095690897
              ],
              [
                106.714411444,
                -6.095794722
              ],
              [
                106.714628,
                -6.095489
              ],
              [
                106.713866,
                -6.094636
              ],
              [
                106.716550275,
                -6.091913464
              ],
              [
                106.718004465,
                -6.091478193
              ],
              [
                106.718607267,
                -6.091634174
              ],
              [
                106.719238031,
                -6.092690819
              ],
              [
                106.72100154,
                -6.091443516
              ],
              [
                106.72229385,
                -6.091963334
              ],
              [
                106.723787171,
                -6.090311369
              ],
              [
                106.725632748,
                -6.089079216
              ]
            ]
          ],
          [
            [
              [
                106.734530462,
                -6.081707815
              ],
              [
                106.734287757,
                -6.081979073
              ],
              [
                106.734587569,
                -6.082378823
              ],
              [
                106.735951,
                -6.083396042
              ],
              [
                106.737903348,
                -6.085815954
              ],
              [
                106.740230491,
                -6.087636331
              ],
              [
                106.74063494,
                -6.087363466
              ],
              [
                106.737949599,
                -6.094011641
              ],
              [
                106.737273832,
                -6.095020532
              ],
              [
                106.736586168,
                -6.095344139
              ],
              [
                106.735479718,
                -6.095022912
              ],
              [
                106.728993903,
                -6.088899964
              ],
              [
                106.728748067,
                -6.088072925
              ],
              [
                106.728719818,
                -6.087166179
              ],
              [
                106.729422949,
                -6.085777764
              ],
              [
                106.734066087,
                -6.081795753
              ],
              [
                106.734530462,
                -6.081707815
              ]
            ]
          ],
          [
            [
              [
                106.757915488,
                -6.07777411
              ],
              [
                106.751153059,
                -6.097556948
              ],
              [
                106.750501087,
                -6.098037599
              ],
              [
                106.746947835,
                -6.098175619
              ],
              [
                106.745560251,
                -6.098483104
              ],
              [
                106.744285746,
                -6.099208397
              ],
              [
                106.742589254,
                -6.099357434
              ],
              [
                106.738249718,
                -6.097394788
              ],
              [
                106.737807139,
                -6.096595289
              ],
              [
                106.737889466,
                -6.095885429
              ],
              [
                106.739447595,
                -6.093016209
              ],
              [
                106.741285583,
                -6.088542108
              ],
              [
                106.742820718,
                -6.086349778
              ],
              [
                106.745872353,
                -6.083544938
              ],
              [
                106.747884103,
                -6.081122098
              ],
              [
                106.749620687,
                -6.078321386
              ],
              [
                106.75079099,
                -6.075188729
              ],
              [
                106.751412049,
                -6.074315557
              ],
              [
                106.752152433,
                -6.074100222
              ],
              [
                106.752966209,
                -6.07428582
              ],
              [
                106.756878043,
                -6.076251254
              ],
              [
                106.757696577,
                -6.077079307
              ],
              [
                106.757915488,
                -6.07777411
              ]
            ]
          ]
        ]
      }
    },
    {
      "type": "Feature",
      "id": "0c0637eb-124f-5048-b8eb-f71d9c858a50",
      "properties": {
        "id": "0c0637eb-124f-5048-b8eb-f71d9c858a50",
        "code": "31.72.01.1003",
        "name": "Kapuk Muara",
        "districtId": "7131d2d0-0c32-59a7-b466-cd4122d656f2",
        "districtName": "Penjaringan",
        "cityId": "5867e821-bd58-5b38-9f92-da3dedc2022b",
        "cityName": "Kota Administrasi Jakarta Utara ",
        "cityShortName": "JAKARTA UTARA"
      },
      "geometry": {
        "type": "Polygon",
        "coordinates": [
          [
            [
              106.7670086,
              -6.100821957
            ],
            [
              106.767763886,
              -6.10567906
            ],
            [
              106.767405651,
              -6.10832557
            ],
            [
              106.768579239,
              -6.109520839
            ],
            [
              106.770219144,
              -6.112363446
            ],
            [
              106.769394568,
              -6.114187359
            ],
            [
              106.769340536,
              -6.115018889
            ],
            [
              106.770095035,
              -6.115531879
            ],
            [
              106.771909435,
              -6.11579408
            ],
            [
              106.773404658,
              -6.116443873
            ],
            [
              106.774243667,
              -6.117183328
            ],
            [
              106.774888984,
              -6.118536509
            ],
            [
              106.77469883,
              -6.119588117
            ],
            [
              106.773253621,
              -6.120693436
            ],
            [
              106.773185439,
              -6.121203091
            ],
            [
              106.774594409,
              -6.123956129
            ],
            [
              106.776519263,
              -6.131952988
            ],
            [
              106.777404793,
              -6.134041969
            ],
            [
              106.776178313,
              -6.134928377
            ],
            [
              106.776511819,
              -6.137520855
            ],
            [
              106.77576219,
              -6.139189746
            ],
            [
              106.77599159,
              -6.140252163
            ],
            [
              106.775645896,
              -6.141637088
            ],
            [
              106.774605748,
              -6.141296868
            ],
            [
              106.772748108,
              -6.14145741
            ],
            [
              106.768201896,
              -6.140645619
            ],
            [
              106.755869467,
              -6.136407054
            ],
            [
              106.752731683,
              -6.135037293
            ],
            [
              106.753471549,
              -6.13133378
            ],
            [
              106.752218566,
              -6.116452907
            ],
            [
              106.751000848,
              -6.106184116
            ],
            [
              106.750973445,
              -6.103630482
            ],
            [
              106.750731416,
              -6.103535183
            ],
            [
              106.75081355,
              -6.10123204
            ],
            [
              106.752070937,
              -6.100843975
            ],
            [
              106.755510447,
              -6.103500941
            ],
            [
              106.757205679,
              -6.104001311
            ],
            [
              106.759567294,
              -6.104132182
            ],
            [
              106.762787063,
              -6.103467123
            ],
            [
              106.764314676,
              -6.102449903
            ],
            [
              106.765146223,
              -6.099850104
            ],
            [
              106.764341138,
              -6.100070979
            ],
            [
              106.764989179,
              -6.099640712
            ],
            [
              106.764613224,
              -6.09942656
            ],
            [
              106.763447363,
              -6.10083306
            ],
            [
              106.763304521,
              -6.100506836
            ],
            [
              106.764551358,
              -6.099003016
            ],
            [
              106.766174151,
              -6.100078533
            ],
            [
              106.766516793,
              -6.100825683
            ],
            [
              106.7670086,
              -6.100821957
            ]
          ]
        ]
      }
    },
    {
      "type": "Feature",
      "id": "a4b32638-e7de-525d-9314-86e6860da1bb",
      "properties": {
        "id": "a4b32638-e7de-525d-9314-86e6860da1bb",
        "code": "31.72.01.1004",
        "name": "Pejagalan",
        "districtId": "7131d2d0-0c32-59a7-b466-cd4122d656f2",
        "districtName": "Penjaringan",
        "cityId": "5867e821-bd58-5b38-9f92-da3dedc2022b",
        "cityName": "Kota Administrasi Jakarta Utara ",
        "cityShortName": "JAKARTA UTARA"
      },
      "geometry": {
        "type": "Polygon",
        "coordinates": [
          [
            [
              106.783972882,
              -6.125375704
            ],
            [
              106.785184435,
              -6.13149157
            ],
            [
              106.792625175,
              -6.132450417
            ],
            [
              106.793022493,
              -6.137209636
            ],
            [
              106.800247736,
              -6.136565659
            ],
            [
              106.800561777,
              -6.141863559
            ],
            [
              106.792162072,
              -6.142782223
            ],
            [
              106.790620722,
              -6.142356674
            ],
            [
              106.789388196,
              -6.142429437
            ],
            [
              106.788058809,
              -6.143111669
            ],
            [
              106.777527561,
              -6.144013458
            ],
            [
              106.775029865,
              -6.145230232
            ],
            [
              106.775456045,
              -6.142147295
            ],
            [
              106.775934146,
              -6.140955634
            ],
            [
              106.77576219,
              -6.139189746
            ],
            [
              106.776511819,
              -6.137520855
            ],
            [
              106.776167551,
              -6.134978624
            ],
            [
              106.77729719,
              -6.134303968
            ],
            [
              106.77739405,
              -6.133873277
            ],
            [
              106.776519263,
              -6.131952988
            ],
            [
              106.774594409,
              -6.123956129
            ],
            [
              106.773323002,
              -6.121552171
            ],
            [
              106.774879396,
              -6.122122915
            ],
            [
              106.777195674,
              -6.124161788
            ],
            [
              106.783972882,
              -6.125375704
            ]
          ]
        ]
      }
    },
    {
      "type": "Feature",
      "id": "52e231de-6117-52f5-aa59-6e9eb8b1c7d9",
      "properties": {
        "id": "52e231de-6117-52f5-aa59-6e9eb8b1c7d9",
        "code": "31.72.01.1005",
        "name": "Pluit",
        "districtId": "7131d2d0-0c32-59a7-b466-cd4122d656f2",
        "districtName": "Penjaringan",
        "cityId": "5867e821-bd58-5b38-9f92-da3dedc2022b",
        "cityName": "Kota Administrasi Jakarta Utara ",
        "cityShortName": "JAKARTA UTARA"
      },
      "geometry": {
        "type": "MultiPolygon",
        "coordinates": [
          [
            [
              [
                106.793362278,
                -6.100671623
              ],
              [
                106.79337538,
                -6.103807687
              ],
              [
                106.792457779,
                -6.103576201
              ],
              [
                106.792288443,
                -6.103843379
              ],
              [
                106.791967015,
                -6.103608919
              ],
              [
                106.791924455,
                -6.103844962
              ],
              [
                106.791408994,
                -6.103820536
              ],
              [
                106.791243607,
                -6.100510344
              ],
              [
                106.793033023,
                -6.100148423
              ],
              [
                106.793362278,
                -6.100671623
              ]
            ]
          ],
          [
            [
              [
                106.792217276,
                -6.096640203
              ],
              [
                106.792437138,
                -6.096825801
              ],
              [
                106.792634613,
                -6.096582141
              ],
              [
                106.793566129,
                -6.097210556
              ],
              [
                106.793151114,
                -6.0997692
              ],
              [
                106.79123789,
                -6.099614054
              ],
              [
                106.791577677,
                -6.096931449
              ],
              [
                106.792217276,
                -6.096640203
              ]
            ]
          ],
          [
            [
              [
                106.796484792,
                -6.0940621
              ],
              [
                106.79711654,
                -6.095233475
              ],
              [
                106.796504708,
                -6.100842883
              ],
              [
                106.796651045,
                -6.101585275
              ],
              [
                106.796447601,
                -6.101588844
              ],
              [
                106.796736705,
                -6.102010008
              ],
              [
                106.796469016,
                -6.103387716
              ],
              [
                106.796683167,
                -6.103915957
              ],
              [
                106.796245112,
                -6.1040374
              ],
              [
                106.795794439,
                -6.105397171
              ],
              [
                106.796119235,
                -6.108630859
              ],
              [
                106.796166438,
                -6.108854865
              ],
              [
                106.797193296,
                -6.108798212
              ],
              [
                106.797302671,
                -6.112262831
              ],
              [
                106.800160338,
                -6.112385914
              ],
              [
                106.801885026,
                -6.114130339
              ],
              [
                106.802290182,
                -6.115009706
              ],
              [
                106.802960453,
                -6.121003657
              ],
              [
                106.802874316,
                -6.122643904
              ],
              [
                106.801652672,
                -6.123653093
              ],
              [
                106.802096097,
                -6.124438453
              ],
              [
                106.802085301,
                -6.125218136
              ],
              [
                106.797598466,
                -6.125346626
              ],
              [
                106.793878283,
                -6.124592231
              ],
              [
                106.789261203,
                -6.126347471
              ],
              [
                106.777195674,
                -6.124161788
              ],
              [
                106.774879396,
                -6.122122915
              ],
              [
                106.773323002,
                -6.121552171
              ],
              [
                106.773253621,
                -6.120693436
              ],
              [
                106.77469883,
                -6.119588117
              ],
              [
                106.774888984,
                -6.118536509
              ],
              [
                106.774243667,
                -6.117183328
              ],
              [
                106.773404658,
                -6.116443873
              ],
              [
                106.771909435,
                -6.11579408
              ],
              [
                106.770095035,
                -6.115531879
              ],
              [
                106.769340536,
                -6.115018889
              ],
              [
                106.769394568,
                -6.114187359
              ],
              [
                106.770219144,
                -6.112363446
              ],
              [
                106.768579239,
                -6.109520839
              ],
              [
                106.767405651,
                -6.10832557
              ],
              [
                106.767763886,
                -6.10567906
              ],
              [
                106.7670086,
                -6.100821957
              ],
              [
                106.767402562,
                -6.100774109
              ],
              [
                106.769297114,
                -6.102945942
              ],
              [
                106.771151713,
                -6.103837669
              ],
              [
                106.772153478,
                -6.102277075
              ],
              [
                106.771390147,
                -6.104203487
              ],
              [
                106.77392785,
                -6.104943885
              ],
              [
                106.773852898,
                -6.105136621
              ],
              [
                106.774370728,
                -6.105237749
              ],
              [
                106.774920978,
                -6.103839815
              ],
              [
                106.776689445,
                -6.103764357
              ],
              [
                106.77546528,
                -6.106986652
              ],
              [
                106.774926927,
                -6.10701937
              ],
              [
                106.77466816,
                -6.10767967
              ],
              [
                106.775016157,
                -6.107819464
              ],
              [
                106.77418632,
                -6.10982416
              ],
              [
                106.774385599,
                -6.110032362
              ],
              [
                106.775715123,
                -6.108232895
              ],
              [
                106.776660959,
                -6.108304279
              ],
              [
                106.777320204,
                -6.106561165
              ],
              [
                106.776490248,
                -6.106226137
              ],
              [
                106.776577678,
                -6.106038437
              ],
              [
                106.779620293,
                -6.107365268
              ],
              [
                106.78005645,
                -6.107279326
              ],
              [
                106.779976143,
                -6.107520246
              ],
              [
                106.782062542,
                -6.108432548
              ],
              [
                106.784473828,
                -6.108554498
              ],
              [
                106.784479419,
                -6.109577428
              ],
              [
                106.785646545,
                -6.109563151
              ],
              [
                106.785621561,
                -6.108074799
              ],
              [
                106.786902901,
                -6.108053383
              ],
              [
                106.786970477,
                -6.109059895
              ],
              [
                106.787254065,
                -6.108899145
              ],
              [
                106.787239508,
                -6.108113305
              ],
              [
                106.790414379,
                -6.108033729
              ],
              [
                106.790073294,
                -6.107889518
              ],
              [
                106.790414279,
                -6.107814564
              ],
              [
                106.790432566,
                -6.106849912
              ],
              [
                106.793998685,
                -6.105229433
              ],
              [
                106.794485446,
                -6.098123025
              ],
              [
                106.796329501,
                -6.097059232
              ],
              [
                106.796786317,
                -6.097091722
              ],
              [
                106.796825578,
                -6.09648496
              ],
              [
                106.796543612,
                -6.096342192
              ],
              [
                106.796850562,
                -6.095970996
              ],
              [
                106.796499495,
                -6.095087718
              ],
              [
                106.796218816,
                -6.094814578
              ],
              [
                106.795576361,
                -6.094996607
              ],
              [
                106.795722698,
                -6.094625411
              ],
              [
                106.795465716,
                -6.094375567
              ],
              [
                106.795727101,
                -6.094080838
              ],
              [
                106.795205165,
                -6.094489781
              ],
              [
                106.795708421,
                -6.094022217
              ],
              [
                106.796484792,
                -6.0940621
              ]
            ]
          ],
          [
            [
              [
                106.794916273,
                -6.093566739
              ],
              [
                106.79391449,
                -6.095605174
              ],
              [
                106.794252504,
                -6.095799164
              ],
              [
                106.793905999,
                -6.096391348
              ],
              [
                106.793156394,
                -6.096486288
              ],
              [
                106.791331823,
                -6.095810997
              ],
              [
                106.790912637,
                -6.099727353
              ],
              [
                106.79098878,
                -6.104281641
              ],
              [
                106.7931598,
                -6.104215651
              ],
              [
                106.793411087,
                -6.104565797
              ],
              [
                106.792709861,
                -6.105332414
              ],
              [
                106.792343742,
                -6.105200859
              ],
              [
                106.792316571,
                -6.104782529
              ],
              [
                106.791940236,
                -6.104786532
              ],
              [
                106.792017499,
                -6.105560798
              ],
              [
                106.791760092,
                -6.105752909
              ],
              [
                106.791297988,
                -6.105530897
              ],
              [
                106.791267603,
                -6.104825244
              ],
              [
                106.790861971,
                -6.10482522
              ],
              [
                106.791272999,
                -6.106229483
              ],
              [
                106.790382228,
                -6.106650747
              ],
              [
                106.789957446,
                -6.100506863
              ],
              [
                106.79029295,
                -6.100499725
              ],
              [
                106.790935405,
                -6.094058524
              ],
              [
                106.791651623,
                -6.093201918
              ],
              [
                106.792953188,
                -6.09284024
              ],
              [
                106.794238097,
                -6.093002043
              ],
              [
                106.794916273,
                -6.093566739
              ]
            ]
          ]
        ]
      }
    },
    {
      "type": "Feature",
      "id": "a0841e6f-e8b0-53c0-9380-7e6cc2333c5a",
      "properties": {
        "id": "a0841e6f-e8b0-53c0-9380-7e6cc2333c5a",
        "code": "31.72.02.1001",
        "name": "Tanjung Priok",
        "districtId": "efa1eb6e-eb8b-50d6-beec-a9d7253ca0bb",
        "districtName": "Tanjung Priok",
        "cityId": "5867e821-bd58-5b38-9f92-da3dedc2022b",
        "cityName": "Kota Administrasi Jakarta Utara ",
        "cityShortName": "JAKARTA UTARA"
      },
      "geometry": {
        "type": "MultiPolygon",
        "coordinates": [
          [
            [
              [
                106.877045392,
                -6.094541786
              ],
              [
                106.878098049,
                -6.094719674
              ],
              [
                106.878322231,
                -6.095031375
              ],
              [
                106.878142512,
                -6.099063757
              ],
              [
                106.877662027,
                -6.099920048
              ],
              [
                106.877016152,
                -6.100318719
              ],
              [
                106.877067226,
                -6.099386499
              ],
              [
                106.876529369,
                -6.099392965
              ],
              [
                106.876395005,
                -6.100237567
              ],
              [
                106.876035985,
                -6.100424455
              ],
              [
                106.877045392,
                -6.094541786
              ]
            ]
          ],
          [
            [
              [
                106.879641196,
                -6.09430274
              ],
              [
                106.879616576,
                -6.098564532
              ],
              [
                106.880025936,
                -6.098410061
              ],
              [
                106.880142585,
                -6.09673509
              ],
              [
                106.880767421,
                -6.096998708
              ],
              [
                106.881085115,
                -6.09671532
              ],
              [
                106.881140653,
                -6.095354669
              ],
              [
                106.881781194,
                -6.095394704
              ],
              [
                106.881746048,
                -6.096035146
              ],
              [
                106.882022787,
                -6.096031309
              ],
              [
                106.882141397,
                -6.094789228
              ],
              [
                106.882686681,
                -6.094812233
              ],
              [
                106.882282295,
                -6.106380977
              ],
              [
                106.883780611,
                -6.10642867
              ],
              [
                106.884195025,
                -6.096026684
              ],
              [
                106.886446106,
                -6.096105994
              ],
              [
                106.886123242,
                -6.096338866
              ],
              [
                106.887009434,
                -6.0974095
              ],
              [
                106.886688809,
                -6.106547671
              ],
              [
                106.887963115,
                -6.106572042
              ],
              [
                106.88829729,
                -6.097210542
              ],
              [
                106.891009345,
                -6.097307726
              ],
              [
                106.890709061,
                -6.106783815
              ],
              [
                106.891460302,
                -6.106743273
              ],
              [
                106.891530015,
                -6.107483485
              ],
              [
                106.893223451,
                -6.107535219
              ],
              [
                106.893163675,
                -6.111412806
              ],
              [
                106.884239058,
                -6.111134036
              ],
              [
                106.871559805,
                -6.120908703
              ],
              [
                106.868985198,
                -6.121425748
              ],
              [
                106.867653109,
                -6.122211877
              ],
              [
                106.865609192,
                -6.122606834
              ],
              [
                106.865201612,
                -6.122939041
              ],
              [
                106.863909355,
                -6.122562598
              ],
              [
                106.863849939,
                -6.121676519
              ],
              [
                106.866373364,
                -6.120202353
              ],
              [
                106.865655348,
                -6.119630196
              ],
              [
                106.864974554,
                -6.114141306
              ],
              [
                106.865176134,
                -6.11368494
              ],
              [
                106.87140778,
                -6.110399238
              ],
              [
                106.871758036,
                -6.110528681
              ],
              [
                106.871449198,
                -6.111137577
              ],
              [
                106.87171592,
                -6.111520758
              ],
              [
                106.87095798,
                -6.114243326
              ],
              [
                106.870221185,
                -6.114737498
              ],
              [
                106.8705495,
                -6.115335613
              ],
              [
                106.87109013,
                -6.115000265
              ],
              [
                106.871666308,
                -6.115166806
              ],
              [
                106.871514147,
                -6.115583935
              ],
              [
                106.872796195,
                -6.114499486
              ],
              [
                106.872660584,
                -6.113693694
              ],
              [
                106.874670112,
                -6.103586012
              ],
              [
                106.87673241,
                -6.101802587
              ],
              [
                106.877511242,
                -6.101903416
              ],
              [
                106.877414363,
                -6.105241124
              ],
              [
                106.876658683,
                -6.106658908
              ],
              [
                106.875960363,
                -6.110525984
              ],
              [
                106.876486818,
                -6.110439729
              ],
              [
                106.877376346,
                -6.106759426
              ],
              [
                106.877710953,
                -6.106855586
              ],
              [
                106.877620705,
                -6.107296892
              ],
              [
                106.877969513,
                -6.1075024
              ],
              [
                106.877452489,
                -6.110442832
              ],
              [
                106.878568885,
                -6.109932192
              ],
              [
                106.878650862,
                -6.106494545
              ],
              [
                106.878954939,
                -6.105967191
              ],
              [
                106.878656716,
                -6.105979715
              ],
              [
                106.878794182,
                -6.102336831
              ],
              [
                106.880219796,
                -6.102429922
              ],
              [
                106.880238515,
                -6.102089367
              ],
              [
                106.879158603,
                -6.101987037
              ],
              [
                106.878755946,
                -6.10146462
              ],
              [
                106.87907045,
                -6.095002017
              ],
              [
                106.879524232,
                -6.095258796
              ],
              [
                106.879641196,
                -6.09430274
              ]
            ]
          ]
        ]
      }
    },
    {
      "type": "Feature",
      "id": "6e1f712e-9ff0-56c5-b23b-58cc84cdfb3e",
      "properties": {
        "id": "6e1f712e-9ff0-56c5-b23b-58cc84cdfb3e",
        "code": "31.72.02.1002",
        "name": "Sunter Jaya",
        "districtId": "efa1eb6e-eb8b-50d6-beec-a9d7253ca0bb",
        "districtName": "Tanjung Priok",
        "cityId": "5867e821-bd58-5b38-9f92-da3dedc2022b",
        "cityName": "Kota Administrasi Jakarta Utara ",
        "cityShortName": "JAKARTA UTARA"
      },
      "geometry": {
        "type": "Polygon",
        "coordinates": [
          [
            [
              106.890867866,
              -6.142462993
            ],
            [
              106.889840347,
              -6.147412463
            ],
            [
              106.888680608,
              -6.150431086
            ],
            [
              106.882067251,
              -6.161475664
            ],
            [
              106.881404713,
              -6.162516112
            ],
            [
              106.877507334,
              -6.163488052
            ],
            [
              106.876796282,
              -6.163419919
            ],
            [
              106.872464593,
              -6.160630056
            ],
            [
              106.860358128,
              -6.153775756
            ],
            [
              106.861134869,
              -6.15181729
            ],
            [
              106.861029981,
              -6.150542175
            ],
            [
              106.858301744,
              -6.148957573
            ],
            [
              106.877581091,
              -6.145405045
            ],
            [
              106.877078791,
              -6.142304227
            ],
            [
              106.879153415,
              -6.138868312
            ],
            [
              106.890867866,
              -6.142462993
            ]
          ]
        ]
      }
    },
    {
      "type": "Feature",
      "id": "b7c9dae8-1682-5961-a35e-fcb4789ac598",
      "properties": {
        "id": "b7c9dae8-1682-5961-a35e-fcb4789ac598",
        "code": "31.72.02.1003",
        "name": "Papanggo",
        "districtId": "efa1eb6e-eb8b-50d6-beec-a9d7253ca0bb",
        "districtName": "Tanjung Priok",
        "cityId": "5867e821-bd58-5b38-9f92-da3dedc2022b",
        "cityName": "Kota Administrasi Jakarta Utara ",
        "cityShortName": "JAKARTA UTARA"
      },
      "geometry": {
        "type": "Polygon",
        "coordinates": [
          [
            [
              106.865655348,
              -6.119630196
            ],
            [
              106.866355804,
              -6.120271028
            ],
            [
              106.863849939,
              -6.121676519
            ],
            [
              106.863909355,
              -6.122562598
            ],
            [
              106.865201612,
              -6.122939041
            ],
            [
              106.865609192,
              -6.122606834
            ],
            [
              106.867653109,
              -6.122211877
            ],
            [
              106.868985198,
              -6.121425748
            ],
            [
              106.871661423,
              -6.120847911
            ],
            [
              106.873300347,
              -6.126049106
            ],
            [
              106.883852364,
              -6.126504285
            ],
            [
              106.883952351,
              -6.127103312
            ],
            [
              106.882141964,
              -6.131974003
            ],
            [
              106.880240101,
              -6.136819572
            ],
            [
              106.879076418,
              -6.13883868
            ],
            [
              106.874373195,
              -6.137431683
            ],
            [
              106.872096102,
              -6.137406545
            ],
            [
              106.872064034,
              -6.134608879
            ],
            [
              106.871392922,
              -6.131248623
            ],
            [
              106.865006778,
              -6.133415642
            ],
            [
              106.862113609,
              -6.131085553
            ],
            [
              106.859689261,
              -6.128627196
            ],
            [
              106.858350761,
              -6.126096827
            ],
            [
              106.857596215,
              -6.123735852
            ],
            [
              106.863729972,
              -6.120909113
            ],
            [
              106.865655348,
              -6.119630196
            ]
          ]
        ]
      }
    },
    {
      "type": "Feature",
      "id": "65b16262-adfb-5f28-b1e2-aa39c6a89218",
      "properties": {
        "id": "65b16262-adfb-5f28-b1e2-aa39c6a89218",
        "code": "31.72.02.1004",
        "name": "Sungai Bambu",
        "districtId": "efa1eb6e-eb8b-50d6-beec-a9d7253ca0bb",
        "districtName": "Tanjung Priok",
        "cityId": "5867e821-bd58-5b38-9f92-da3dedc2022b",
        "cityName": "Kota Administrasi Jakarta Utara ",
        "cityShortName": "JAKARTA UTARA"
      },
      "geometry": {
        "type": "Polygon",
        "coordinates": [
          [
            [
              106.893674114,
              -6.127823987
            ],
            [
              106.893672097,
              -6.130009556
            ],
            [
              106.892364397,
              -6.133654251
            ],
            [
              106.892429887,
              -6.135781894
            ],
            [
              106.890867866,
              -6.142462993
            ],
            [
              106.879076418,
              -6.13883868
            ],
            [
              106.880361996,
              -6.136536015
            ],
            [
              106.883963078,
              -6.126891728
            ],
            [
              106.879801923,
              -6.114658157
            ],
            [
              106.884143302,
              -6.111176221
            ],
            [
              106.884666257,
              -6.111081906
            ],
            [
              106.884663259,
              -6.118790581
            ],
            [
              106.884337666,
              -6.125348041
            ],
            [
              106.883960827,
              -6.126158675
            ],
            [
              106.890487048,
              -6.127395693
            ],
            [
              106.89066193,
              -6.127929114
            ],
            [
              106.893674114,
              -6.127823987
            ]
          ]
        ]
      }
    },
    {
      "type": "Feature",
      "id": "bd9ecabd-4ee6-542c-8b6d-21a9e917e996",
      "properties": {
        "id": "bd9ecabd-4ee6-542c-8b6d-21a9e917e996",
        "code": "31.72.02.1005",
        "name": "Kebon Bawang",
        "districtId": "efa1eb6e-eb8b-50d6-beec-a9d7253ca0bb",
        "districtName": "Tanjung Priok",
        "cityId": "5867e821-bd58-5b38-9f92-da3dedc2022b",
        "cityName": "Kota Administrasi Jakarta Utara ",
        "cityShortName": "JAKARTA UTARA"
      },
      "geometry": {
        "type": "Polygon",
        "coordinates": [
          [
            [
              106.893163675,
              -6.111412806
            ],
            [
              106.893674114,
              -6.127823987
            ],
            [
              106.89066193,
              -6.127929114
            ],
            [
              106.890487048,
              -6.127395693
            ],
            [
              106.883960827,
              -6.126158675
            ],
            [
              106.883977578,
              -6.125711946
            ],
            [
              106.884287124,
              -6.125737823
            ],
            [
              106.884530035,
              -6.123276429
            ],
            [
              106.884666257,
              -6.111081906
            ],
            [
              106.893163675,
              -6.111412806
            ]
          ]
        ]
      }
    },
    {
      "type": "Feature",
      "id": "d3f656db-4af8-57e7-a0fb-728348570678",
      "properties": {
        "id": "d3f656db-4af8-57e7-a0fb-728348570678",
        "code": "31.72.02.1006",
        "name": "Sunter Agung",
        "districtId": "efa1eb6e-eb8b-50d6-beec-a9d7253ca0bb",
        "districtName": "Tanjung Priok",
        "cityId": "5867e821-bd58-5b38-9f92-da3dedc2022b",
        "cityName": "Kota Administrasi Jakarta Utara ",
        "cityShortName": "JAKARTA UTARA"
      },
      "geometry": {
        "type": "Polygon",
        "coordinates": [
          [
            [
              106.879076418,
              -6.13883868
            ],
            [
              106.877078791,
              -6.142304227
            ],
            [
              106.877581091,
              -6.145405045
            ],
            [
              106.858457394,
              -6.148831538
            ],
            [
              106.858605904,
              -6.149186731
            ],
            [
              106.860128725,
              -6.149842004
            ],
            [
              106.855981632,
              -6.150590811
            ],
            [
              106.855919375,
              -6.149366422
            ],
            [
              106.852484828,
              -6.139414856
            ],
            [
              106.852256056,
              -6.136521864
            ],
            [
              106.849916418,
              -6.133987599
            ],
            [
              106.849469016,
              -6.131251407
            ],
            [
              106.848538797,
              -6.130306552
            ],
            [
              106.847911697,
              -6.128968539
            ],
            [
              106.847662622,
              -6.12715239
            ],
            [
              106.852328708,
              -6.126071629
            ],
            [
              106.857596215,
              -6.123735852
            ],
            [
              106.858350761,
              -6.126096827
            ],
            [
              106.859802609,
              -6.128780387
            ],
            [
              106.865006778,
              -6.133415642
            ],
            [
              106.871392922,
              -6.131248623
            ],
            [
              106.872064034,
              -6.134608879
            ],
            [
              106.872096102,
              -6.137406545
            ],
            [
              106.874373195,
              -6.137431683
            ],
            [
              106.879076418,
              -6.13883868
            ]
          ]
        ]
      }
    },
    {
      "type": "Feature",
      "id": "b34f3072-4b48-5926-b3d1-9388c05903e5",
      "properties": {
        "id": "b34f3072-4b48-5926-b3d1-9388c05903e5",
        "code": "31.72.02.1007",
        "name": "Warakas",
        "districtId": "efa1eb6e-eb8b-50d6-beec-a9d7253ca0bb",
        "districtName": "Tanjung Priok",
        "cityId": "5867e821-bd58-5b38-9f92-da3dedc2022b",
        "cityName": "Kota Administrasi Jakarta Utara ",
        "cityShortName": "JAKARTA UTARA"
      },
      "geometry": {
        "type": "Polygon",
        "coordinates": [
          [
            [
              106.883852364,
              -6.126504285
            ],
            [
              106.873300347,
              -6.126049106
            ],
            [
              106.871661423,
              -6.120847911
            ],
            [
              106.879801923,
              -6.114658157
            ],
            [
              106.883852364,
              -6.126504285
            ]
          ]
        ]
      }
    },
    {
      "type": "Feature",
      "id": "814f4e74-9001-5339-bfb5-e5865a9ac50e",
      "properties": {
        "id": "814f4e74-9001-5339-bfb5-e5865a9ac50e",
        "code": "31.72.03.1001",
        "name": "Koja",
        "districtId": "964e0f4d-6714-5a9d-a3c6-677516b08da8",
        "districtName": "Koja",
        "cityId": "5867e821-bd58-5b38-9f92-da3dedc2022b",
        "cityName": "Kota Administrasi Jakarta Utara ",
        "cityShortName": "JAKARTA UTARA"
      },
      "geometry": {
        "type": "Polygon",
        "coordinates": [
          [
            [
              106.906784007,
              -6.108474568
            ],
            [
              106.906726767,
              -6.111824196
            ],
            [
              106.903078262,
              -6.112000589
            ],
            [
              106.903138053,
              -6.114391283
            ],
            [
              106.893131662,
              -6.114008242
            ],
            [
              106.893223451,
              -6.107535219
            ],
            [
              106.891530015,
              -6.107483485
            ],
            [
              106.891663279,
              -6.106597512
            ],
            [
              106.892367272,
              -6.106850589
            ],
            [
              106.892734293,
              -6.09736513
            ],
            [
              106.905146374,
              -6.097861714
            ],
            [
              106.905114449,
              -6.098502464
            ],
            [
              106.905498329,
              -6.098511987
            ],
            [
              106.90521979,
              -6.107017781
            ],
            [
              106.906784007,
              -6.108474568
            ]
          ]
        ]
      }
    },
    {
      "type": "Feature",
      "id": "f2e60f05-b663-5ff9-9627-f38063e76d30",
      "properties": {
        "id": "f2e60f05-b663-5ff9-9627-f38063e76d30",
        "code": "31.72.03.1002",
        "name": "Tugu Utara",
        "districtId": "964e0f4d-6714-5a9d-a3c6-677516b08da8",
        "districtName": "Koja",
        "cityId": "5867e821-bd58-5b38-9f92-da3dedc2022b",
        "cityName": "Kota Administrasi Jakarta Utara ",
        "cityShortName": "JAKARTA UTARA"
      },
      "geometry": {
        "type": "Polygon",
        "coordinates": [
          [
            [
              106.910202731,
              -6.118248556
            ],
            [
              106.918850333,
              -6.118671157
            ],
            [
              106.918875091,
              -6.119625271
            ],
            [
              106.920675139,
              -6.119047082
            ],
            [
              106.920988541,
              -6.122112637
            ],
            [
              106.921402242,
              -6.121999954
            ],
            [
              106.921670787,
              -6.122396228
            ],
            [
              106.922517423,
              -6.12450651
            ],
            [
              106.923141834,
              -6.123951559
            ],
            [
              106.9236086,
              -6.124670671
            ],
            [
              106.922734905,
              -6.125085528
            ],
            [
              106.922423784,
              -6.125747514
            ],
            [
              106.921364925,
              -6.12658484
            ],
            [
              106.919724656,
              -6.126580387
            ],
            [
              106.918656072,
              -6.12829375
            ],
            [
              106.918405517,
              -6.129254089
            ],
            [
              106.917803689,
              -6.129005373
            ],
            [
              106.916607959,
              -6.130039253
            ],
            [
              106.913890086,
              -6.131378537
            ],
            [
              106.912464619,
              -6.13121717
            ],
            [
              106.910809523,
              -6.129979166
            ],
            [
              106.90900569,
              -6.129207772
            ],
            [
              106.903719829,
              -6.129912179
            ],
            [
              106.903331423,
              -6.118816989
            ],
            [
              106.910171413,
              -6.119146652
            ],
            [
              106.910202731,
              -6.118248556
            ]
          ]
        ]
      }
    },
    {
      "type": "Feature",
      "id": "61bd8eaf-9e4e-5ca2-8d98-ec695a75abae",
      "properties": {
        "id": "61bd8eaf-9e4e-5ca2-8d98-ec695a75abae",
        "code": "31.72.03.1003",
        "name": "Lagoa",
        "districtId": "964e0f4d-6714-5a9d-a3c6-677516b08da8",
        "districtName": "Koja",
        "cityId": "5867e821-bd58-5b38-9f92-da3dedc2022b",
        "cityName": "Kota Administrasi Jakarta Utara ",
        "cityShortName": "JAKARTA UTARA"
      },
      "geometry": {
        "type": "Polygon",
        "coordinates": [
          [
            [
              106.916937505,
              -6.118640919
            ],
            [
              106.910202731,
              -6.118248556
            ],
            [
              106.910171413,
              -6.119146652
            ],
            [
              106.903325149,
              -6.11881688
            ],
            [
              106.903078262,
              -6.112000589
            ],
            [
              106.906672991,
              -6.111903165
            ],
            [
              106.906811647,
              -6.108719209
            ],
            [
              106.910616991,
              -6.108967313
            ],
            [
              106.917435889,
              -6.108270517
            ],
            [
              106.916937505,
              -6.118640919
            ]
          ]
        ]
      }
    },
    {
      "type": "Feature",
      "id": "3a06af02-313c-5a6a-8d90-b1bd710161e5",
      "properties": {
        "id": "3a06af02-313c-5a6a-8d90-b1bd710161e5",
        "code": "31.72.03.1004",
        "name": "Rawa Badak Utara",
        "districtId": "964e0f4d-6714-5a9d-a3c6-677516b08da8",
        "districtName": "Koja",
        "cityId": "5867e821-bd58-5b38-9f92-da3dedc2022b",
        "cityName": "Kota Administrasi Jakarta Utara ",
        "cityShortName": "JAKARTA UTARA"
      },
      "geometry": {
        "type": "Polygon",
        "coordinates": [
          [
            [
              106.903138053,
              -6.114391283
            ],
            [
              106.903480332,
              -6.123527698
            ],
            [
              106.895952,
              -6.123491
            ],
            [
              106.894215462,
              -6.130739045
            ],
            [
              106.893545054,
              -6.13058125
            ],
            [
              106.893704202,
              -6.128642078
            ],
            [
              106.893131662,
              -6.114008242
            ],
            [
              106.903138053,
              -6.114391283
            ]
          ]
        ]
      }
    },
    {
      "type": "Feature",
      "id": "b5b3137b-a67c-5d63-874e-e2a96b1c9e75",
      "properties": {
        "id": "b5b3137b-a67c-5d63-874e-e2a96b1c9e75",
        "code": "31.72.03.1005",
        "name": "Tugu Selatan",
        "districtId": "964e0f4d-6714-5a9d-a3c6-677516b08da8",
        "districtName": "Koja",
        "cityId": "5867e821-bd58-5b38-9f92-da3dedc2022b",
        "cityName": "Kota Administrasi Jakarta Utara ",
        "cityShortName": "JAKARTA UTARA"
      },
      "geometry": {
        "type": "Polygon",
        "coordinates": [
          [
            [
              106.918405517,
              -6.129254089
            ],
            [
              106.918552577,
              -6.131233296
            ],
            [
              106.919201687,
              -6.131563389
            ],
            [
              106.919538884,
              -6.132266807
            ],
            [
              106.919065791,
              -6.133738447
            ],
            [
              106.917251751,
              -6.136412683
            ],
            [
              106.917019308,
              -6.137538821
            ],
            [
              106.914447479,
              -6.137376907
            ],
            [
              106.912210456,
              -6.141310991
            ],
            [
              106.906266578,
              -6.143643782
            ],
            [
              106.905335752,
              -6.14211136
            ],
            [
              106.904586874,
              -6.141571603
            ],
            [
              106.903658871,
              -6.129905104
            ],
            [
              106.908806668,
              -6.129179089
            ],
            [
              106.910809523,
              -6.129979166
            ],
            [
              106.912464619,
              -6.13121717
            ],
            [
              106.913890086,
              -6.131378537
            ],
            [
              106.916607959,
              -6.130039253
            ],
            [
              106.917803689,
              -6.129005373
            ],
            [
              106.918405517,
              -6.129254089
            ]
          ]
        ]
      }
    },
    {
      "type": "Feature",
      "id": "f5199a5a-8ffe-5d3e-a6b5-a5d2578a3d79",
      "properties": {
        "id": "f5199a5a-8ffe-5d3e-a6b5-a5d2578a3d79",
        "code": "31.72.03.1006",
        "name": "Rawa Badak Selatan",
        "districtId": "964e0f4d-6714-5a9d-a3c6-677516b08da8",
        "districtName": "Koja",
        "cityId": "5867e821-bd58-5b38-9f92-da3dedc2022b",
        "cityName": "Kota Administrasi Jakarta Utara ",
        "cityShortName": "JAKARTA UTARA"
      },
      "geometry": {
        "type": "Polygon",
        "coordinates": [
          [
            [
              106.903480332,
              -6.123527698
            ],
            [
              106.904270629,
              -6.139702807
            ],
            [
              106.900156303,
              -6.138723209
            ],
            [
              106.899460874,
              -6.141576185
            ],
            [
              106.89919622,
              -6.141722728
            ],
            [
              106.89200279,
              -6.137765202
            ],
            [
              106.892466046,
              -6.135530584
            ],
            [
              106.892364397,
              -6.133654251
            ],
            [
              106.893545054,
              -6.13058125
            ],
            [
              106.894215462,
              -6.130739045
            ],
            [
              106.895952,
              -6.123491
            ],
            [
              106.903480332,
              -6.123527698
            ]
          ]
        ]
      }
    },
    {
      "type": "Feature",
      "id": "4f85befb-ebee-5a67-987c-390abcb33c29",
      "properties": {
        "id": "4f85befb-ebee-5a67-987c-390abcb33c29",
        "code": "31.72.04.1001",
        "name": "Cilincing",
        "districtId": "256be0a3-dd19-59af-bd82-c5312e4f9a71",
        "districtName": "Cilincing",
        "cityId": "5867e821-bd58-5b38-9f92-da3dedc2022b",
        "cityName": "Kota Administrasi Jakarta Utara ",
        "cityShortName": "JAKARTA UTARA"
      },
      "geometry": {
        "type": "Polygon",
        "coordinates": [
          [
            [
              106.956957956,
              -6.097374451
            ],
            [
              106.955814999,
              -6.099434001
            ],
            [
              106.953860422,
              -6.101784042
            ],
            [
              106.953574887,
              -6.102840523
            ],
            [
              106.95488835,
              -6.105795814
            ],
            [
              106.95537376,
              -6.105952858
            ],
            [
              106.956651531,
              -6.105574524
            ],
            [
              106.957129802,
              -6.10585292
            ],
            [
              106.957984811,
              -6.108681305
            ],
            [
              106.952957992,
              -6.1100826
            ],
            [
              106.947918294,
              -6.110189677
            ],
            [
              106.948243804,
              -6.113006483
            ],
            [
              106.949653635,
              -6.114234285
            ],
            [
              106.948782197,
              -6.114733258
            ],
            [
              106.948526762,
              -6.11445614
            ],
            [
              106.946466295,
              -6.114523053
            ],
            [
              106.945700537,
              -6.114160661
            ],
            [
              106.944843932,
              -6.115624506
            ],
            [
              106.945165872,
              -6.116968805
            ],
            [
              106.945812966,
              -6.117169909
            ],
            [
              106.945876982,
              -6.116811737
            ],
            [
              106.946539424,
              -6.116806027
            ],
            [
              106.946623181,
              -6.117121543
            ],
            [
              106.94733464,
              -6.117197686
            ],
            [
              106.947427439,
              -6.117602194
            ],
            [
              106.94816761,
              -6.117674847
            ],
            [
              106.948510085,
              -6.118030307
            ],
            [
              106.951786366,
              -6.118802522
            ],
            [
              106.9524381,
              -6.119185893
            ],
            [
              106.952463085,
              -6.119846193
            ],
            [
              106.953184061,
              -6.119953268
            ],
            [
              106.952862833,
              -6.121134671
            ],
            [
              106.953198734,
              -6.12508061
            ],
            [
              106.952920337,
              -6.130998052
            ],
            [
              106.948347046,
              -6.13348785
            ],
            [
              106.94267985,
              -6.135207655
            ],
            [
              106.942477994,
              -6.133201334
            ],
            [
              106.943805733,
              -6.13317278
            ],
            [
              106.943748626,
              -6.132530326
            ],
            [
              106.944576678,
              -6.132530326
            ],
            [
              106.944505294,
              -6.130988435
            ],
            [
              106.941564553,
              -6.131018109
            ],
            [
              106.941461668,
              -6.123193325
            ],
            [
              106.940808088,
              -6.123077203
            ],
            [
              106.940803973,
              -6.119369606
            ],
            [
              106.938698151,
              -6.119060276
            ],
            [
              106.939178804,
              -6.117375586
            ],
            [
              106.937659159,
              -6.116892825
            ],
            [
              106.937449171,
              -6.115332454
            ],
            [
              106.936775783,
              -6.113286117
            ],
            [
              106.936252302,
              -6.11261273
            ],
            [
              106.936309409,
              -6.111541973
            ],
            [
              106.935563379,
              -6.111600081
            ],
            [
              106.933271906,
              -6.106516036
            ],
            [
              106.934856,
              -6.105662
            ],
            [
              106.93475,
              -6.105451
            ],
            [
              106.934062,
              -6.104126
            ],
            [
              106.931871,
              -6.105274
            ],
            [
              106.926894793,
              -6.106947575
            ],
            [
              106.926643,
              -6.103615
            ],
            [
              106.937628,
              -6.099108999
            ],
            [
              106.936737058,
              -6.096053631
            ],
            [
              106.939347443,
              -6.096083382
            ],
            [
              106.939527522,
              -6.097738356
            ],
            [
              106.940015309,
              -6.097660274
            ],
            [
              106.941066626,
              -6.098311827
            ],
            [
              106.9455069,
              -6.097698195
            ],
            [
              106.947396206,
              -6.096818653
            ],
            [
              106.948733156,
              -6.096569318
            ],
            [
              106.952394827,
              -6.096600514
            ],
            [
              106.948459198,
              -6.096433952
            ],
            [
              106.946436657,
              -6.096576719
            ],
            [
              106.946359086,
              -6.094740886
            ],
            [
              106.947011058,
              -6.095002626
            ],
            [
              106.947265661,
              -6.094774198
            ],
            [
              106.947175241,
              -6.09419123
            ],
            [
              106.946373363,
              -6.093855726
            ],
            [
              106.947525022,
              -6.093065745
            ],
            [
              106.94709196,
              -6.09251371
            ],
            [
              106.947601165,
              -6.092180586
            ],
            [
              106.947398911,
              -6.091759421
            ],
            [
              106.947862905,
              -6.090476892
            ],
            [
              106.948614815,
              -6.095511831
            ],
            [
              106.950732535,
              -6.095466621
            ],
            [
              106.950325585,
              -6.090023362
            ],
            [
              106.954683014,
              -6.089600287
            ],
            [
              106.95510864,
              -6.095010616
            ],
            [
              106.956404848,
              -6.09493559
            ],
            [
              106.956478544,
              -6.09584896
            ],
            [
              106.956943306,
              -6.095840026
            ],
            [
              106.956626567,
              -6.097303815
            ],
            [
              106.956957956,
              -6.097374451
            ]
          ]
        ]
      }
    },
    {
      "type": "Feature",
      "id": "53a120f6-57a2-5c2b-a05b-3847a722c237",
      "properties": {
        "id": "53a120f6-57a2-5c2b-a05b-3847a722c237",
        "code": "31.72.04.1002",
        "name": "Sukapura",
        "districtId": "256be0a3-dd19-59af-bd82-c5312e4f9a71",
        "districtName": "Cilincing",
        "cityId": "5867e821-bd58-5b38-9f92-da3dedc2022b",
        "cityName": "Kota Administrasi Jakarta Utara ",
        "cityShortName": "JAKARTA UTARA"
      },
      "geometry": {
        "type": "Polygon",
        "coordinates": [
          [
            [
              106.936141479,
              -6.136848213
            ],
            [
              106.938375462,
              -6.139989794
            ],
            [
              106.939397972,
              -6.142415856
            ],
            [
              106.939774903,
              -6.144335979
            ],
            [
              106.940156211,
              -6.151346375
            ],
            [
              106.938713655,
              -6.152853399
            ],
            [
              106.935765876,
              -6.158525133
            ],
            [
              106.933788101,
              -6.158321394
            ],
            [
              106.933797182,
              -6.157997863
            ],
            [
              106.933528304,
              -6.157995483
            ],
            [
              106.933540558,
              -6.158333366
            ],
            [
              106.933096075,
              -6.158471136
            ],
            [
              106.933130354,
              -6.159104718
            ],
            [
              106.929764173,
              -6.159615426
            ],
            [
              106.927935683,
              -6.160540048
            ],
            [
              106.924238149,
              -6.161206466
            ],
            [
              106.922156104,
              -6.161228193
            ],
            [
              106.922047237,
              -6.161610882
            ],
            [
              106.922016817,
              -6.160829679
            ],
            [
              106.921347733,
              -6.159697728
            ],
            [
              106.921523527,
              -6.158806115
            ],
            [
              106.9201758,
              -6.157087192
            ],
            [
              106.918708863,
              -6.153204268
            ],
            [
              106.917560178,
              -6.15167832
            ],
            [
              106.917803059,
              -6.149501378
            ],
            [
              106.917198482,
              -6.147534617
            ],
            [
              106.915876757,
              -6.145883821
            ],
            [
              106.91549648,
              -6.144914809
            ],
            [
              106.917183821,
              -6.137016839
            ],
            [
              106.923037072,
              -6.136629782
            ],
            [
              106.923113123,
              -6.13727084
            ],
            [
              106.924456727,
              -6.137146832
            ],
            [
              106.926625922,
              -6.137733591
            ],
            [
              106.931296435,
              -6.137856585
            ],
            [
              106.936141479,
              -6.136848213
            ]
          ]
        ]
      }
    },
    {
      "type": "Feature",
      "id": "821f05ba-a33f-550f-944a-92d526eff2ff",
      "properties": {
        "id": "821f05ba-a33f-550f-944a-92d526eff2ff",
        "code": "31.72.04.1003",
        "name": "Marunda",
        "districtId": "256be0a3-dd19-59af-bd82-c5312e4f9a71",
        "districtName": "Cilincing",
        "cityId": "5867e821-bd58-5b38-9f92-da3dedc2022b",
        "cityName": "Kota Administrasi Jakarta Utara ",
        "cityShortName": "JAKARTA UTARA"
      },
      "geometry": {
        "type": "Polygon",
        "coordinates": [
          [
            [
              106.96803207,
              -6.091125909
            ],
            [
              106.969720565,
              -6.091155303
            ],
            [
              106.970035793,
              -6.090717923
            ],
            [
              106.970194657,
              -6.093647414
            ],
            [
              106.970985859,
              -6.096262053
            ],
            [
              106.970485004,
              -6.096503091
            ],
            [
              106.970205,
              -6.09777
            ],
            [
              106.970346588,
              -6.100987961
            ],
            [
              106.969955083,
              -6.101732222
            ],
            [
              106.969901808,
              -6.104897853
            ],
            [
              106.970324839,
              -6.107533009
            ],
            [
              106.970077888,
              -6.108509875
            ],
            [
              106.970453843,
              -6.110161221
            ],
            [
              106.970239692,
              -6.110627596
            ],
            [
              106.97043917,
              -6.111488167
            ],
            [
              106.969990047,
              -6.111735036
            ],
            [
              106.97032,
              -6.113547
            ],
            [
              106.96987,
              -6.114331
            ],
            [
              106.970180404,
              -6.1159794
            ],
            [
              106.969987,
              -6.11671
            ],
            [
              106.970212,
              -6.116658
            ],
            [
              106.970858816,
              -6.120156167
            ],
            [
              106.970546246,
              -6.120678835
            ],
            [
              106.970719,
              -6.121195
            ],
            [
              106.970364812,
              -6.123061271
            ],
            [
              106.971087573,
              -6.124753662
            ],
            [
              106.970686039,
              -6.125033249
            ],
            [
              106.970832,
              -6.1259
            ],
            [
              106.970512,
              -6.126355
            ],
            [
              106.970204328,
              -6.128655002
            ],
            [
              106.969084924,
              -6.128924891
            ],
            [
              106.969012001,
              -6.129953
            ],
            [
              106.96811,
              -6.130062
            ],
            [
              106.968097,
              -6.130399
            ],
            [
              106.964618,
              -6.130998
            ],
            [
              106.964146,
              -6.132189
            ],
            [
              106.961988,
              -6.132105
            ],
            [
              106.961934,
              -6.132393
            ],
            [
              106.960572999,
              -6.132189
            ],
            [
              106.960487,
              -6.132579
            ],
            [
              106.95855,
              -6.132450001
            ],
            [
              106.957522,
              -6.13219
            ],
            [
              106.95728132,
              -6.131850518
            ],
            [
              106.952535315,
              -6.131666092
            ],
            [
              106.952042378,
              -6.131319751
            ],
            [
              106.952920337,
              -6.130998052
            ],
            [
              106.953198734,
              -6.12508061
            ],
            [
              106.952862833,
              -6.121134671
            ],
            [
              106.953184061,
              -6.119953268
            ],
            [
              106.952463085,
              -6.119846193
            ],
            [
              106.9524381,
              -6.119185893
            ],
            [
              106.951786366,
              -6.118802522
            ],
            [
              106.948510085,
              -6.118030307
            ],
            [
              106.94816761,
              -6.117674847
            ],
            [
              106.947427439,
              -6.117602194
            ],
            [
              106.94733464,
              -6.117197686
            ],
            [
              106.946623181,
              -6.117121543
            ],
            [
              106.946539424,
              -6.116806027
            ],
            [
              106.945876982,
              -6.116811737
            ],
            [
              106.945812966,
              -6.117169909
            ],
            [
              106.945165872,
              -6.116968805
            ],
            [
              106.944841076,
              -6.116383459
            ],
            [
              106.945081877,
              -6.114861174
            ],
            [
              106.945700537,
              -6.114160661
            ],
            [
              106.946466295,
              -6.114523053
            ],
            [
              106.948526762,
              -6.11445614
            ],
            [
              106.948782197,
              -6.114733258
            ],
            [
              106.949653635,
              -6.114234285
            ],
            [
              106.948243804,
              -6.113006483
            ],
            [
              106.947918294,
              -6.110189677
            ],
            [
              106.952957992,
              -6.1100826
            ],
            [
              106.957984811,
              -6.108681305
            ],
            [
              106.957001312,
              -6.105703015
            ],
            [
              106.95537376,
              -6.105952858
            ],
            [
              106.954717029,
              -6.10563163
            ],
            [
              106.953574887,
              -6.102840523
            ],
            [
              106.953639133,
              -6.102155238
            ],
            [
              106.955814999,
              -6.099434001
            ],
            [
              106.956957956,
              -6.097374451
            ],
            [
              106.957539251,
              -6.097498354
            ],
            [
              106.957771576,
              -6.096900762
            ],
            [
              106.958711095,
              -6.096208881
            ],
            [
              106.958913717,
              -6.093659936
            ],
            [
              106.959253184,
              -6.093755262
            ],
            [
              106.961642267,
              -6.09265187
            ],
            [
              106.963009563,
              -6.092562608
            ],
            [
              106.963607402,
              -6.09268753
            ],
            [
              106.963072024,
              -6.092714299
            ],
            [
              106.96324156,
              -6.093029577
            ],
            [
              106.964023808,
              -6.092871938
            ],
            [
              106.964232011,
              -6.093553059
            ],
            [
              106.964648417,
              -6.093443009
            ],
            [
              106.964555915,
              -6.093712978
            ],
            [
              106.965536253,
              -6.093829572
            ],
            [
              106.966692671,
              -6.093384613
            ],
            [
              106.967841951,
              -6.0922044
            ],
            [
              106.96787217,
              -6.091436191
            ],
            [
              106.966339797,
              -6.091919698
            ],
            [
              106.967887398,
              -6.091272484
            ],
            [
              106.967728636,
              -6.090442825
            ],
            [
              106.967941835,
              -6.088748649
            ],
            [
              106.96803207,
              -6.091125909
            ]
          ]
        ]
      }
    },
    {
      "type": "Feature",
      "id": "0a4f274f-7b0a-58a5-ba3d-65040b7e05ac",
      "properties": {
        "id": "0a4f274f-7b0a-58a5-ba3d-65040b7e05ac",
        "code": "31.72.04.1004",
        "name": "Kalibaru",
        "districtId": "256be0a3-dd19-59af-bd82-c5312e4f9a71",
        "districtName": "Cilincing",
        "cityId": "5867e821-bd58-5b38-9f92-da3dedc2022b",
        "cityName": "Kota Administrasi Jakarta Utara ",
        "cityShortName": "JAKARTA UTARA"
      },
      "geometry": {
        "type": "MultiPolygon",
        "coordinates": [
          [
            [
              [
                106.937628,
                -6.099108999
              ],
              [
                106.926643,
                -6.103615
              ],
              [
                106.926894793,
                -6.106947575
              ],
              [
                106.922128423,
                -6.108154296
              ],
              [
                106.918185567,
                -6.108198904
              ],
              [
                106.910616991,
                -6.108967313
              ],
              [
                106.906811647,
                -6.108719209
              ],
              [
                106.907412887,
                -6.105695809
              ],
              [
                106.907296414,
                -6.104319195
              ],
              [
                106.907663585,
                -6.104276348
              ],
              [
                106.907787315,
                -6.10384298
              ],
              [
                106.910460749,
                -6.103852874
              ],
              [
                106.910393838,
                -6.101668205
              ],
              [
                106.909007648,
                -6.101468906
              ],
              [
                106.908996665,
                -6.10171402
              ],
              [
                106.907945815,
                -6.101709617
              ],
              [
                106.907968067,
                -6.09995792
              ],
              [
                106.90945523,
                -6.098906198
              ],
              [
                106.911224027,
                -6.098963353
              ],
              [
                106.911270932,
                -6.098518607
              ],
              [
                106.914087145,
                -6.098646248
              ],
              [
                106.91403837,
                -6.100054821
              ],
              [
                106.914366954,
                -6.100047672
              ],
              [
                106.914392308,
                -6.099447023
              ],
              [
                106.914978157,
                -6.098905753
              ],
              [
                106.918859554,
                -6.099101721
              ],
              [
                106.919016285,
                -6.104048737
              ],
              [
                106.919444588,
                -6.104377103
              ],
              [
                106.921311989,
                -6.103757491
              ],
              [
                106.921174932,
                -6.103429125
              ],
              [
                106.919989961,
                -6.10338915
              ],
              [
                106.919764388,
                -6.10281808
              ],
              [
                106.92002708,
                -6.101230503
              ],
              [
                106.920689522,
                -6.100276485
              ],
              [
                106.922477726,
                -6.100162695
              ],
              [
                106.924148803,
                -6.099648389
              ],
              [
                106.925584753,
                -6.098542858
              ],
              [
                106.925544915,
                -6.09909918
              ],
              [
                106.926078255,
                -6.099545805
              ],
              [
                106.92599207,
                -6.098834442
              ],
              [
                106.926358374,
                -6.09767891
              ],
              [
                106.926716208,
                -6.097498217
              ],
              [
                106.934556012,
                -6.09613649
              ],
              [
                106.936737058,
                -6.096053631
              ],
              [
                106.937628,
                -6.099108999
              ]
            ]
          ],
          [
            [
              [
                106.923882432,
                -6.089307312
              ],
              [
                106.92344066,
                -6.089404575
              ],
              [
                106.923323044,
                -6.089931273
              ],
              [
                106.923146213,
                -6.089320503
              ],
              [
                106.919437996,
                -6.089544224
              ],
              [
                106.918560961,
                -6.090226724
              ],
              [
                106.899834143,
                -6.090235605
              ],
              [
                106.899058593,
                -6.08988429
              ],
              [
                106.899027428,
                -6.082314453
              ],
              [
                106.923367127,
                -6.082168505
              ],
              [
                106.923390651,
                -6.088782788
              ],
              [
                106.923440192,
                -6.089273007
              ],
              [
                106.923882432,
                -6.089307312
              ]
            ]
          ]
        ]
      }
    },
    {
      "type": "Feature",
      "id": "a428b5e0-c90a-51fe-af2b-b4a008c33e2d",
      "properties": {
        "id": "a428b5e0-c90a-51fe-af2b-b4a008c33e2d",
        "code": "31.72.04.1005",
        "name": "Semper Timur",
        "districtId": "256be0a3-dd19-59af-bd82-c5312e4f9a71",
        "districtName": "Cilincing",
        "cityId": "5867e821-bd58-5b38-9f92-da3dedc2022b",
        "cityName": "Kota Administrasi Jakarta Utara ",
        "cityShortName": "JAKARTA UTARA"
      },
      "geometry": {
        "type": "Polygon",
        "coordinates": [
          [
            [
              106.94267985,
              -6.135207655
            ],
            [
              106.936229329,
              -6.136834586
            ],
            [
              106.927211294,
              -6.124265187
            ],
            [
              106.925141099,
              -6.117948631
            ],
            [
              106.922966632,
              -6.10974418
            ],
            [
              106.922484088,
              -6.108283473
            ],
            [
              106.922128423,
              -6.108154296
            ],
            [
              106.928604001,
              -6.106468
            ],
            [
              106.934062,
              -6.104126
            ],
            [
              106.934856,
              -6.105662
            ],
            [
              106.933271906,
              -6.106516036
            ],
            [
              106.935563379,
              -6.111600081
            ],
            [
              106.936309409,
              -6.111541973
            ],
            [
              106.936252302,
              -6.11261273
            ],
            [
              106.936775783,
              -6.113286117
            ],
            [
              106.937449171,
              -6.115332454
            ],
            [
              106.937659159,
              -6.116892825
            ],
            [
              106.939178804,
              -6.117375586
            ],
            [
              106.938698151,
              -6.119060276
            ],
            [
              106.940803973,
              -6.119369606
            ],
            [
              106.940808088,
              -6.123077203
            ],
            [
              106.941461668,
              -6.123193325
            ],
            [
              106.941564553,
              -6.131018109
            ],
            [
              106.944505294,
              -6.130988435
            ],
            [
              106.944576678,
              -6.132530326
            ],
            [
              106.943748626,
              -6.132530326
            ],
            [
              106.943805733,
              -6.13317278
            ],
            [
              106.942477994,
              -6.133201334
            ],
            [
              106.94267985,
              -6.135207655
            ]
          ]
        ]
      }
    },
    {
      "type": "Feature",
      "id": "85f9d03a-b278-5260-89f4-fa246a72c9b9",
      "properties": {
        "id": "85f9d03a-b278-5260-89f4-fa246a72c9b9",
        "code": "31.72.04.1006",
        "name": "Rorotan",
        "districtId": "256be0a3-dd19-59af-bd82-c5312e4f9a71",
        "districtName": "Cilincing",
        "cityId": "5867e821-bd58-5b38-9f92-da3dedc2022b",
        "cityName": "Kota Administrasi Jakarta Utara ",
        "cityShortName": "JAKARTA UTARA"
      },
      "geometry": {
        "type": "Polygon",
        "coordinates": [
          [
            [
              106.970204328,
              -6.128655002
            ],
            [
              106.970317,
              -6.132166
            ],
            [
              106.969594,
              -6.132712
            ],
            [
              106.970388,
              -6.137142
            ],
            [
              106.970632,
              -6.137156
            ],
            [
              106.970735,
              -6.140066
            ],
            [
              106.970261,
              -6.140201
            ],
            [
              106.971682438,
              -6.142962488
            ],
            [
              106.971823,
              -6.144626
            ],
            [
              106.972581,
              -6.146178
            ],
            [
              106.971778,
              -6.145884
            ],
            [
              106.971257,
              -6.146013
            ],
            [
              106.971387,
              -6.146431
            ],
            [
              106.970973,
              -6.146543
            ],
            [
              106.971298155,
              -6.14885205
            ],
            [
              106.970822,
              -6.149493
            ],
            [
              106.970689,
              -6.150513
            ],
            [
              106.971899,
              -6.150042
            ],
            [
              106.972159,
              -6.150657
            ],
            [
              106.972204,
              -6.151479
            ],
            [
              106.971323778,
              -6.152729278
            ],
            [
              106.971508668,
              -6.15433276
            ],
            [
              106.968546674,
              -6.154520123
            ],
            [
              106.963984954,
              -6.155864785
            ],
            [
              106.963941827,
              -6.156191415
            ],
            [
              106.963475232,
              -6.156291975
            ],
            [
              106.960982826,
              -6.15573191
            ],
            [
              106.960999455,
              -6.158333631
            ],
            [
              106.958625218,
              -6.158883806
            ],
            [
              106.958603616,
              -6.15951506
            ],
            [
              106.956994528,
              -6.158375167
            ],
            [
              106.954270969,
              -6.157656027
            ],
            [
              106.953235873,
              -6.158318809
            ],
            [
              106.952691992,
              -6.160063619
            ],
            [
              106.952199147,
              -6.159890738
            ],
            [
              106.951770982,
              -6.161094448
            ],
            [
              106.951529686,
              -6.161493194
            ],
            [
              106.951089961,
              -6.161483676
            ],
            [
              106.950872211,
              -6.16220161
            ],
            [
              106.948792245,
              -6.16230339
            ],
            [
              106.948674458,
              -6.163139772
            ],
            [
              106.944382069,
              -6.162936177
            ],
            [
              106.944713091,
              -6.158230953
            ],
            [
              106.944331132,
              -6.155017813
            ],
            [
              106.940384079,
              -6.155225241
            ],
            [
              106.939606123,
              -6.14319825
            ],
            [
              106.938375462,
              -6.139989794
            ],
            [
              106.936141479,
              -6.136848213
            ],
            [
              106.940364,
              -6.135974
            ],
            [
              106.948347046,
              -6.13348785
            ],
            [
              106.952042378,
              -6.131319751
            ],
            [
              106.953245582,
              -6.131773497
            ],
            [
              106.95728132,
              -6.131850518
            ],
            [
              106.957522,
              -6.13219
            ],
            [
              106.95855,
              -6.132450001
            ],
            [
              106.960487,
              -6.132579
            ],
            [
              106.960572999,
              -6.132189
            ],
            [
              106.961934,
              -6.132393
            ],
            [
              106.961988,
              -6.132105
            ],
            [
              106.964146,
              -6.132189
            ],
            [
              106.964618,
              -6.130998
            ],
            [
              106.968097,
              -6.130399
            ],
            [
              106.96811,
              -6.130062
            ],
            [
              106.969012001,
              -6.129953
            ],
            [
              106.969084924,
              -6.128924891
            ],
            [
              106.970204328,
              -6.128655002
            ]
          ]
        ]
      }
    },
    {
      "type": "Feature",
      "id": "8559d7ef-15a0-568f-a26a-f06fc7501d81",
      "properties": {
        "id": "8559d7ef-15a0-568f-a26a-f06fc7501d81",
        "code": "31.72.04.1007",
        "name": "Semper Barat",
        "districtId": "256be0a3-dd19-59af-bd82-c5312e4f9a71",
        "districtName": "Cilincing",
        "cityId": "5867e821-bd58-5b38-9f92-da3dedc2022b",
        "cityName": "Kota Administrasi Jakarta Utara ",
        "cityShortName": "JAKARTA UTARA"
      },
      "geometry": {
        "type": "Polygon",
        "coordinates": [
          [
            [
              106.936229329,
              -6.136834586
            ],
            [
              106.931296435,
              -6.137856585
            ],
            [
              106.926625922,
              -6.137733591
            ],
            [
              106.924456727,
              -6.137146832
            ],
            [
              106.923113123,
              -6.13727084
            ],
            [
              106.923037072,
              -6.136629782
            ],
            [
              106.917183821,
              -6.137016839
            ],
            [
              106.917251751,
              -6.136412683
            ],
            [
              106.919065791,
              -6.133738447
            ],
            [
              106.919538884,
              -6.132266807
            ],
            [
              106.918487985,
              -6.13096053
            ],
            [
              106.918374763,
              -6.129388494
            ],
            [
              106.918656072,
              -6.12829375
            ],
            [
              106.919724656,
              -6.126580387
            ],
            [
              106.921364925,
              -6.12658484
            ],
            [
              106.922423784,
              -6.125747514
            ],
            [
              106.922734905,
              -6.125085528
            ],
            [
              106.9236086,
              -6.124670671
            ],
            [
              106.923141834,
              -6.123951559
            ],
            [
              106.922517423,
              -6.12450651
            ],
            [
              106.921670787,
              -6.122396228
            ],
            [
              106.921402242,
              -6.121999954
            ],
            [
              106.920988541,
              -6.122112637
            ],
            [
              106.920675139,
              -6.119047082
            ],
            [
              106.918875091,
              -6.119625271
            ],
            [
              106.918850333,
              -6.118671157
            ],
            [
              106.916937505,
              -6.118640919
            ],
            [
              106.917435889,
              -6.108270517
            ],
            [
              106.922484088,
              -6.108283473
            ],
            [
              106.927211294,
              -6.124265187
            ],
            [
              106.936229329,
              -6.136834586
            ]
          ]
        ]
      }
    },
    {
      "type": "Feature",
      "id": "f504ab86-9cc0-5a77-b01c-d4d7b417a8bf",
      "properties": {
        "id": "f504ab86-9cc0-5a77-b01c-d4d7b417a8bf",
        "code": "31.72.05.1001",
        "name": "Pademangan Timur",
        "districtId": "d84d41f5-22d4-5933-955e-c1c6619b5aa9",
        "districtName": "Pademangan",
        "cityId": "5867e821-bd58-5b38-9f92-da3dedc2022b",
        "cityName": "Kota Administrasi Jakarta Utara ",
        "cityShortName": "JAKARTA UTARA"
      },
      "geometry": {
        "type": "Polygon",
        "coordinates": [
          [
            [
              106.855981621,
              -6.150393844
            ],
            [
              106.857665534,
              -6.150423483
            ],
            [
              106.860128725,
              -6.149842004
            ],
            [
              106.860773113,
              -6.150199462
            ],
            [
              106.861191408,
              -6.151462741
            ],
            [
              106.860358128,
              -6.153775756
            ],
            [
              106.85651994,
              -6.151807806
            ],
            [
              106.845356695,
              -6.153481544
            ],
            [
              106.84127445,
              -6.150736657
            ],
            [
              106.842406803,
              -6.148393286
            ],
            [
              106.843471569,
              -6.147248732
            ],
            [
              106.843116523,
              -6.146573859
            ],
            [
              106.844083375,
              -6.144958
            ],
            [
              106.838417841,
              -6.141760428
            ],
            [
              106.843085484,
              -6.13002052
            ],
            [
              106.844283138,
              -6.128591995
            ],
            [
              106.844612766,
              -6.127698423
            ],
            [
              106.847662622,
              -6.12715239
            ],
            [
              106.847911697,
              -6.128968539
            ],
            [
              106.848538797,
              -6.130306552
            ],
            [
              106.849469016,
              -6.131251407
            ],
            [
              106.849916418,
              -6.133987599
            ],
            [
              106.852256056,
              -6.136521864
            ],
            [
              106.852484828,
              -6.139414856
            ],
            [
              106.855919375,
              -6.149366422
            ],
            [
              106.855981621,
              -6.150393844
            ]
          ]
        ]
      }
    },
    {
      "type": "Feature",
      "id": "2b8a599c-107f-586d-b558-3ec7e49995d7",
      "properties": {
        "id": "2b8a599c-107f-586d-b558-3ec7e49995d7",
        "code": "31.72.05.1002",
        "name": "Pademangan Barat",
        "districtId": "d84d41f5-22d4-5933-955e-c1c6619b5aa9",
        "districtName": "Pademangan",
        "cityId": "5867e821-bd58-5b38-9f92-da3dedc2022b",
        "cityName": "Kota Administrasi Jakarta Utara ",
        "cityShortName": "JAKARTA UTARA"
      },
      "geometry": {
        "type": "Polygon",
        "coordinates": [
          [
            [
              106.843085484,
              -6.13002052
            ],
            [
              106.83730695,
              -6.144542547
            ],
            [
              106.837152779,
              -6.146050001
            ],
            [
              106.836551455,
              -6.144301435
            ],
            [
              106.835661469,
              -6.143049886
            ],
            [
              106.834381704,
              -6.142066203
            ],
            [
              106.833076029,
              -6.141560911
            ],
            [
              106.830579743,
              -6.130299306
            ],
            [
              106.844612766,
              -6.127698423
            ],
            [
              106.844283138,
              -6.128591995
            ],
            [
              106.843085484,
              -6.13002052
            ]
          ]
        ]
      }
    },
    {
      "type": "Feature",
      "id": "f8122c24-6f4c-5cca-8134-fb5e7c2715bd",
      "properties": {
        "id": "f8122c24-6f4c-5cca-8134-fb5e7c2715bd",
        "code": "31.72.05.1003",
        "name": "Ancol",
        "districtId": "d84d41f5-22d4-5933-955e-c1c6619b5aa9",
        "districtName": "Pademangan",
        "cityId": "5867e821-bd58-5b38-9f92-da3dedc2022b",
        "cityName": "Kota Administrasi Jakarta Utara ",
        "cityShortName": "JAKARTA UTARA"
      },
      "geometry": {
        "type": "Polygon",
        "coordinates": [
          [
            [
              106.864643129,
              -6.113704357
            ],
            [
              106.865176134,
              -6.11368494
            ],
            [
              106.864974554,
              -6.114141306
            ],
            [
              106.865655348,
              -6.119630196
            ],
            [
              106.863729972,
              -6.120909113
            ],
            [
              106.850969848,
              -6.126491364
            ],
            [
              106.830579743,
              -6.130299306
            ],
            [
              106.833078999,
              -6.14157488
            ],
            [
              106.831641134,
              -6.140861704
            ],
            [
              106.830804334,
              -6.139633242
            ],
            [
              106.830699536,
              -6.135136715
            ],
            [
              106.827748891,
              -6.135884745
            ],
            [
              106.821322506,
              -6.136863627
            ],
            [
              106.819891416,
              -6.136324404
            ],
            [
              106.81677625,
              -6.137123675
            ],
            [
              106.815050961,
              -6.130237543
            ],
            [
              106.813575049,
              -6.130057549
            ],
            [
              106.810484679,
              -6.130837331
            ],
            [
              106.809619978,
              -6.128429835
            ],
            [
              106.807869659,
              -6.116094541
            ],
            [
              106.809037165,
              -6.116936131
            ],
            [
              106.809602724,
              -6.120225962
            ],
            [
              106.81139983,
              -6.120487195
            ],
            [
              106.811827363,
              -6.122673432
            ],
            [
              106.812532864,
              -6.122550829
            ],
            [
              106.812025802,
              -6.119282681
            ],
            [
              106.812271078,
              -6.119239845
            ],
            [
              106.812392925,
              -6.11994929
            ],
            [
              106.812986125,
              -6.119873386
            ],
            [
              106.813110735,
              -6.120659833
            ],
            [
              106.813826669,
              -6.120749027
            ],
            [
              106.8145607,
              -6.119452378
            ],
            [
              106.816467661,
              -6.119899997
            ],
            [
              106.817210053,
              -6.114874575
            ],
            [
              106.823273644,
              -6.115759089
            ],
            [
              106.823216537,
              -6.116397975
            ],
            [
              106.823491365,
              -6.116440805
            ],
            [
              106.823623425,
              -6.11579835
            ],
            [
              106.825672141,
              -6.116033917
            ],
            [
              106.825650726,
              -6.117354518
            ],
            [
              106.826418102,
              -6.117076121
            ],
            [
              106.828195559,
              -6.117447317
            ],
            [
              106.828975864,
              -6.121379614
            ],
            [
              106.829451161,
              -6.121348443
            ],
            [
              106.829072236,
              -6.118479507
            ],
            [
              106.829359204,
              -6.11880289
            ],
            [
              106.829362761,
              -6.120144664
            ],
            [
              106.829912543,
              -6.120208758
            ],
            [
              106.830128851,
              -6.12087602
            ],
            [
              106.830596538,
              -6.121067245
            ],
            [
              106.834077047,
              -6.120786719
            ],
            [
              106.834191087,
              -6.121363434
            ],
            [
              106.834979165,
              -6.121727253
            ],
            [
              106.835426503,
              -6.12139984
            ],
            [
              106.838592251,
              -6.121465989
            ],
            [
              106.838830016,
              -6.120885034
            ],
            [
              106.842650981,
              -6.121050203
            ],
            [
              106.843084674,
              -6.12172297
            ],
            [
              106.842547043,
              -6.122523477
            ],
            [
              106.841688291,
              -6.122642911
            ],
            [
              106.840127364,
              -6.122181296
            ],
            [
              106.839277341,
              -6.122516083
            ],
            [
              106.839455355,
              -6.123154346
            ],
            [
              106.840136864,
              -6.123752887
            ],
            [
              106.84190392,
              -6.12351404
            ],
            [
              106.84265047,
              -6.123702564
            ],
            [
              106.843223854,
              -6.123583621
            ],
            [
              106.843111395,
              -6.122991338
            ],
            [
              106.843850586,
              -6.121075595
            ],
            [
              106.846500554,
              -6.120143963
            ],
            [
              106.846318208,
              -6.119328355
            ],
            [
              106.846708322,
              -6.119271
            ],
            [
              106.846925503,
              -6.120262122
            ],
            [
              106.847326504,
              -6.120506512
            ],
            [
              106.848746079,
              -6.120128638
            ],
            [
              106.848730879,
              -6.119251759
            ],
            [
              106.849445103,
              -6.119619121
            ],
            [
              106.851267384,
              -6.119068116
            ],
            [
              106.851232482,
              -6.118751065
            ],
            [
              106.851758592,
              -6.118594928
            ],
            [
              106.851986827,
              -6.118902397
            ],
            [
              106.853361249,
              -6.11843949
            ],
            [
              106.853493604,
              -6.118095444
            ],
            [
              106.853866478,
              -6.118397725
            ],
            [
              106.854972804,
              -6.117198067
            ],
            [
              106.856275305,
              -6.116931632
            ],
            [
              106.858245987,
              -6.115493304
            ],
            [
              106.858722949,
              -6.114704575
            ],
            [
              106.858594108,
              -6.114220587
            ],
            [
              106.858184431,
              -6.113842267
            ],
            [
              106.857284127,
              -6.113742694
            ],
            [
              106.853181936,
              -6.116645637
            ],
            [
              106.849535809,
              -6.117450688
            ],
            [
              106.848829671,
              -6.117092533
            ],
            [
              106.852572794,
              -6.116312512
            ],
            [
              106.855235609,
              -6.114810134
            ],
            [
              106.855192235,
              -6.113934037
            ],
            [
              106.854390702,
              -6.113250543
            ],
            [
              106.854150377,
              -6.112517669
            ],
            [
              106.855549421,
              -6.111271148
            ],
            [
              106.855836706,
              -6.110462807
            ],
            [
              106.857411349,
              -6.110124248
            ],
            [
              106.857935,
              -6.11074716
            ],
            [
              106.858604054,
              -6.110835112
            ],
            [
              106.860841699,
              -6.110162914
            ],
            [
              106.861369773,
              -6.114640355
            ],
            [
              106.862661106,
              -6.114521231
            ],
            [
              106.862643209,
              -6.114183985
            ],
            [
              106.863152547,
              -6.114089544
            ],
            [
              106.863325958,
              -6.115334684
            ],
            [
              106.863533763,
              -6.115298079
            ],
            [
              106.863511781,
              -6.112182291
            ],
            [
              106.863917554,
              -6.111565921
            ],
            [
              106.864761336,
              -6.110737518
            ],
            [
              106.867676176,
              -6.109030255
            ],
            [
              106.867710864,
              -6.108657249
            ],
            [
              106.86945684,
              -6.107491061
            ],
            [
              106.871386178,
              -6.105412988
            ],
            [
              106.872926857,
              -6.104351196
            ],
            [
              106.872048869,
              -6.108496512
            ],
            [
              106.86492302,
              -6.112332835
            ],
            [
              106.864643129,
              -6.113704357
            ]
          ]
        ]
      }
    },
    {
      "type": "Feature",
      "id": "13bfdaec-e62a-5f86-806c-c6284011a152",
      "properties": {
        "id": "13bfdaec-e62a-5f86-806c-c6284011a152",
        "code": "31.72.06.1001",
        "name": "Kelapa Gading Timur",
        "districtId": "b9a0dc45-3079-5b6a-8e01-d193ef446545",
        "districtName": "Kelapa Gading",
        "cityId": "5867e821-bd58-5b38-9f92-da3dedc2022b",
        "cityName": "Kota Administrasi Jakarta Utara ",
        "cityShortName": "JAKARTA UTARA"
      },
      "geometry": {
        "type": "Polygon",
        "coordinates": [
          [
            [
              106.909178617,
              -6.154461668
            ],
            [
              106.911530592,
              -6.154755851
            ],
            [
              106.911430456,
              -6.156383248
            ],
            [
              106.907524331,
              -6.162753359
            ],
            [
              106.910251371,
              -6.164328501
            ],
            [
              106.90890674,
              -6.166624646
            ],
            [
              106.911386395,
              -6.168086745
            ],
            [
              106.908379047,
              -6.17342528
            ],
            [
              106.907661798,
              -6.173102363
            ],
            [
              106.907152988,
              -6.175995305
            ],
            [
              106.907382783,
              -6.177847278
            ],
            [
              106.907151718,
              -6.179505505
            ],
            [
              106.906633195,
              -6.180547387
            ],
            [
              106.901313196,
              -6.178546737
            ],
            [
              106.896381811,
              -6.177998814
            ],
            [
              106.893254016,
              -6.175198446
            ],
            [
              106.906835739,
              -6.152994046
            ],
            [
              106.909178617,
              -6.154461668
            ]
          ]
        ]
      }
    },
    {
      "type": "Feature",
      "id": "f61f265c-6a4f-5603-8686-b3b70b12c75a",
      "properties": {
        "id": "f61f265c-6a4f-5603-8686-b3b70b12c75a",
        "code": "31.72.06.1002",
        "name": "Pegangsaan Dua",
        "districtId": "b9a0dc45-3079-5b6a-8e01-d193ef446545",
        "districtName": "Kelapa Gading",
        "cityId": "5867e821-bd58-5b38-9f92-da3dedc2022b",
        "cityName": "Kota Administrasi Jakarta Utara ",
        "cityShortName": "JAKARTA UTARA"
      },
      "geometry": {
        "type": "Polygon",
        "coordinates": [
          [
            [
              106.916478924,
              -6.137351449
            ],
            [
              106.916914184,
              -6.137655995
            ],
            [
              106.91685464,
              -6.139261648
            ],
            [
              106.915528777,
              -6.145058369
            ],
            [
              106.917420918,
              -6.148144738
            ],
            [
              106.917803059,
              -6.149501378
            ],
            [
              106.917560178,
              -6.15167832
            ],
            [
              106.918708863,
              -6.153204268
            ],
            [
              106.9201758,
              -6.157087192
            ],
            [
              106.921523527,
              -6.158806115
            ],
            [
              106.921347733,
              -6.159697728
            ],
            [
              106.922047277,
              -6.160994247
            ],
            [
              106.922053722,
              -6.162233599
            ],
            [
              106.921056908,
              -6.166710205
            ],
            [
              106.921141334,
              -6.167568
            ],
            [
              106.920388684,
              -6.17014156
            ],
            [
              106.921218103,
              -6.175898429
            ],
            [
              106.921924966,
              -6.178033856
            ],
            [
              106.921810372,
              -6.178967058
            ],
            [
              106.922118933,
              -6.179785331
            ],
            [
              106.921636708,
              -6.180496071
            ],
            [
              106.922503706,
              -6.183116057
            ],
            [
              106.913818988,
              -6.182449897
            ],
            [
              106.91203486,
              -6.182701424
            ],
            [
              106.909857968,
              -6.18223654
            ],
            [
              106.906633195,
              -6.180547387
            ],
            [
              106.907151718,
              -6.179505505
            ],
            [
              106.907382783,
              -6.177847278
            ],
            [
              106.907152988,
              -6.175995305
            ],
            [
              106.907661798,
              -6.173102363
            ],
            [
              106.908379047,
              -6.17342528
            ],
            [
              106.911386395,
              -6.168086745
            ],
            [
              106.90890674,
              -6.166624646
            ],
            [
              106.910251371,
              -6.164328501
            ],
            [
              106.907524331,
              -6.162753359
            ],
            [
              106.911444232,
              -6.15626095
            ],
            [
              106.911530592,
              -6.154755851
            ],
            [
              106.909178617,
              -6.154461668
            ],
            [
              106.909762902,
              -6.142305161
            ],
            [
              106.912239139,
              -6.141282272
            ],
            [
              106.912377096,
              -6.140618255
            ],
            [
              106.913493931,
              -6.139372637
            ],
            [
              106.914447479,
              -6.137376907
            ],
            [
              106.91517726,
              -6.137606495
            ],
            [
              106.916478924,
              -6.137351449
            ]
          ]
        ]
      }
    },
    {
      "type": "Feature",
      "id": "7cac20bd-7046-5cfe-b229-cf41bd3905ff",
      "properties": {
        "id": "7cac20bd-7046-5cfe-b229-cf41bd3905ff",
        "code": "31.72.06.1003",
        "name": "Kelapa Gading Barat",
        "districtId": "b9a0dc45-3079-5b6a-8e01-d193ef446545",
        "districtName": "Kelapa Gading",
        "cityId": "5867e821-bd58-5b38-9f92-da3dedc2022b",
        "cityName": "Kota Administrasi Jakarta Utara ",
        "cityShortName": "JAKARTA UTARA"
      },
      "geometry": {
        "type": "Polygon",
        "coordinates": [
          [
            [
              106.89200279,
              -6.137765202
            ],
            [
              106.89919622,
              -6.141722728
            ],
            [
              106.899460874,
              -6.141576185
            ],
            [
              106.900156303,
              -6.138723209
            ],
            [
              106.904364177,
              -6.139730421
            ],
            [
              106.904586874,
              -6.141571603
            ],
            [
              106.905335752,
              -6.14211136
            ],
            [
              106.906266578,
              -6.143643782
            ],
            [
              106.90861386,
              -6.142922652
            ],
            [
              106.909402698,
              -6.142380569
            ],
            [
              106.90988861,
              -6.142437921
            ],
            [
              106.909178617,
              -6.154461668
            ],
            [
              106.906835739,
              -6.152994046
            ],
            [
              106.893254016,
              -6.175198446
            ],
            [
              106.891003849,
              -6.173132131
            ],
            [
              106.882117163,
              -6.167695284
            ],
            [
              106.880221374,
              -6.166678998
            ],
            [
              106.878903404,
              -6.1664195
            ],
            [
              106.888680608,
              -6.150431086
            ],
            [
              106.889840347,
              -6.147412463
            ],
            [
              106.89200279,
              -6.137765202
            ]
          ]
        ]
      }
    },
    {
      "type": "Feature",
      "id": "d23cf82d-ba75-5530-8384-9089a1c5e5f5",
      "properties": {
        "id": "d23cf82d-ba75-5530-8384-9089a1c5e5f5",
        "code": "31.73.01.1001",
        "name": "Cengkareng Barat",
        "districtId": "af6d7ac4-9159-5b65-aae5-fc9361e1977e",
        "districtName": "Cengkareng",
        "cityId": "245d9fa3-f490-5ac3-9655-dd89d48b7681",
        "cityName": "Kota Administrasi Jakarta Barat",
        "cityShortName": "JAKARTA BARAT"
      },
      "geometry": {
        "type": "Polygon",
        "coordinates": [
          [
            [
              106.730592001,
              -6.123339
            ],
            [
              106.729959572,
              -6.1258043
            ],
            [
              106.730291534,
              -6.133817537
            ],
            [
              106.73002256,
              -6.139470513
            ],
            [
              106.727729667,
              -6.149198445
            ],
            [
              106.727490987,
              -6.154149088
            ],
            [
              106.722084922,
              -6.152889698
            ],
            [
              106.718938387,
              -6.153061618
            ],
            [
              106.71790452,
              -6.145432112
            ],
            [
              106.71832445,
              -6.143562549
            ],
            [
              106.717461418,
              -6.143376606
            ],
            [
              106.716685356,
              -6.138470083
            ],
            [
              106.716628189,
              -6.133590301
            ],
            [
              106.717856,
              -6.1324212
            ],
            [
              106.716751611,
              -6.131168481
            ],
            [
              106.719678292,
              -6.128822837
            ],
            [
              106.719259974,
              -6.128252509
            ],
            [
              106.720584379,
              -6.126673592
            ],
            [
              106.721248596,
              -6.126968028
            ],
            [
              106.722363225,
              -6.126109339
            ],
            [
              106.723283926,
              -6.125949118
            ],
            [
              106.72442713,
              -6.126352337
            ],
            [
              106.72719384,
              -6.124043641
            ],
            [
              106.7286019,
              -6.1237197
            ],
            [
              106.7286013,
              -6.1232564
            ],
            [
              106.7298371,
              -6.1227078
            ],
            [
              106.730592001,
              -6.123339
            ]
          ]
        ]
      }
    },
    {
      "type": "Feature",
      "id": "2750857c-b9cd-55c5-a7c2-63d5a9bb61b7",
      "properties": {
        "id": "2750857c-b9cd-55c5-a7c2-63d5a9bb61b7",
        "code": "31.73.01.1002",
        "name": "Duri Kosambi",
        "districtId": "af6d7ac4-9159-5b65-aae5-fc9361e1977e",
        "districtName": "Cengkareng",
        "cityId": "245d9fa3-f490-5ac3-9655-dd89d48b7681",
        "cityName": "Kota Administrasi Jakarta Barat",
        "cityShortName": "JAKARTA BARAT"
      },
      "geometry": {
        "type": "Polygon",
        "coordinates": [
          [
            [
              106.727490987,
              -6.154149088
            ],
            [
              106.727250928,
              -6.165260245
            ],
            [
              106.728014947,
              -6.170751805
            ],
            [
              106.728362226,
              -6.176173637
            ],
            [
              106.72771982,
              -6.176680012
            ],
            [
              106.727508097,
              -6.177652559
            ],
            [
              106.726953509,
              -6.177335138
            ],
            [
              106.726680026,
              -6.177487295
            ],
            [
              106.726997094,
              -6.178772096
            ],
            [
              106.72577431,
              -6.178637714
            ],
            [
              106.72525555,
              -6.179826903
            ],
            [
              106.725848867,
              -6.179974066
            ],
            [
              106.725629488,
              -6.180489985
            ],
            [
              106.725234691,
              -6.180967172
            ],
            [
              106.724736823,
              -6.180820027
            ],
            [
              106.724450416,
              -6.181083111
            ],
            [
              106.724932643,
              -6.182076429
            ],
            [
              106.724078636,
              -6.182589644
            ],
            [
              106.724258993,
              -6.18376091
            ],
            [
              106.723874568,
              -6.18394916
            ],
            [
              106.723332878,
              -6.18361368
            ],
            [
              106.72309783,
              -6.184673944
            ],
            [
              106.721521842,
              -6.184774505
            ],
            [
              106.713632748,
              -6.18131542
            ],
            [
              106.701248932,
              -6.177278455
            ],
            [
              106.701255381,
              -6.177027319
            ],
            [
              106.700592803,
              -6.176835589
            ],
            [
              106.70326623,
              -6.174763341
            ],
            [
              106.705127361,
              -6.174832374
            ],
            [
              106.706492743,
              -6.17392699
            ],
            [
              106.708645447,
              -6.174637239
            ],
            [
              106.710588582,
              -6.174124623
            ],
            [
              106.71163899,
              -6.171865877
            ],
            [
              106.712663833,
              -6.171187101
            ],
            [
              106.713671343,
              -6.167965051
            ],
            [
              106.716559305,
              -6.165803673
            ],
            [
              106.716446957,
              -6.16072628
            ],
            [
              106.715382991,
              -6.16064423
            ],
            [
              106.715480253,
              -6.158085283
            ],
            [
              106.716097808,
              -6.158077975
            ],
            [
              106.716142856,
              -6.156136442
            ],
            [
              106.715753417,
              -6.155173759
            ],
            [
              106.719008755,
              -6.153433093
            ],
            [
              106.718938387,
              -6.153061618
            ],
            [
              106.72105963,
              -6.152835373
            ],
            [
              106.727490987,
              -6.154149088
            ]
          ]
        ]
      }
    },
    {
      "type": "Feature",
      "id": "4e8a4999-92e2-5c7a-8ad2-db5c7547a0c4",
      "properties": {
        "id": "4e8a4999-92e2-5c7a-8ad2-db5c7547a0c4",
        "code": "31.73.01.1003",
        "name": "Rawa Buaya",
        "districtId": "af6d7ac4-9159-5b65-aae5-fc9361e1977e",
        "districtName": "Cengkareng",
        "cityId": "245d9fa3-f490-5ac3-9655-dd89d48b7681",
        "cityName": "Kota Administrasi Jakarta Barat",
        "cityShortName": "JAKARTA BARAT"
      },
      "geometry": {
        "type": "Polygon",
        "coordinates": [
          [
            [
              106.747962674,
              -6.155689015
            ],
            [
              106.747566621,
              -6.160231226
            ],
            [
              106.748768192,
              -6.165659785
            ],
            [
              106.747008227,
              -6.16533713
            ],
            [
              106.746668472,
              -6.165005973
            ],
            [
              106.746468031,
              -6.165297838
            ],
            [
              106.746711904,
              -6.165881666
            ],
            [
              106.7462196,
              -6.166029716
            ],
            [
              106.745757871,
              -6.16565933
            ],
            [
              106.745452797,
              -6.166443479
            ],
            [
              106.744376709,
              -6.16669164
            ],
            [
              106.744028312,
              -6.165916104
            ],
            [
              106.743692768,
              -6.166521624
            ],
            [
              106.742642873,
              -6.166429968
            ],
            [
              106.741701726,
              -6.167349068
            ],
            [
              106.741605768,
              -6.168063542
            ],
            [
              106.740486238,
              -6.167527493
            ],
            [
              106.740398935,
              -6.168586143
            ],
            [
              106.740093993,
              -6.168507673
            ],
            [
              106.739993873,
              -6.16802407
            ],
            [
              106.739688891,
              -6.168193928
            ],
            [
              106.739449334,
              -6.16789328
            ],
            [
              106.738830403,
              -6.169749107
            ],
            [
              106.738555945,
              -6.169735991
            ],
            [
              106.738451539,
              -6.168842862
            ],
            [
              106.738046418,
              -6.168646745
            ],
            [
              106.737819832,
              -6.168934245
            ],
            [
              106.737771795,
              -6.169613873
            ],
            [
              106.738372898,
              -6.170175981
            ],
            [
              106.738229061,
              -6.170611621
            ],
            [
              106.737880554,
              -6.170528786
            ],
            [
              106.737641052,
              -6.169905746
            ],
            [
              106.736307887,
              -6.170341183
            ],
            [
              106.735641412,
              -6.169931544
            ],
            [
              106.735427871,
              -6.170345387
            ],
            [
              106.735697868,
              -6.170959721
            ],
            [
              106.735218608,
              -6.171212323
            ],
            [
              106.734852701,
              -6.170985714
            ],
            [
              106.734382148,
              -6.17127317
            ],
            [
              106.734293635,
              -6.171737549
            ],
            [
              106.733500795,
              -6.171476011
            ],
            [
              106.732577001,
              -6.172669566
            ],
            [
              106.731984487,
              -6.172817585
            ],
            [
              106.731757784,
              -6.173728082
            ],
            [
              106.731461513,
              -6.173871798
            ],
            [
              106.731905789,
              -6.174377248
            ],
            [
              106.730764256,
              -6.175034894
            ],
            [
              106.730999339,
              -6.175975971
            ],
            [
              106.729300453,
              -6.175056409
            ],
            [
              106.72910872,
              -6.175300345
            ],
            [
              106.729592201,
              -6.175818875
            ],
            [
              106.729017154,
              -6.175722922
            ],
            [
              106.728362226,
              -6.176173637
            ],
            [
              106.728014947,
              -6.170751805
            ],
            [
              106.727250928,
              -6.165260245
            ],
            [
              106.727501578,
              -6.154520332
            ],
            [
              106.731170929,
              -6.155385136
            ],
            [
              106.734782202,
              -6.154897651
            ],
            [
              106.73819973,
              -6.154944894
            ],
            [
              106.747962674,
              -6.155689015
            ]
          ]
        ]
      }
    },
    {
      "type": "Feature",
      "id": "19e4b666-5851-5234-85ac-e61edb425d0c",
      "properties": {
        "id": "19e4b666-5851-5234-85ac-e61edb425d0c",
        "code": "31.73.01.1004",
        "name": "Kedaung Kali Angke",
        "districtId": "af6d7ac4-9159-5b65-aae5-fc9361e1977e",
        "districtName": "Cengkareng",
        "cityId": "245d9fa3-f490-5ac3-9655-dd89d48b7681",
        "cityName": "Kota Administrasi Jakarta Barat",
        "cityShortName": "JAKARTA BARAT"
      },
      "geometry": {
        "type": "Polygon",
        "coordinates": [
          [
            [
              106.77202596,
              -6.150382881
            ],
            [
              106.766660448,
              -6.159935272
            ],
            [
              106.763099589,
              -6.158798752
            ],
            [
              106.76309961,
              -6.158449662
            ],
            [
              106.761083657,
              -6.158200253
            ],
            [
              106.759416482,
              -6.159190188
            ],
            [
              106.753187565,
              -6.157910149
            ],
            [
              106.747710893,
              -6.158275116
            ],
            [
              106.748348501,
              -6.153274175
            ],
            [
              106.750340072,
              -6.149774556
            ],
            [
              106.750557061,
              -6.141433349
            ],
            [
              106.751216043,
              -6.141712272
            ],
            [
              106.753334317,
              -6.144079206
            ],
            [
              106.758737266,
              -6.146876481
            ],
            [
              106.760578021,
              -6.148780293
            ],
            [
              106.764691216,
              -6.149220971
            ],
            [
              106.76835884,
              -6.148819075
            ],
            [
              106.77202596,
              -6.150382881
            ]
          ]
        ]
      }
    },
    {
      "type": "Feature",
      "id": "dfd8b9ae-511c-55d4-b1ff-23ecee3b829b",
      "properties": {
        "id": "dfd8b9ae-511c-55d4-b1ff-23ecee3b829b",
        "code": "31.73.01.1005",
        "name": "Kapuk",
        "districtId": "af6d7ac4-9159-5b65-aae5-fc9361e1977e",
        "districtName": "Cengkareng",
        "cityId": "245d9fa3-f490-5ac3-9655-dd89d48b7681",
        "cityName": "Kota Administrasi Jakarta Barat",
        "cityShortName": "JAKARTA BARAT"
      },
      "geometry": {
        "type": "Polygon",
        "coordinates": [
          [
            [
              106.75030043,
              -6.134078807
            ],
            [
              106.755869467,
              -6.136407054
            ],
            [
              106.768201896,
              -6.140645619
            ],
            [
              106.772748108,
              -6.14145741
            ],
            [
              106.774605748,
              -6.141296868
            ],
            [
              106.775656276,
              -6.141641208
            ],
            [
              106.775042148,
              -6.145213536
            ],
            [
              106.772026255,
              -6.150383017
            ],
            [
              106.76835884,
              -6.148819075
            ],
            [
              106.764691216,
              -6.149220971
            ],
            [
              106.760578021,
              -6.148780293
            ],
            [
              106.758737266,
              -6.146876481
            ],
            [
              106.753334317,
              -6.144079206
            ],
            [
              106.751216043,
              -6.141712272
            ],
            [
              106.750557061,
              -6.141433349
            ],
            [
              106.750340072,
              -6.149774556
            ],
            [
              106.748552185,
              -6.152694121
            ],
            [
              106.74338039,
              -6.151464152
            ],
            [
              106.742178168,
              -6.151493419
            ],
            [
              106.742129348,
              -6.15184133
            ],
            [
              106.739965477,
              -6.151594233
            ],
            [
              106.739784198,
              -6.15216624
            ],
            [
              106.737694009,
              -6.151991169
            ],
            [
              106.73838883,
              -6.151079927
            ],
            [
              106.738181368,
              -6.150184919
            ],
            [
              106.740288417,
              -6.148642657
            ],
            [
              106.740428131,
              -6.147964341
            ],
            [
              106.741342507,
              -6.146856719
            ],
            [
              106.73947904,
              -6.146337696
            ],
            [
              106.738871534,
              -6.145139301
            ],
            [
              106.73904873,
              -6.144829275
            ],
            [
              106.739469444,
              -6.144851491
            ],
            [
              106.739491857,
              -6.143212623
            ],
            [
              106.740200474,
              -6.142969123
            ],
            [
              106.741913429,
              -6.140711697
            ],
            [
              106.742223275,
              -6.140835335
            ],
            [
              106.743070595,
              -6.140208688
            ],
            [
              106.744528595,
              -6.140135392
            ],
            [
              106.745902667,
              -6.137888423
            ],
            [
              106.744067788,
              -6.137469824
            ],
            [
              106.74343145,
              -6.136987158
            ],
            [
              106.743354861,
              -6.136728609
            ],
            [
              106.744315795,
              -6.136557936
            ],
            [
              106.741130806,
              -6.133166893
            ],
            [
              106.740183706,
              -6.131797324
            ],
            [
              106.740457875,
              -6.131578126
            ],
            [
              106.740003751,
              -6.131585582
            ],
            [
              106.739078453,
              -6.130488076
            ],
            [
              106.739124528,
              -6.129953819
            ],
            [
              106.736982622,
              -6.128352353
            ],
            [
              106.738624754,
              -6.126819178
            ],
            [
              106.744525518,
              -6.129788448
            ],
            [
              106.75030043,
              -6.134078807
            ]
          ]
        ]
      }
    },
    {
      "type": "Feature",
      "id": "384f84d6-edcc-5715-a85b-8e1dfe7a74ed",
      "properties": {
        "id": "384f84d6-edcc-5715-a85b-8e1dfe7a74ed",
        "code": "31.73.01.1006",
        "name": "Cengkareng Timur",
        "districtId": "af6d7ac4-9159-5b65-aae5-fc9361e1977e",
        "districtName": "Cengkareng",
        "cityId": "245d9fa3-f490-5ac3-9655-dd89d48b7681",
        "cityName": "Kota Administrasi Jakarta Barat",
        "cityShortName": "JAKARTA BARAT"
      },
      "geometry": {
        "type": "Polygon",
        "coordinates": [
          [
            [
              106.738624754,
              -6.126819178
            ],
            [
              106.736982622,
              -6.128352353
            ],
            [
              106.739124528,
              -6.129953819
            ],
            [
              106.739078453,
              -6.130488076
            ],
            [
              106.740003751,
              -6.131585582
            ],
            [
              106.740457875,
              -6.131578126
            ],
            [
              106.740183706,
              -6.131797324
            ],
            [
              106.741130806,
              -6.133166893
            ],
            [
              106.744315795,
              -6.136557936
            ],
            [
              106.743354861,
              -6.136728609
            ],
            [
              106.74343145,
              -6.136987158
            ],
            [
              106.744067788,
              -6.137469824
            ],
            [
              106.745902667,
              -6.137888423
            ],
            [
              106.744528595,
              -6.140135392
            ],
            [
              106.743070595,
              -6.140208688
            ],
            [
              106.742223275,
              -6.140835335
            ],
            [
              106.741913429,
              -6.140711697
            ],
            [
              106.740200474,
              -6.142969123
            ],
            [
              106.739491857,
              -6.143212623
            ],
            [
              106.739469444,
              -6.144851491
            ],
            [
              106.73904873,
              -6.144829275
            ],
            [
              106.738871534,
              -6.145139301
            ],
            [
              106.73947904,
              -6.146337696
            ],
            [
              106.741342507,
              -6.146856719
            ],
            [
              106.740428131,
              -6.147964341
            ],
            [
              106.740288417,
              -6.148642657
            ],
            [
              106.738181368,
              -6.150184919
            ],
            [
              106.73838883,
              -6.151079927
            ],
            [
              106.737694009,
              -6.151991169
            ],
            [
              106.739784198,
              -6.15216624
            ],
            [
              106.739965477,
              -6.151594233
            ],
            [
              106.742129348,
              -6.15184133
            ],
            [
              106.742178168,
              -6.151493419
            ],
            [
              106.74338039,
              -6.151464152
            ],
            [
              106.747999192,
              -6.15244162
            ],
            [
              106.748552185,
              -6.152694121
            ],
            [
              106.747962674,
              -6.155689015
            ],
            [
              106.73819973,
              -6.154944894
            ],
            [
              106.734782202,
              -6.154897651
            ],
            [
              106.731170929,
              -6.155385136
            ],
            [
              106.727501578,
              -6.154520332
            ],
            [
              106.727729667,
              -6.149198445
            ],
            [
              106.729754352,
              -6.141159623
            ],
            [
              106.730187427,
              -6.137738368
            ],
            [
              106.729959572,
              -6.1258043
            ],
            [
              106.730592001,
              -6.123339
            ],
            [
              106.731609742,
              -6.121430211
            ],
            [
              106.738624754,
              -6.126819178
            ]
          ]
        ]
      }
    },
    {
      "type": "Feature",
      "id": "d2919c87-e5ed-51c8-8e89-a03e5c98c0b3",
      "properties": {
        "id": "d2919c87-e5ed-51c8-8e89-a03e5c98c0b3",
        "code": "31.73.02.1001",
        "name": "Grogol",
        "districtId": "ee9adbce-7097-51d8-9a5a-1c30cee50df8",
        "districtName": "Grogol Petamburan",
        "cityId": "245d9fa3-f490-5ac3-9655-dd89d48b7681",
        "cityName": "Kota Administrasi Jakarta Barat",
        "cityShortName": "JAKARTA BARAT"
      },
      "geometry": {
        "type": "Polygon",
        "coordinates": [
          [
            [
              106.794781006,
              -6.153166321
            ],
            [
              106.800365706,
              -6.16600042
            ],
            [
              106.788438629,
              -6.166910349
            ],
            [
              106.793657821,
              -6.15449407
            ],
            [
              106.794047801,
              -6.15371281
            ],
            [
              106.794781006,
              -6.153166321
            ]
          ]
        ]
      }
    },
    {
      "type": "Feature",
      "id": "21e45228-9dd9-5910-90d7-c3b46c5edf01",
      "properties": {
        "id": "21e45228-9dd9-5910-90d7-c3b46c5edf01",
        "code": "31.73.02.1002",
        "name": "Tanjung Duren Utara",
        "districtId": "ee9adbce-7097-51d8-9a5a-1c30cee50df8",
        "districtName": "Grogol Petamburan",
        "cityId": "245d9fa3-f490-5ac3-9655-dd89d48b7681",
        "cityName": "Kota Administrasi Jakarta Barat",
        "cityShortName": "JAKARTA BARAT"
      },
      "geometry": {
        "type": "Polygon",
        "coordinates": [
          [
            [
              106.780146575,
              -6.164910371
            ],
            [
              106.784878161,
              -6.165673819
            ],
            [
              106.786422702,
              -6.166519744
            ],
            [
              106.788438629,
              -6.166910349
            ],
            [
              106.788209313,
              -6.168682977
            ],
            [
              106.788462498,
              -6.170692551
            ],
            [
              106.789915859,
              -6.17309964
            ],
            [
              106.788987388,
              -6.17371342
            ],
            [
              106.783564363,
              -6.173794589
            ],
            [
              106.783647064,
              -6.181652956
            ],
            [
              106.78323372,
              -6.185300178
            ],
            [
              106.782664075,
              -6.185395788
            ],
            [
              106.779801914,
              -6.179939326
            ],
            [
              106.779517551,
              -6.166486279
            ],
            [
              106.780314404,
              -6.166034767
            ],
            [
              106.780146575,
              -6.164910371
            ]
          ]
        ]
      }
    },
    {
      "type": "Feature",
      "id": "ebb087bd-d4b9-52c5-b3a6-d930587161ee",
      "properties": {
        "id": "ebb087bd-d4b9-52c5-b3a6-d930587161ee",
        "code": "31.73.02.1003",
        "name": "Tomang",
        "districtId": "ee9adbce-7097-51d8-9a5a-1c30cee50df8",
        "districtName": "Grogol Petamburan",
        "cityId": "245d9fa3-f490-5ac3-9655-dd89d48b7681",
        "cityName": "Kota Administrasi Jakarta Barat",
        "cityShortName": "JAKARTA BARAT"
      },
      "geometry": {
        "type": "Polygon",
        "coordinates": [
          [
            [
              106.800365706,
              -6.16600042
            ],
            [
              106.805520299,
              -6.17346373
            ],
            [
              106.798539316,
              -6.178166781
            ],
            [
              106.796127043,
              -6.179422347
            ],
            [
              106.795214452,
              -6.178098301
            ],
            [
              106.790397077,
              -6.17360225
            ],
            [
              106.788931301,
              -6.171777229
            ],
            [
              106.788243623,
              -6.169242048
            ],
            [
              106.788438629,
              -6.166910349
            ],
            [
              106.800365706,
              -6.16600042
            ]
          ]
        ]
      }
    },
    {
      "type": "Feature",
      "id": "4e3a18d6-145c-5463-8304-e33b3e30f26e",
      "properties": {
        "id": "4e3a18d6-145c-5463-8304-e33b3e30f26e",
        "code": "31.73.02.1004",
        "name": "Jelambar",
        "districtId": "ee9adbce-7097-51d8-9a5a-1c30cee50df8",
        "districtName": "Grogol Petamburan",
        "cityId": "245d9fa3-f490-5ac3-9655-dd89d48b7681",
        "cityName": "Kota Administrasi Jakarta Barat",
        "cityShortName": "JAKARTA BARAT"
      },
      "geometry": {
        "type": "Polygon",
        "coordinates": [
          [
            [
              106.793225612,
              -6.155466286
            ],
            [
              106.788438629,
              -6.166910349
            ],
            [
              106.786422702,
              -6.166519744
            ],
            [
              106.784878161,
              -6.165673819
            ],
            [
              106.781642636,
              -6.164994755
            ],
            [
              106.78173,
              -6.163987
            ],
            [
              106.781414,
              -6.163907
            ],
            [
              106.781324001,
              -6.163315999
            ],
            [
              106.781552,
              -6.161834
            ],
            [
              106.780027227,
              -6.161750668
            ],
            [
              106.77943952,
              -6.161300744
            ],
            [
              106.780053959,
              -6.15649082
            ],
            [
              106.780417,
              -6.155680999
            ],
            [
              106.781846,
              -6.154668999
            ],
            [
              106.781976525,
              -6.152858697
            ],
            [
              106.787315098,
              -6.152804084
            ],
            [
              106.786729071,
              -6.153393181
            ],
            [
              106.787399152,
              -6.154902876
            ],
            [
              106.792271532,
              -6.155164665
            ],
            [
              106.793225612,
              -6.155466286
            ]
          ]
        ]
      }
    },
    {
      "type": "Feature",
      "id": "7f2f7a42-75e7-523b-9625-385a38cd119d",
      "properties": {
        "id": "7f2f7a42-75e7-523b-9625-385a38cd119d",
        "code": "31.73.02.1005",
        "name": "Tanjung Duren Selatan",
        "districtId": "ee9adbce-7097-51d8-9a5a-1c30cee50df8",
        "districtName": "Grogol Petamburan",
        "cityId": "245d9fa3-f490-5ac3-9655-dd89d48b7681",
        "cityName": "Kota Administrasi Jakarta Barat",
        "cityShortName": "JAKARTA BARAT"
      },
      "geometry": {
        "type": "Polygon",
        "coordinates": [
          [
            [
              106.796127043,
              -6.179422347
            ],
            [
              106.794931665,
              -6.18016875
            ],
            [
              106.792429549,
              -6.18336898
            ],
            [
              106.791585425,
              -6.184005778
            ],
            [
              106.788385923,
              -6.185051814
            ],
            [
              106.78323372,
              -6.185300178
            ],
            [
              106.78369043,
              -6.180944274
            ],
            [
              106.783564363,
              -6.173794589
            ],
            [
              106.788987388,
              -6.17371342
            ],
            [
              106.789915859,
              -6.17309964
            ],
            [
              106.795068473,
              -6.177947145
            ],
            [
              106.796127043,
              -6.179422347
            ]
          ]
        ]
      }
    },
    {
      "type": "Feature",
      "id": "be637ca7-0955-5b7b-8fb4-e8f634a78129",
      "properties": {
        "id": "be637ca7-0955-5b7b-8fb4-e8f634a78129",
        "code": "31.73.02.1006",
        "name": "Jelambar Baru",
        "districtId": "ee9adbce-7097-51d8-9a5a-1c30cee50df8",
        "districtName": "Grogol Petamburan",
        "cityId": "245d9fa3-f490-5ac3-9655-dd89d48b7681",
        "cityName": "Kota Administrasi Jakarta Barat",
        "cityShortName": "JAKARTA BARAT"
      },
      "geometry": {
        "type": "Polygon",
        "coordinates": [
          [
            [
              106.789237114,
              -6.142478778
            ],
            [
              106.794788347,
              -6.153161135
            ],
            [
              106.794007031,
              -6.153766727
            ],
            [
              106.793225612,
              -6.155466286
            ],
            [
              106.792271532,
              -6.155164665
            ],
            [
              106.787399152,
              -6.154902876
            ],
            [
              106.786729071,
              -6.153393181
            ],
            [
              106.787315098,
              -6.152804084
            ],
            [
              106.781838803,
              -6.152813077
            ],
            [
              106.781396556,
              -6.152392305
            ],
            [
              106.781547657,
              -6.151489715
            ],
            [
              106.780929531,
              -6.150614344
            ],
            [
              106.780693904,
              -6.143774835
            ],
            [
              106.788058809,
              -6.143111669
            ],
            [
              106.789237114,
              -6.142478778
            ]
          ]
        ]
      }
    },
    {
      "type": "Feature",
      "id": "7d0b31c9-0e91-529d-890f-0fbffe9a9fa4",
      "properties": {
        "id": "7d0b31c9-0e91-529d-890f-0fbffe9a9fa4",
        "code": "31.73.02.1007",
        "name": "Wijaya Kusuma",
        "districtId": "ee9adbce-7097-51d8-9a5a-1c30cee50df8",
        "districtName": "Grogol Petamburan",
        "cityId": "245d9fa3-f490-5ac3-9655-dd89d48b7681",
        "cityName": "Kota Administrasi Jakarta Barat",
        "cityShortName": "JAKARTA BARAT"
      },
      "geometry": {
        "type": "Polygon",
        "coordinates": [
          [
            [
              106.781976525,
              -6.152858697
            ],
            [
              106.781846,
              -6.154668999
            ],
            [
              106.780417,
              -6.155680999
            ],
            [
              106.780053959,
              -6.15649082
            ],
            [
              106.77943952,
              -6.161300744
            ],
            [
              106.780027227,
              -6.161750668
            ],
            [
              106.781552,
              -6.161834
            ],
            [
              106.781324001,
              -6.163315999
            ],
            [
              106.781414,
              -6.163907
            ],
            [
              106.78173,
              -6.163987
            ],
            [
              106.781642636,
              -6.164994755
            ],
            [
              106.779087764,
              -6.164867736
            ],
            [
              106.77006342,
              -6.161321748
            ],
            [
              106.769636145,
              -6.160970687
            ],
            [
              106.768717449,
              -6.158720793
            ],
            [
              106.767657686,
              -6.157900349
            ],
            [
              106.774113033,
              -6.14652055
            ],
            [
              106.775029865,
              -6.145230232
            ],
            [
              106.777172539,
              -6.144085208
            ],
            [
              106.780693904,
              -6.143774835
            ],
            [
              106.780929531,
              -6.150614344
            ],
            [
              106.781547657,
              -6.151489715
            ],
            [
              106.781410936,
              -6.152424671
            ],
            [
              106.781976525,
              -6.152858697
            ]
          ]
        ]
      }
    },
    {
      "type": "Feature",
      "id": "38f7dfc9-7af8-527b-9062-bbd01ca8161f",
      "properties": {
        "id": "38f7dfc9-7af8-527b-9062-bbd01ca8161f",
        "code": "31.73.03.1001",
        "name": "Taman Sari",
        "districtId": "3dea27f6-fdc7-5fae-a49b-716ebca5a197",
        "districtName": "Taman Sari",
        "cityId": "245d9fa3-f490-5ac3-9655-dd89d48b7681",
        "cityName": "Kota Administrasi Jakarta Barat",
        "cityShortName": "JAKARTA BARAT"
      },
      "geometry": {
        "type": "Polygon",
        "coordinates": [
          [
            [
              106.827471897,
              -6.158991197
            ],
            [
              106.824074494,
              -6.159219991
            ],
            [
              106.823183519,
              -6.158014635
            ],
            [
              106.821365772,
              -6.153369341
            ],
            [
              106.820447173,
              -6.149425925
            ],
            [
              106.826766257,
              -6.148505909
            ],
            [
              106.827320572,
              -6.152212763
            ],
            [
              106.827471897,
              -6.158991197
            ]
          ]
        ]
      }
    },
    {
      "type": "Feature",
      "id": "c05aa4ab-bfd7-5fce-817d-4ecd3b389def",
      "properties": {
        "id": "c05aa4ab-bfd7-5fce-817d-4ecd3b389def",
        "code": "31.73.03.1002",
        "name": "Krukut",
        "districtId": "3dea27f6-fdc7-5fae-a49b-716ebca5a197",
        "districtName": "Taman Sari",
        "cityId": "245d9fa3-f490-5ac3-9655-dd89d48b7681",
        "cityName": "Kota Administrasi Jakarta Barat",
        "cityShortName": "JAKARTA BARAT"
      },
      "geometry": {
        "type": "Polygon",
        "coordinates": [
          [
            [
              106.817531653,
              -6.15297761
            ],
            [
              106.81904658,
              -6.159750084
            ],
            [
              106.812822492,
              -6.160677165
            ],
            [
              106.812681797,
              -6.159605705
            ],
            [
              106.810972996,
              -6.157191711
            ],
            [
              106.81100248,
              -6.154336434
            ],
            [
              106.815228208,
              -6.154002395
            ],
            [
              106.815252308,
              -6.153174665
            ],
            [
              106.817531653,
              -6.15297761
            ]
          ]
        ]
      }
    },
    {
      "type": "Feature",
      "id": "e2ebbbbe-0ce6-5b07-ad9d-4e51b6b12ab6",
      "properties": {
        "id": "e2ebbbbe-0ce6-5b07-ad9d-4e51b6b12ab6",
        "code": "31.73.03.1003",
        "name": "Maphar",
        "districtId": "3dea27f6-fdc7-5fae-a49b-716ebca5a197",
        "districtName": "Taman Sari",
        "cityId": "245d9fa3-f490-5ac3-9655-dd89d48b7681",
        "cityName": "Kota Administrasi Jakarta Barat",
        "cityShortName": "JAKARTA BARAT"
      },
      "geometry": {
        "type": "Polygon",
        "coordinates": [
          [
            [
              106.827471897,
              -6.158991197
            ],
            [
              106.827691493,
              -6.160841154
            ],
            [
              106.828335521,
              -6.162290665
            ],
            [
              106.820616917,
              -6.159534151
            ],
            [
              106.81904658,
              -6.159750084
            ],
            [
              106.81686004,
              -6.150023624
            ],
            [
              106.820447173,
              -6.149425925
            ],
            [
              106.821365772,
              -6.153369341
            ],
            [
              106.823183519,
              -6.158014635
            ],
            [
              106.824074494,
              -6.159219991
            ],
            [
              106.827471897,
              -6.158991197
            ]
          ]
        ]
      }
    },
    {
      "type": "Feature",
      "id": "d549357d-af4c-52c4-908d-e364b31ce250",
      "properties": {
        "id": "d549357d-af4c-52c4-908d-e364b31ce250",
        "code": "31.73.03.1004",
        "name": "Tangki",
        "districtId": "3dea27f6-fdc7-5fae-a49b-716ebca5a197",
        "districtName": "Taman Sari",
        "cityId": "245d9fa3-f490-5ac3-9655-dd89d48b7681",
        "cityName": "Kota Administrasi Jakarta Barat",
        "cityShortName": "JAKARTA BARAT"
      },
      "geometry": {
        "type": "Polygon",
        "coordinates": [
          [
            [
              106.82383546,
              -6.142594692
            ],
            [
              106.826016835,
              -6.146225623
            ],
            [
              106.826766257,
              -6.148505909
            ],
            [
              106.820426314,
              -6.149428839
            ],
            [
              106.820936027,
              -6.14240906
            ],
            [
              106.823208821,
              -6.142793922
            ],
            [
              106.82383546,
              -6.142594692
            ]
          ]
        ]
      }
    },
    {
      "type": "Feature",
      "id": "a3edcf75-61df-5ca7-b40d-167eb173a0e6",
      "properties": {
        "id": "a3edcf75-61df-5ca7-b40d-167eb173a0e6",
        "code": "31.73.03.1005",
        "name": "Mangga Besar",
        "districtId": "3dea27f6-fdc7-5fae-a49b-716ebca5a197",
        "districtName": "Taman Sari",
        "cityId": "245d9fa3-f490-5ac3-9655-dd89d48b7681",
        "cityName": "Kota Administrasi Jakarta Barat",
        "cityShortName": "JAKARTA BARAT"
      },
      "geometry": {
        "type": "Polygon",
        "coordinates": [
          [
            [
              106.820936027,
              -6.14240906
            ],
            [
              106.820426314,
              -6.149428839
            ],
            [
              106.81686004,
              -6.150023624
            ],
            [
              106.814928065,
              -6.142735022
            ],
            [
              106.817773682,
              -6.140424013
            ],
            [
              106.819264875,
              -6.139920865
            ],
            [
              106.82089187,
              -6.140148762
            ],
            [
              106.820824942,
              -6.141132947
            ],
            [
              106.820308555,
              -6.142003682
            ],
            [
              106.820936027,
              -6.14240906
            ]
          ]
        ]
      }
    },
    {
      "type": "Feature",
      "id": "1c352b9f-dd77-596c-b593-432da92d8ea9",
      "properties": {
        "id": "1c352b9f-dd77-596c-b593-432da92d8ea9",
        "code": "31.73.03.1006",
        "name": "Keagungan",
        "districtId": "3dea27f6-fdc7-5fae-a49b-716ebca5a197",
        "districtName": "Taman Sari",
        "cityId": "245d9fa3-f490-5ac3-9655-dd89d48b7681",
        "cityName": "Kota Administrasi Jakarta Barat",
        "cityShortName": "JAKARTA BARAT"
      },
      "geometry": {
        "type": "Polygon",
        "coordinates": [
          [
            [
              106.816416387,
              -6.148222925
            ],
            [
              106.817531653,
              -6.15297761
            ],
            [
              106.815252308,
              -6.153174665
            ],
            [
              106.815228208,
              -6.154002395
            ],
            [
              106.81100248,
              -6.154336434
            ],
            [
              106.812026921,
              -6.152016829
            ],
            [
              106.811823183,
              -6.148181746
            ],
            [
              106.816416387,
              -6.148222925
            ]
          ]
        ]
      }
    },
    {
      "type": "Feature",
      "id": "797f2740-e4ef-5c4d-b39c-9465e63a1171",
      "properties": {
        "id": "797f2740-e4ef-5c4d-b39c-9465e63a1171",
        "code": "31.73.03.1007",
        "name": "Glodok",
        "districtId": "3dea27f6-fdc7-5fae-a49b-716ebca5a197",
        "districtName": "Taman Sari",
        "cityId": "245d9fa3-f490-5ac3-9655-dd89d48b7681",
        "cityName": "Kota Administrasi Jakarta Barat",
        "cityShortName": "JAKARTA BARAT"
      },
      "geometry": {
        "type": "Polygon",
        "coordinates": [
          [
            [
              106.814928065,
              -6.142735022
            ],
            [
              106.816416387,
              -6.148222925
            ],
            [
              106.811823183,
              -6.148181746
            ],
            [
              106.810656627,
              -6.145238885
            ],
            [
              106.810548766,
              -6.142464823
            ],
            [
              106.812269121,
              -6.14099788
            ],
            [
              106.814928065,
              -6.142735022
            ]
          ]
        ]
      }
    },
    {
      "type": "Feature",
      "id": "85e855f0-899e-58f8-ab0a-a1ec204e91a0",
      "properties": {
        "id": "85e855f0-899e-58f8-ab0a-a1ec204e91a0",
        "code": "31.73.03.1008",
        "name": "Pinangsia",
        "districtId": "3dea27f6-fdc7-5fae-a49b-716ebca5a197",
        "districtName": "Taman Sari",
        "cityId": "245d9fa3-f490-5ac3-9655-dd89d48b7681",
        "cityName": "Kota Administrasi Jakarta Barat",
        "cityShortName": "JAKARTA BARAT"
      },
      "geometry": {
        "type": "Polygon",
        "coordinates": [
          [
            [
              106.821322506,
              -6.136863627
            ],
            [
              106.823736245,
              -6.142721527
            ],
            [
              106.820370107,
              -6.142154131
            ],
            [
              106.820952599,
              -6.140262041
            ],
            [
              106.819511061,
              -6.139919547
            ],
            [
              106.817773682,
              -6.140424013
            ],
            [
              106.814922921,
              -6.142735451
            ],
            [
              106.812257561,
              -6.140990443
            ],
            [
              106.811380626,
              -6.140006869
            ],
            [
              106.812119182,
              -6.137093749
            ],
            [
              106.810482528,
              -6.130838211
            ],
            [
              106.813575049,
              -6.130057549
            ],
            [
              106.815050961,
              -6.130237543
            ],
            [
              106.816764085,
              -6.137113033
            ],
            [
              106.819891416,
              -6.136324404
            ],
            [
              106.821322506,
              -6.136863627
            ]
          ]
        ]
      }
    },
    {
      "type": "Feature",
      "id": "a2a4618c-4550-5e1f-8177-68bdc18950c6",
      "properties": {
        "id": "a2a4618c-4550-5e1f-8177-68bdc18950c6",
        "code": "31.73.04.1001",
        "name": "Tambora",
        "districtId": "a814e56f-3820-5796-929c-72270d8e9871",
        "districtName": "Tambora",
        "cityId": "245d9fa3-f490-5ac3-9655-dd89d48b7681",
        "cityName": "Kota Administrasi Jakarta Barat",
        "cityShortName": "JAKARTA BARAT"
      },
      "geometry": {
        "type": "Polygon",
        "coordinates": [
          [
            [
              106.811071653,
              -6.141804826
            ],
            [
              106.810525295,
              -6.142558699
            ],
            [
              106.810656627,
              -6.145238885
            ],
            [
              106.811458985,
              -6.147186244
            ],
            [
              106.807301471,
              -6.147981839
            ],
            [
              106.806631964,
              -6.141689389
            ],
            [
              106.80784296,
              -6.14148098
            ],
            [
              106.811071653,
              -6.141804826
            ]
          ]
        ]
      }
    },
    {
      "type": "Feature",
      "id": "fa16ba27-4132-56fa-b4d0-9dfb7e8ca527",
      "properties": {
        "id": "fa16ba27-4132-56fa-b4d0-9dfb7e8ca527",
        "code": "31.73.04.1002",
        "name": "Kali Anyar",
        "districtId": "a814e56f-3820-5796-929c-72270d8e9871",
        "districtName": "Tambora",
        "cityId": "245d9fa3-f490-5ac3-9655-dd89d48b7681",
        "cityName": "Kota Administrasi Jakarta Barat",
        "cityShortName": "JAKARTA BARAT"
      },
      "geometry": {
        "type": "Polygon",
        "coordinates": [
          [
            [
              106.801299723,
              -6.154818181
            ],
            [
              106.801567461,
              -6.159037377
            ],
            [
              106.801278312,
              -6.15903429
            ],
            [
              106.800423304,
              -6.160374964
            ],
            [
              106.798181569,
              -6.161401721
            ],
            [
              106.795684296,
              -6.155321076
            ],
            [
              106.798290366,
              -6.155462867
            ],
            [
              106.798263971,
              -6.155037342
            ],
            [
              106.801299723,
              -6.154818181
            ]
          ]
        ]
      }
    },
    {
      "type": "Feature",
      "id": "bfacc34e-24d2-527d-b61b-3b8a0ddc41e2",
      "properties": {
        "id": "bfacc34e-24d2-527d-b61b-3b8a0ddc41e2",
        "code": "31.73.04.1003",
        "name": "Duri Utara",
        "districtId": "a814e56f-3820-5796-929c-72270d8e9871",
        "districtName": "Tambora",
        "cityId": "245d9fa3-f490-5ac3-9655-dd89d48b7681",
        "cityName": "Kota Administrasi Jakarta Barat",
        "cityShortName": "JAKARTA BARAT"
      },
      "geometry": {
        "type": "Polygon",
        "coordinates": [
          [
            [
              106.807686017,
              -6.151329628
            ],
            [
              106.808141463,
              -6.156380294
            ],
            [
              106.801417821,
              -6.156971723
            ],
            [
              106.801255646,
              -6.154020898
            ],
            [
              106.802711078,
              -6.153923301
            ],
            [
              106.803465687,
              -6.15180792
            ],
            [
              106.804127553,
              -6.151466516
            ],
            [
              106.807686017,
              -6.151329628
            ]
          ]
        ]
      }
    },
    {
      "type": "Feature",
      "id": "57388056-48f5-5097-a85e-5538fcde1d27",
      "properties": {
        "id": "57388056-48f5-5097-a85e-5538fcde1d27",
        "code": "31.73.04.1004",
        "name": "Tanah Sereal",
        "districtId": "a814e56f-3820-5796-929c-72270d8e9871",
        "districtName": "Tambora",
        "cityId": "245d9fa3-f490-5ac3-9655-dd89d48b7681",
        "cityName": "Kota Administrasi Jakarta Barat",
        "cityShortName": "JAKARTA BARAT"
      },
      "geometry": {
        "type": "Polygon",
        "coordinates": [
          [
            [
              106.811823183,
              -6.148181746
            ],
            [
              106.812026921,
              -6.152016829
            ],
            [
              106.811006843,
              -6.154205817
            ],
            [
              106.810945196,
              -6.157074927
            ],
            [
              106.812681797,
              -6.159605705
            ],
            [
              106.812822687,
              -6.160677145
            ],
            [
              106.808061474,
              -6.161351416
            ],
            [
              106.808122703,
              -6.155409996
            ],
            [
              106.807301471,
              -6.147981839
            ],
            [
              106.811458985,
              -6.147186244
            ],
            [
              106.811823183,
              -6.148181746
            ]
          ]
        ]
      }
    },
    {
      "type": "Feature",
      "id": "eef0ce27-5b74-5864-bc44-8ba70e851033",
      "properties": {
        "id": "eef0ce27-5b74-5864-bc44-8ba70e851033",
        "code": "31.73.04.1005",
        "name": "Krendang",
        "districtId": "a814e56f-3820-5796-929c-72270d8e9871",
        "districtName": "Tambora",
        "cityId": "245d9fa3-f490-5ac3-9655-dd89d48b7681",
        "cityName": "Kota Administrasi Jakarta Barat",
        "cityShortName": "JAKARTA BARAT"
      },
      "geometry": {
        "type": "Polygon",
        "coordinates": [
          [
            [
              106.807259082,
              -6.147590381
            ],
            [
              106.807686017,
              -6.151329628
            ],
            [
              106.804045482,
              -6.151492884
            ],
            [
              106.803047367,
              -6.152443319
            ],
            [
              106.802711078,
              -6.153923301
            ],
            [
              106.801255727,
              -6.154020891
            ],
            [
              106.800938867,
              -6.148415046
            ],
            [
              106.807259082,
              -6.147590381
            ]
          ]
        ]
      }
    },
    {
      "type": "Feature",
      "id": "a36497d5-5695-58a3-aa7c-de7d2aa9a2be",
      "properties": {
        "id": "a36497d5-5695-58a3-aa7c-de7d2aa9a2be",
        "code": "31.73.04.1006",
        "name": "Jembatan Besi",
        "districtId": "a814e56f-3820-5796-929c-72270d8e9871",
        "districtName": "Tambora",
        "cityId": "245d9fa3-f490-5ac3-9655-dd89d48b7681",
        "cityName": "Kota Administrasi Jakarta Barat",
        "cityShortName": "JAKARTA BARAT"
      },
      "geometry": {
        "type": "Polygon",
        "coordinates": [
          [
            [
              106.800938867,
              -6.148415046
            ],
            [
              106.801299723,
              -6.154818181
            ],
            [
              106.798263971,
              -6.155037342
            ],
            [
              106.798290366,
              -6.155462867
            ],
            [
              106.795684296,
              -6.155321076
            ],
            [
              106.79299688,
              -6.149680956
            ],
            [
              106.800938867,
              -6.148415046
            ]
          ]
        ]
      }
    },
    {
      "type": "Feature",
      "id": "534bb59b-82ad-5b26-b1b0-080f7c98addb",
      "properties": {
        "id": "534bb59b-82ad-5b26-b1b0-080f7c98addb",
        "code": "31.73.04.1007",
        "name": "Angke",
        "districtId": "a814e56f-3820-5796-929c-72270d8e9871",
        "districtName": "Tambora",
        "cityId": "245d9fa3-f490-5ac3-9655-dd89d48b7681",
        "cityName": "Kota Administrasi Jakarta Barat",
        "cityShortName": "JAKARTA BARAT"
      },
      "geometry": {
        "type": "Polygon",
        "coordinates": [
          [
            [
              106.800948665,
              -6.148409022
            ],
            [
              106.79299688,
              -6.149680956
            ],
            [
              106.789237114,
              -6.142478778
            ],
            [
              106.790620722,
              -6.142356674
            ],
            [
              106.792162072,
              -6.142782223
            ],
            [
              106.800561777,
              -6.141863559
            ],
            [
              106.800948665,
              -6.148409022
            ]
          ]
        ]
      }
    },
    {
      "type": "Feature",
      "id": "14d7f279-2912-589e-b5ab-60feb32b8813",
      "properties": {
        "id": "14d7f279-2912-589e-b5ab-60feb32b8813",
        "code": "31.73.04.1008",
        "name": "Jembatan Lima",
        "districtId": "a814e56f-3820-5796-929c-72270d8e9871",
        "districtName": "Tambora",
        "cityId": "245d9fa3-f490-5ac3-9655-dd89d48b7681",
        "cityName": "Kota Administrasi Jakarta Barat",
        "cityShortName": "JAKARTA BARAT"
      },
      "geometry": {
        "type": "Polygon",
        "coordinates": [
          [
            [
              106.807259082,
              -6.147590381
            ],
            [
              106.800948665,
              -6.148409022
            ],
            [
              106.800561777,
              -6.141863559
            ],
            [
              106.806631964,
              -6.141689389
            ],
            [
              106.807259082,
              -6.147590381
            ]
          ]
        ]
      }
    },
    {
      "type": "Feature",
      "id": "a0fab051-a028-5542-940f-58b6f6b6e3ea",
      "properties": {
        "id": "a0fab051-a028-5542-940f-58b6f6b6e3ea",
        "code": "31.73.04.1009",
        "name": "Pekojan",
        "districtId": "a814e56f-3820-5796-929c-72270d8e9871",
        "districtName": "Tambora",
        "cityId": "245d9fa3-f490-5ac3-9655-dd89d48b7681",
        "cityName": "Kota Administrasi Jakarta Barat",
        "cityShortName": "JAKARTA BARAT"
      },
      "geometry": {
        "type": "Polygon",
        "coordinates": [
          [
            [
              106.806337065,
              -6.131903315
            ],
            [
              106.807841254,
              -6.137072361
            ],
            [
              106.807637941,
              -6.138329505
            ],
            [
              106.807843008,
              -6.141481704
            ],
            [
              106.800561777,
              -6.141863559
            ],
            [
              106.800216009,
              -6.135840396
            ],
            [
              106.800691373,
              -6.134267468
            ],
            [
              106.802209125,
              -6.132979328
            ],
            [
              106.806337065,
              -6.131903315
            ]
          ]
        ]
      }
    },
    {
      "type": "Feature",
      "id": "25fd9e03-ab1a-5718-bc6a-0e2ae2ec241b",
      "properties": {
        "id": "25fd9e03-ab1a-5718-bc6a-0e2ae2ec241b",
        "code": "31.73.04.1010",
        "name": "Roa Malaka",
        "districtId": "a814e56f-3820-5796-929c-72270d8e9871",
        "districtName": "Tambora",
        "cityId": "245d9fa3-f490-5ac3-9655-dd89d48b7681",
        "cityName": "Kota Administrasi Jakarta Barat",
        "cityShortName": "JAKARTA BARAT"
      },
      "geometry": {
        "type": "Polygon",
        "coordinates": [
          [
            [
              106.812269121,
              -6.14099788
            ],
            [
              106.811071653,
              -6.141804826
            ],
            [
              106.80784296,
              -6.14148098
            ],
            [
              106.807637941,
              -6.138329505
            ],
            [
              106.807841254,
              -6.137072361
            ],
            [
              106.806337065,
              -6.131903315
            ],
            [
              106.810482906,
              -6.130838009
            ],
            [
              106.812119182,
              -6.137093749
            ],
            [
              106.811364641,
              -6.139933662
            ],
            [
              106.812269121,
              -6.14099788
            ]
          ]
        ]
      }
    },
    {
      "type": "Feature",
      "id": "7b524afd-f348-548b-b2c5-8c1c7c1066ae",
      "properties": {
        "id": "7b524afd-f348-548b-b2c5-8c1c7c1066ae",
        "code": "31.73.04.1011",
        "name": "Duri Selatan",
        "districtId": "a814e56f-3820-5796-929c-72270d8e9871",
        "districtName": "Tambora",
        "cityId": "245d9fa3-f490-5ac3-9655-dd89d48b7681",
        "cityName": "Kota Administrasi Jakarta Barat",
        "cityShortName": "JAKARTA BARAT"
      },
      "geometry": {
        "type": "Polygon",
        "coordinates": [
          [
            [
              106.808061474,
              -6.161351416
            ],
            [
              106.804653511,
              -6.161798468
            ],
            [
              106.803053796,
              -6.161383422
            ],
            [
              106.801991125,
              -6.16013094
            ],
            [
              106.801640465,
              -6.160143045
            ],
            [
              106.801417821,
              -6.156971723
            ],
            [
              106.808141463,
              -6.156380294
            ],
            [
              106.808061474,
              -6.161351416
            ]
          ]
        ]
      }
    },
    {
      "type": "Feature",
      "id": "0404346e-8bab-5e74-8eae-ff036b769f9e",
      "properties": {
        "id": "0404346e-8bab-5e74-8eae-ff036b769f9e",
        "code": "31.73.05.1001",
        "name": "Kebon Jeruk",
        "districtId": "cb238462-8295-5acd-a02a-3fdc09bd3866",
        "districtName": "Kebon Jeruk",
        "cityId": "245d9fa3-f490-5ac3-9655-dd89d48b7681",
        "cityName": "Kota Administrasi Jakarta Barat",
        "cityShortName": "JAKARTA BARAT"
      },
      "geometry": {
        "type": "Polygon",
        "coordinates": [
          [
            [
              106.782323376,
              -6.191243719
            ],
            [
              106.78207898,
              -6.194637513
            ],
            [
              106.782700641,
              -6.202135986
            ],
            [
              106.776250616,
              -6.202578714
            ],
            [
              106.773961947,
              -6.202076306
            ],
            [
              106.764387677,
              -6.202730524
            ],
            [
              106.763886351,
              -6.202536688
            ],
            [
              106.763801604,
              -6.201306929
            ],
            [
              106.763234764,
              -6.200805719
            ],
            [
              106.763247516,
              -6.199359475
            ],
            [
              106.762482502,
              -6.197056009
            ],
            [
              106.762023459,
              -6.196933409
            ],
            [
              106.761922918,
              -6.19631914
            ],
            [
              106.761487173,
              -6.196112941
            ],
            [
              106.760653852,
              -6.196901508
            ],
            [
              106.76000498,
              -6.196240037
            ],
            [
              106.759695725,
              -6.195265687
            ],
            [
              106.757784905,
              -6.193633498
            ],
            [
              106.757549164,
              -6.193066342
            ],
            [
              106.756967495,
              -6.192993996
            ],
            [
              106.757112206,
              -6.19241118
            ],
            [
              106.756791501,
              -6.192379716
            ],
            [
              106.757128931,
              -6.190616204
            ],
            [
              106.770393785,
              -6.189693361
            ],
            [
              106.78323372,
              -6.185300178
            ],
            [
              106.783437903,
              -6.187590147
            ],
            [
              106.782323376,
              -6.191243719
            ]
          ]
        ]
      }
    },
    {
      "type": "Feature",
      "id": "64603a3f-f3f5-53cd-9826-4cad657f3c9e",
      "properties": {
        "id": "64603a3f-f3f5-53cd-9826-4cad657f3c9e",
        "code": "31.73.05.1002",
        "name": "Sukabumi Utara",
        "districtId": "cb238462-8295-5acd-a02a-3fdc09bd3866",
        "districtName": "Kebon Jeruk",
        "cityId": "245d9fa3-f490-5ac3-9655-dd89d48b7681",
        "cityName": "Kota Administrasi Jakarta Barat",
        "cityShortName": "JAKARTA BARAT"
      },
      "geometry": {
        "type": "Polygon",
        "coordinates": [
          [
            [
              106.782700641,
              -6.202135986
            ],
            [
              106.78359703,
              -6.211975663
            ],
            [
              106.783148622,
              -6.212960371
            ],
            [
              106.782499711,
              -6.213298522
            ],
            [
              106.777900696,
              -6.213531039
            ],
            [
              106.777142184,
              -6.216119233
            ],
            [
              106.773774276,
              -6.216360682
            ],
            [
              106.773624958,
              -6.21506866
            ],
            [
              106.771514363,
              -6.211422113
            ],
            [
              106.771476988,
              -6.209534438
            ],
            [
              106.772154159,
              -6.208078227
            ],
            [
              106.772412095,
              -6.206583424
            ],
            [
              106.773480108,
              -6.205891523
            ],
            [
              106.773988857,
              -6.205019042
            ],
            [
              106.773863579,
              -6.203766765
            ],
            [
              106.774518562,
              -6.202552069
            ],
            [
              106.7747819,
              -6.202332839
            ],
            [
              106.776250616,
              -6.202578714
            ],
            [
              106.782700641,
              -6.202135986
            ]
          ]
        ]
      }
    },
    {
      "type": "Feature",
      "id": "9236e269-11b8-5172-88cf-fc3c07628833",
      "properties": {
        "id": "9236e269-11b8-5172-88cf-fc3c07628833",
        "code": "31.73.05.1003",
        "name": "Sukabumi Selatan",
        "districtId": "cb238462-8295-5acd-a02a-3fdc09bd3866",
        "districtName": "Kebon Jeruk",
        "cityId": "245d9fa3-f490-5ac3-9655-dd89d48b7681",
        "cityName": "Kota Administrasi Jakarta Barat",
        "cityShortName": "JAKARTA BARAT"
      },
      "geometry": {
        "type": "Polygon",
        "coordinates": [
          [
            [
              106.778496678,
              -6.217910989
            ],
            [
              106.778433468,
              -6.226905574
            ],
            [
              106.767510357,
              -6.227477643
            ],
            [
              106.764785622,
              -6.227085872
            ],
            [
              106.765935442,
              -6.226896902
            ],
            [
              106.766231011,
              -6.225902622
            ],
            [
              106.766888415,
              -6.225235869
            ],
            [
              106.765561872,
              -6.223178756
            ],
            [
              106.765919415,
              -6.222470048
            ],
            [
              106.765415837,
              -6.222128883
            ],
            [
              106.765651129,
              -6.221746323
            ],
            [
              106.765210656,
              -6.221243251
            ],
            [
              106.765346084,
              -6.21956295
            ],
            [
              106.764271764,
              -6.216958004
            ],
            [
              106.777142184,
              -6.216119233
            ],
            [
              106.7771727,
              -6.216877608
            ],
            [
              106.778372437,
              -6.217485238
            ],
            [
              106.778496678,
              -6.217910989
            ]
          ]
        ]
      }
    },
    {
      "type": "Feature",
      "id": "261e30c2-1cdd-593c-bee3-c3a6d907cccd",
      "properties": {
        "id": "261e30c2-1cdd-593c-bee3-c3a6d907cccd",
        "code": "31.73.05.1004",
        "name": "Kelapa Dua",
        "districtId": "cb238462-8295-5acd-a02a-3fdc09bd3866",
        "districtName": "Kebon Jeruk",
        "cityId": "245d9fa3-f490-5ac3-9655-dd89d48b7681",
        "cityName": "Kota Administrasi Jakarta Barat",
        "cityShortName": "JAKARTA BARAT"
      },
      "geometry": {
        "type": "Polygon",
        "coordinates": [
          [
            [
              106.774942562,
              -6.202197178
            ],
            [
              106.773863579,
              -6.203766765
            ],
            [
              106.773988857,
              -6.205019042
            ],
            [
              106.773480108,
              -6.205891523
            ],
            [
              106.772412095,
              -6.206583424
            ],
            [
              106.772154159,
              -6.208078227
            ],
            [
              106.771476988,
              -6.209534438
            ],
            [
              106.771514363,
              -6.211422113
            ],
            [
              106.773624958,
              -6.21506866
            ],
            [
              106.773774276,
              -6.216360682
            ],
            [
              106.764271764,
              -6.216958004
            ],
            [
              106.763680458,
              -6.21664289
            ],
            [
              106.763129452,
              -6.215795916
            ],
            [
              106.763142676,
              -6.214988063
            ],
            [
              106.765402751,
              -6.212974842
            ],
            [
              106.766150238,
              -6.211556913
            ],
            [
              106.765522569,
              -6.209216355
            ],
            [
              106.764641731,
              -6.209033436
            ],
            [
              106.76510233,
              -6.207290358
            ],
            [
              106.764443606,
              -6.206817346
            ],
            [
              106.764062019,
              -6.205393688
            ],
            [
              106.763590606,
              -6.204996335
            ],
            [
              106.764308936,
              -6.204204435
            ],
            [
              106.764293464,
              -6.202791172
            ],
            [
              106.765094158,
              -6.202499571
            ],
            [
              106.773348063,
              -6.202099777
            ],
            [
              106.774942562,
              -6.202197178
            ]
          ]
        ]
      }
    },
    {
      "type": "Feature",
      "id": "bbebcb8a-45d3-58fc-8159-0b2179b7f6b5",
      "properties": {
        "id": "bbebcb8a-45d3-58fc-8159-0b2179b7f6b5",
        "code": "31.73.05.1005",
        "name": "Duri Kepa",
        "districtId": "cb238462-8295-5acd-a02a-3fdc09bd3866",
        "districtName": "Kebon Jeruk",
        "cityId": "245d9fa3-f490-5ac3-9655-dd89d48b7681",
        "cityName": "Kota Administrasi Jakarta Barat",
        "cityShortName": "JAKARTA BARAT"
      },
      "geometry": {
        "type": "Polygon",
        "coordinates": [
          [
            [
              106.780149774,
              -6.164910216
            ],
            [
              106.780314404,
              -6.166034767
            ],
            [
              106.779514901,
              -6.166552384
            ],
            [
              106.77981512,
              -6.180111205
            ],
            [
              106.782664075,
              -6.185395788
            ],
            [
              106.772287805,
              -6.189163456
            ],
            [
              106.768850214,
              -6.18992981
            ],
            [
              106.768506105,
              -6.185575263
            ],
            [
              106.767904998,
              -6.183818009
            ],
            [
              106.76938771,
              -6.180358903
            ],
            [
              106.767338,
              -6.18053
            ],
            [
              106.767319001,
              -6.179710482
            ],
            [
              106.768039,
              -6.179501483
            ],
            [
              106.767870001,
              -6.178587481
            ],
            [
              106.768537703,
              -6.178519535
            ],
            [
              106.768443,
              -6.177351
            ],
            [
              106.767747692,
              -6.177516532
            ],
            [
              106.767431582,
              -6.162972824
            ],
            [
              106.770615788,
              -6.163742635
            ],
            [
              106.77258593,
              -6.164599342
            ],
            [
              106.773261224,
              -6.162598726
            ],
            [
              106.779087764,
              -6.164867736
            ],
            [
              106.780149774,
              -6.164910216
            ]
          ]
        ]
      }
    },
    {
      "type": "Feature",
      "id": "b215e59c-50b5-54f3-a6b1-887ac8e7157a",
      "properties": {
        "id": "b215e59c-50b5-54f3-a6b1-887ac8e7157a",
        "code": "31.73.05.1006",
        "name": "Kedoya Utara",
        "districtId": "cb238462-8295-5acd-a02a-3fdc09bd3866",
        "districtName": "Kebon Jeruk",
        "cityId": "245d9fa3-f490-5ac3-9655-dd89d48b7681",
        "cityName": "Kota Administrasi Jakarta Barat",
        "cityShortName": "JAKARTA BARAT"
      },
      "geometry": {
        "type": "Polygon",
        "coordinates": [
          [
            [
              106.77325853,
              -6.162607203
            ],
            [
              106.77258593,
              -6.164599342
            ],
            [
              106.770615788,
              -6.163742635
            ],
            [
              106.767431582,
              -6.162972824
            ],
            [
              106.767747692,
              -6.177516532
            ],
            [
              106.766267837,
              -6.177701928
            ],
            [
              106.766070574,
              -6.176198646
            ],
            [
              106.765215773,
              -6.176604779
            ],
            [
              106.762373482,
              -6.176965979
            ],
            [
              106.76096657,
              -6.176822284
            ],
            [
              106.75837828,
              -6.175899271
            ],
            [
              106.757319252,
              -6.178544695
            ],
            [
              106.754700496,
              -6.178178983
            ],
            [
              106.754160815,
              -6.176008547
            ],
            [
              106.749806985,
              -6.173707565
            ],
            [
              106.749462274,
              -6.173021232
            ],
            [
              106.749253586,
              -6.172306785
            ],
            [
              106.749888179,
              -6.172116504
            ],
            [
              106.750967798,
              -6.171003489
            ],
            [
              106.750844827,
              -6.170535642
            ],
            [
              106.751771035,
              -6.170238312
            ],
            [
              106.752101013,
              -6.169712389
            ],
            [
              106.752199791,
              -6.16917156
            ],
            [
              106.751776677,
              -6.168596853
            ],
            [
              106.752802941,
              -6.168248156
            ],
            [
              106.753022063,
              -6.1676154
            ],
            [
              106.753496622,
              -6.167722283
            ],
            [
              106.75391725,
              -6.166725838
            ],
            [
              106.755086388,
              -6.165650748
            ],
            [
              106.755922004,
              -6.165515922
            ],
            [
              106.756672096,
              -6.164787805
            ],
            [
              106.756984604,
              -6.162435578
            ],
            [
              106.757200076,
              -6.161945502
            ],
            [
              106.757899878,
              -6.161905368
            ],
            [
              106.757917143,
              -6.160699298
            ],
            [
              106.759655557,
              -6.158932781
            ],
            [
              106.761083657,
              -6.158200253
            ],
            [
              106.76309961,
              -6.158449662
            ],
            [
              106.763099589,
              -6.158798752
            ],
            [
              106.766660448,
              -6.159935272
            ],
            [
              106.767657686,
              -6.157900349
            ],
            [
              106.768771739,
              -6.158800737
            ],
            [
              106.769761096,
              -6.161140155
            ],
            [
              106.77325853,
              -6.162607203
            ]
          ]
        ]
      }
    },
    {
      "type": "Feature",
      "id": "12ecc22d-4bae-5272-b59d-92bfa1d7d05b",
      "properties": {
        "id": "12ecc22d-4bae-5272-b59d-92bfa1d7d05b",
        "code": "31.73.05.1007",
        "name": "Kedoya Selatan",
        "districtId": "cb238462-8295-5acd-a02a-3fdc09bd3866",
        "districtName": "Kebon Jeruk",
        "cityId": "245d9fa3-f490-5ac3-9655-dd89d48b7681",
        "cityName": "Kota Administrasi Jakarta Barat",
        "cityShortName": "JAKARTA BARAT"
      },
      "geometry": {
        "type": "Polygon",
        "coordinates": [
          [
            [
              106.766267837,
              -6.177701928
            ],
            [
              106.768443,
              -6.177351
            ],
            [
              106.768537703,
              -6.178519535
            ],
            [
              106.767870001,
              -6.178587481
            ],
            [
              106.768039,
              -6.179501483
            ],
            [
              106.767319001,
              -6.179710482
            ],
            [
              106.767338,
              -6.18053
            ],
            [
              106.76938771,
              -6.180358903
            ],
            [
              106.767904998,
              -6.183818009
            ],
            [
              106.768506105,
              -6.185575263
            ],
            [
              106.768850214,
              -6.18992981
            ],
            [
              106.757129158,
              -6.190616183
            ],
            [
              106.757140338,
              -6.190199027
            ],
            [
              106.757924677,
              -6.189654041
            ],
            [
              106.758319553,
              -6.189943324
            ],
            [
              106.758686706,
              -6.189570708
            ],
            [
              106.758503251,
              -6.18883092
            ],
            [
              106.758113881,
              -6.188969923
            ],
            [
              106.757913688,
              -6.188625044
            ],
            [
              106.758303253,
              -6.186989825
            ],
            [
              106.757157384,
              -6.187495829
            ],
            [
              106.756651388,
              -6.186305463
            ],
            [
              106.756862864,
              -6.185443359
            ],
            [
              106.756525785,
              -6.184493595
            ],
            [
              106.755018393,
              -6.184115279
            ],
            [
              106.75403,
              -6.184665
            ],
            [
              106.75205,
              -6.182955
            ],
            [
              106.751486,
              -6.181890001
            ],
            [
              106.750533,
              -6.181279001
            ],
            [
              106.749944,
              -6.180466001
            ],
            [
              106.750338,
              -6.180181
            ],
            [
              106.751309,
              -6.177512
            ],
            [
              106.749884633,
              -6.177130374
            ],
            [
              106.749386087,
              -6.175736054
            ],
            [
              106.749757711,
              -6.175115137
            ],
            [
              106.749668463,
              -6.1739941
            ],
            [
              106.750163929,
              -6.173713283
            ],
            [
              106.754160815,
              -6.176008547
            ],
            [
              106.754700496,
              -6.178178983
            ],
            [
              106.757319252,
              -6.178544695
            ],
            [
              106.75837828,
              -6.175899271
            ],
            [
              106.76096657,
              -6.176822284
            ],
            [
              106.762373482,
              -6.176965979
            ],
            [
              106.765215773,
              -6.176604779
            ],
            [
              106.766070574,
              -6.176198646
            ],
            [
              106.766267837,
              -6.177701928
            ]
          ]
        ]
      }
    },
    {
      "type": "Feature",
      "id": "4fbe3bd8-f643-5d05-b7cd-4590167c3a97",
      "properties": {
        "id": "4fbe3bd8-f643-5d05-b7cd-4590167c3a97",
        "code": "31.73.06.1001",
        "name": "Kalideres",
        "districtId": "fe38794a-62df-57c3-aa2c-6bb434402540",
        "districtName": "Kalideres",
        "cityId": "245d9fa3-f490-5ac3-9655-dd89d48b7681",
        "cityName": "Kota Administrasi Jakarta Barat",
        "cityShortName": "JAKARTA BARAT"
      },
      "geometry": {
        "type": "Polygon",
        "coordinates": [
          [
            [
              106.718154643,
              -6.147871223
            ],
            [
              106.719008755,
              -6.153433093
            ],
            [
              106.717707702,
              -6.153923441
            ],
            [
              106.714729647,
              -6.155812941
            ],
            [
              106.706375733,
              -6.156329333
            ],
            [
              106.70315786,
              -6.157941058
            ],
            [
              106.696059029,
              -6.159775055
            ],
            [
              106.688036032,
              -6.159932461
            ],
            [
              106.687760031,
              -6.1542847
            ],
            [
              106.687343887,
              -6.15421783
            ],
            [
              106.687724657,
              -6.153301504
            ],
            [
              106.687297311,
              -6.143993728
            ],
            [
              106.68645115,
              -6.144003575
            ],
            [
              106.686761153,
              -6.13698718
            ],
            [
              106.686664939,
              -6.136036473
            ],
            [
              106.686403155,
              -6.136022943
            ],
            [
              106.685951566,
              -6.127904335
            ],
            [
              106.68645196,
              -6.128460828
            ],
            [
              106.687088253,
              -6.12855637
            ],
            [
              106.687436,
              -6.129698
            ],
            [
              106.688318,
              -6.130475
            ],
            [
              106.68942,
              -6.132537
            ],
            [
              106.691522,
              -6.133493
            ],
            [
              106.691261,
              -6.135037
            ],
            [
              106.691750664,
              -6.136446229
            ],
            [
              106.69123419,
              -6.137607731
            ],
            [
              106.691868344,
              -6.138129178
            ],
            [
              106.691631869,
              -6.139539228
            ],
            [
              106.692513198,
              -6.14078032
            ],
            [
              106.696378384,
              -6.142801935
            ],
            [
              106.701193119,
              -6.144374662
            ],
            [
              106.70794517,
              -6.145389266
            ],
            [
              106.710531143,
              -6.147152261
            ],
            [
              106.714840838,
              -6.148018157
            ],
            [
              106.718154643,
              -6.147871223
            ]
          ]
        ]
      }
    },
    {
      "type": "Feature",
      "id": "00ae3510-df5e-5927-bff2-c8d12e39673e",
      "properties": {
        "id": "00ae3510-df5e-5927-bff2-c8d12e39673e",
        "code": "31.73.06.1002",
        "name": "Semanan",
        "districtId": "fe38794a-62df-57c3-aa2c-6bb434402540",
        "districtName": "Kalideres",
        "cityId": "245d9fa3-f490-5ac3-9655-dd89d48b7681",
        "cityName": "Kota Administrasi Jakarta Barat",
        "cityShortName": "JAKARTA BARAT"
      },
      "geometry": {
        "type": "Polygon",
        "coordinates": [
          [
            [
              106.700592803,
              -6.176835589
            ],
            [
              106.695598134,
              -6.175139693
            ],
            [
              106.694517186,
              -6.175753216
            ],
            [
              106.693724456,
              -6.175666022
            ],
            [
              106.692739973,
              -6.175041133
            ],
            [
              106.691176153,
              -6.174906146
            ],
            [
              106.691232681,
              -6.173509961
            ],
            [
              106.689546348,
              -6.173185156
            ],
            [
              106.688558434,
              -6.17260692
            ],
            [
              106.68681143,
              -6.172372015
            ],
            [
              106.687011136,
              -6.168624766
            ],
            [
              106.688114915,
              -6.168427479
            ],
            [
              106.68866249,
              -6.166965138
            ],
            [
              106.689302275,
              -6.166976268
            ],
            [
              106.689311001,
              -6.163959
            ],
            [
              106.690918733,
              -6.161010707
            ],
            [
              106.690925969,
              -6.160022439
            ],
            [
              106.69679219,
              -6.159648262
            ],
            [
              106.70315786,
              -6.157941058
            ],
            [
              106.706375733,
              -6.156329333
            ],
            [
              106.710746616,
              -6.15589397
            ],
            [
              106.713620227,
              -6.155986873
            ],
            [
              106.714729647,
              -6.155812941
            ],
            [
              106.715753417,
              -6.155173759
            ],
            [
              106.716142856,
              -6.156136442
            ],
            [
              106.716097808,
              -6.158077975
            ],
            [
              106.715480253,
              -6.158085283
            ],
            [
              106.715382991,
              -6.16064423
            ],
            [
              106.716446957,
              -6.16072628
            ],
            [
              106.716559305,
              -6.165803673
            ],
            [
              106.713671343,
              -6.167965051
            ],
            [
              106.712663833,
              -6.171187101
            ],
            [
              106.71163899,
              -6.171865877
            ],
            [
              106.710588582,
              -6.174124623
            ],
            [
              106.708645447,
              -6.174637239
            ],
            [
              106.706492743,
              -6.17392699
            ],
            [
              106.705127361,
              -6.174832374
            ],
            [
              106.70326623,
              -6.174763341
            ],
            [
              106.700592803,
              -6.176835589
            ]
          ]
        ]
      }
    },
    {
      "type": "Feature",
      "id": "e81e781b-7d80-5620-93de-207e317b9171",
      "properties": {
        "id": "e81e781b-7d80-5620-93de-207e317b9171",
        "code": "31.73.06.1003",
        "name": "Tegal Alur",
        "districtId": "fe38794a-62df-57c3-aa2c-6bb434402540",
        "districtName": "Kalideres",
        "cityId": "245d9fa3-f490-5ac3-9655-dd89d48b7681",
        "cityName": "Kota Administrasi Jakarta Barat",
        "cityShortName": "JAKARTA BARAT"
      },
      "geometry": {
        "type": "Polygon",
        "coordinates": [
          [
            [
              106.731609742,
              -6.121430211
            ],
            [
              106.730592001,
              -6.123339
            ],
            [
              106.7298371,
              -6.1227078
            ],
            [
              106.7286013,
              -6.1232564
            ],
            [
              106.7286019,
              -6.1237197
            ],
            [
              106.72719384,
              -6.124043641
            ],
            [
              106.72442713,
              -6.126352337
            ],
            [
              106.723283926,
              -6.125949118
            ],
            [
              106.722363225,
              -6.126109339
            ],
            [
              106.721248596,
              -6.126968028
            ],
            [
              106.720584379,
              -6.126673592
            ],
            [
              106.719259974,
              -6.128252509
            ],
            [
              106.719632765,
              -6.128871605
            ],
            [
              106.71543518,
              -6.132187255
            ],
            [
              106.714704301,
              -6.132295363
            ],
            [
              106.706003846,
              -6.122851535
            ],
            [
              106.711086863,
              -6.118337451
            ],
            [
              106.707206954,
              -6.113829644
            ],
            [
              106.7017418,
              -6.106708225
            ],
            [
              106.705501241,
              -6.105247802
            ],
            [
              106.706466442,
              -6.104596636
            ],
            [
              106.710206286,
              -6.104005961
            ],
            [
              106.714295777,
              -6.098831152
            ],
            [
              106.71738643,
              -6.104793902
            ],
            [
              106.72721522,
              -6.117286767
            ],
            [
              106.731609742,
              -6.121430211
            ]
          ]
        ]
      }
    },
    {
      "type": "Feature",
      "id": "ce597e0d-1da4-5fcd-ba11-302a7ed1e995",
      "properties": {
        "id": "ce597e0d-1da4-5fcd-ba11-302a7ed1e995",
        "code": "31.73.06.1004",
        "name": "Kamal",
        "districtId": "fe38794a-62df-57c3-aa2c-6bb434402540",
        "districtName": "Kalideres",
        "cityId": "245d9fa3-f490-5ac3-9655-dd89d48b7681",
        "cityName": "Kota Administrasi Jakarta Barat",
        "cityShortName": "JAKARTA BARAT"
      },
      "geometry": {
        "type": "Polygon",
        "coordinates": [
          [
            [
              106.710507243,
              -6.09640822
            ],
            [
              106.710788726,
              -6.096851044
            ],
            [
              106.711465901,
              -6.096474403
            ],
            [
              106.712611393,
              -6.097518944
            ],
            [
              106.712913894,
              -6.09731661
            ],
            [
              106.714295777,
              -6.098831152
            ],
            [
              106.711660736,
              -6.10243537
            ],
            [
              106.710088552,
              -6.104069193
            ],
            [
              106.706466442,
              -6.104596636
            ],
            [
              106.705501241,
              -6.105247802
            ],
            [
              106.7017418,
              -6.106708225
            ],
            [
              106.707206954,
              -6.113829644
            ],
            [
              106.711086863,
              -6.118337451
            ],
            [
              106.706065861,
              -6.122871311
            ],
            [
              106.699127117,
              -6.115530685
            ],
            [
              106.694857171,
              -6.117179226
            ],
            [
              106.689970631,
              -6.121075221
            ],
            [
              106.689624822,
              -6.120667448
            ],
            [
              106.690254919,
              -6.116947557
            ],
            [
              106.691253495,
              -6.113719474
            ],
            [
              106.69393169,
              -6.113700271
            ],
            [
              106.693988185,
              -6.113423763
            ],
            [
              106.695628162,
              -6.113892299
            ],
            [
              106.695858847,
              -6.112003913
            ],
            [
              106.696886968,
              -6.110590308
            ],
            [
              106.696425257,
              -6.110842974
            ],
            [
              106.695277575,
              -6.109583371
            ],
            [
              106.695481461,
              -6.109432002
            ],
            [
              106.69475381,
              -6.10720571
            ],
            [
              106.693012014,
              -6.106274542
            ],
            [
              106.691433649,
              -6.107151564
            ],
            [
              106.691252645,
              -6.108881892
            ],
            [
              106.689283862,
              -6.108740944
            ],
            [
              106.688740448,
              -6.108093093
            ],
            [
              106.688401923,
              -6.105323665
            ],
            [
              106.688775453,
              -6.104389426
            ],
            [
              106.688501905,
              -6.104049356
            ],
            [
              106.688618286,
              -6.103431732
            ],
            [
              106.688187325,
              -6.103199817
            ],
            [
              106.689445027,
              -6.101821392
            ],
            [
              106.689102688,
              -6.101266215
            ],
            [
              106.689146105,
              -6.100246883
            ],
            [
              106.688522039,
              -6.100173477
            ],
            [
              106.688014022,
              -6.098229984
            ],
            [
              106.688306158,
              -6.09763693
            ],
            [
              106.687992792,
              -6.097068798
            ],
            [
              106.690926867,
              -6.096458789
            ],
            [
              106.691426783,
              -6.09581484
            ],
            [
              106.693455282,
              -6.095578792
            ],
            [
              106.697548722,
              -6.096437967
            ],
            [
              106.700117966,
              -6.096006401
            ],
            [
              106.701612917,
              -6.096072778
            ],
            [
              106.70172519,
              -6.096338665
            ],
            [
              106.702495155,
              -6.09606708
            ],
            [
              106.703128625,
              -6.096851002
            ],
            [
              106.706033414,
              -6.095958995
            ],
            [
              106.710507243,
              -6.09640822
            ]
          ]
        ]
      }
    },
    {
      "type": "Feature",
      "id": "9386ae44-fb41-58e1-bc8f-63620792caaa",
      "properties": {
        "id": "9386ae44-fb41-58e1-bc8f-63620792caaa",
        "code": "31.73.06.1005",
        "name": "Pegadungan",
        "districtId": "fe38794a-62df-57c3-aa2c-6bb434402540",
        "districtName": "Kalideres",
        "cityId": "245d9fa3-f490-5ac3-9655-dd89d48b7681",
        "cityName": "Kota Administrasi Jakarta Barat",
        "cityShortName": "JAKARTA BARAT"
      },
      "geometry": {
        "type": "Polygon",
        "coordinates": [
          [
            [
              106.699127117,
              -6.115530685
            ],
            [
              106.714704301,
              -6.132295363
            ],
            [
              106.715374171,
              -6.13222549
            ],
            [
              106.716751611,
              -6.131168481
            ],
            [
              106.717856,
              -6.1324212
            ],
            [
              106.716628189,
              -6.133590301
            ],
            [
              106.716685356,
              -6.138470083
            ],
            [
              106.717461418,
              -6.143376606
            ],
            [
              106.71832445,
              -6.143562549
            ],
            [
              106.71790452,
              -6.145432112
            ],
            [
              106.718179711,
              -6.147870938
            ],
            [
              106.714840838,
              -6.148018157
            ],
            [
              106.710531143,
              -6.147152261
            ],
            [
              106.70794517,
              -6.145389266
            ],
            [
              106.701193119,
              -6.144374662
            ],
            [
              106.696378384,
              -6.142801935
            ],
            [
              106.692513198,
              -6.14078032
            ],
            [
              106.691631869,
              -6.139539228
            ],
            [
              106.691868344,
              -6.138129178
            ],
            [
              106.69123419,
              -6.137607731
            ],
            [
              106.691750664,
              -6.136446229
            ],
            [
              106.691261,
              -6.135037
            ],
            [
              106.691522,
              -6.133493
            ],
            [
              106.68942,
              -6.132537
            ],
            [
              106.688318,
              -6.130475
            ],
            [
              106.687436,
              -6.129698
            ],
            [
              106.687088253,
              -6.12855637
            ],
            [
              106.68645196,
              -6.128460828
            ],
            [
              106.685951566,
              -6.127904335
            ],
            [
              106.686633291,
              -6.124821828
            ],
            [
              106.687944903,
              -6.124613145
            ],
            [
              106.689970631,
              -6.121075221
            ],
            [
              106.694857171,
              -6.117179226
            ],
            [
              106.699127117,
              -6.115530685
            ]
          ]
        ]
      }
    },
    {
      "type": "Feature",
      "id": "ae3649c5-5f6d-52f5-916e-30c1f400547f",
      "properties": {
        "id": "ae3649c5-5f6d-52f5-916e-30c1f400547f",
        "code": "31.73.07.1001",
        "name": "Palmerah",
        "districtId": "e7b0c002-6e31-588b-b1bb-b6917c6a2a73",
        "districtName": "Pal Merah",
        "cityId": "245d9fa3-f490-5ac3-9655-dd89d48b7681",
        "cityName": "Kota Administrasi Jakarta Barat",
        "cityShortName": "JAKARTA BARAT"
      },
      "geometry": {
        "type": "Polygon",
        "coordinates": [
          [
            [
              106.798524157,
              -6.199206277
            ],
            [
              106.799531864,
              -6.201348902
            ],
            [
              106.799419908,
              -6.201766306
            ],
            [
              106.798266627,
              -6.202599249
            ],
            [
              106.79728843,
              -6.203837448
            ],
            [
              106.796078682,
              -6.207580904
            ],
            [
              106.792519125,
              -6.207802499
            ],
            [
              106.790611091,
              -6.207466763
            ],
            [
              106.789069874,
              -6.208471041
            ],
            [
              106.787274966,
              -6.206990283
            ],
            [
              106.783203464,
              -6.206727224
            ],
            [
              106.782310918,
              -6.198799089
            ],
            [
              106.782181456,
              -6.193373699
            ],
            [
              106.784942555,
              -6.193029314
            ],
            [
              106.787517851,
              -6.194488116
            ],
            [
              106.787655843,
              -6.195050213
            ],
            [
              106.788431396,
              -6.195017542
            ],
            [
              106.788511069,
              -6.195243806
            ],
            [
              106.789555573,
              -6.195238902
            ],
            [
              106.789645156,
              -6.194313671
            ],
            [
              106.792224373,
              -6.194246029
            ],
            [
              106.794062654,
              -6.195604383
            ],
            [
              106.794102182,
              -6.196382717
            ],
            [
              106.793227018,
              -6.197534768
            ],
            [
              106.794111168,
              -6.199645369
            ],
            [
              106.796793798,
              -6.199593977
            ],
            [
              106.798524157,
              -6.199206277
            ]
          ]
        ]
      }
    },
    {
      "type": "Feature",
      "id": "c5b96c32-58ba-5cce-8d56-68f9ac75f518",
      "properties": {
        "id": "c5b96c32-58ba-5cce-8d56-68f9ac75f518",
        "code": "31.73.07.1002",
        "name": "Slipi",
        "districtId": "e7b0c002-6e31-588b-b1bb-b6917c6a2a73",
        "districtName": "Pal Merah",
        "cityId": "245d9fa3-f490-5ac3-9655-dd89d48b7681",
        "cityName": "Kota Administrasi Jakarta Barat",
        "cityShortName": "JAKARTA BARAT"
      },
      "geometry": {
        "type": "Polygon",
        "coordinates": [
          [
            [
              106.806768624,
              -6.189126597
            ],
            [
              106.805544701,
              -6.192740575
            ],
            [
              106.805047485,
              -6.195813166
            ],
            [
              106.804330652,
              -6.19731278
            ],
            [
              106.802772444,
              -6.199035379
            ],
            [
              106.800234457,
              -6.200281112
            ],
            [
              106.799531864,
              -6.201348902
            ],
            [
              106.797500354,
              -6.195940093
            ],
            [
              106.797095396,
              -6.189570067
            ],
            [
              106.806768624,
              -6.189126597
            ]
          ]
        ]
      }
    },
    {
      "type": "Feature",
      "id": "792d21fd-b130-5175-805a-7cefad30f047",
      "properties": {
        "id": "792d21fd-b130-5175-805a-7cefad30f047",
        "code": "31.73.07.1003",
        "name": "Kota Bambu Utara",
        "districtId": "e7b0c002-6e31-588b-b1bb-b6917c6a2a73",
        "districtName": "Pal Merah",
        "cityId": "245d9fa3-f490-5ac3-9655-dd89d48b7681",
        "cityName": "Kota Administrasi Jakarta Barat",
        "cityShortName": "JAKARTA BARAT"
      },
      "geometry": {
        "type": "Polygon",
        "coordinates": [
          [
            [
              106.810168222,
              -6.182720487
            ],
            [
              106.810360498,
              -6.185207778
            ],
            [
              106.808009208,
              -6.186865329
            ],
            [
              106.805923212,
              -6.18554643
            ],
            [
              106.803809803,
              -6.185609656
            ],
            [
              106.801771322,
              -6.1840267
            ],
            [
              106.801250632,
              -6.184137411
            ],
            [
              106.801297375,
              -6.185743884
            ],
            [
              106.796948799,
              -6.185906578
            ],
            [
              106.796771899,
              -6.181803917
            ],
            [
              106.797718634,
              -6.181652759
            ],
            [
              106.797761662,
              -6.181935866
            ],
            [
              106.798280891,
              -6.181988632
            ],
            [
              106.805089085,
              -6.179965551
            ],
            [
              106.805522744,
              -6.182058369
            ],
            [
              106.807077001,
              -6.181974999
            ],
            [
              106.807085774,
              -6.182332772
            ],
            [
              106.808205013,
              -6.182179441
            ],
            [
              106.808288893,
              -6.182908704
            ],
            [
              106.810168222,
              -6.182720487
            ]
          ]
        ]
      }
    },
    {
      "type": "Feature",
      "id": "a936b1aa-14bd-5848-8596-3a54beb1bfdd",
      "properties": {
        "id": "a936b1aa-14bd-5848-8596-3a54beb1bfdd",
        "code": "31.73.07.1004",
        "name": "Jatipulo",
        "districtId": "e7b0c002-6e31-588b-b1bb-b6917c6a2a73",
        "districtName": "Pal Merah",
        "cityId": "245d9fa3-f490-5ac3-9655-dd89d48b7681",
        "cityName": "Kota Administrasi Jakarta Barat",
        "cityShortName": "JAKARTA BARAT"
      },
      "geometry": {
        "type": "Polygon",
        "coordinates": [
          [
            [
              106.810168222,
              -6.182720487
            ],
            [
              106.808288893,
              -6.182908704
            ],
            [
              106.808205013,
              -6.182179441
            ],
            [
              106.807085774,
              -6.182332772
            ],
            [
              106.807077001,
              -6.181974999
            ],
            [
              106.805522744,
              -6.182058369
            ],
            [
              106.805089085,
              -6.179965551
            ],
            [
              106.798280891,
              -6.181988632
            ],
            [
              106.797761662,
              -6.181935866
            ],
            [
              106.797718634,
              -6.181652759
            ],
            [
              106.796771899,
              -6.181803917
            ],
            [
              106.796127043,
              -6.179422347
            ],
            [
              106.798539316,
              -6.178166781
            ],
            [
              106.805520299,
              -6.17346373
            ],
            [
              106.809841623,
              -6.17965271
            ],
            [
              106.810168222,
              -6.182720487
            ]
          ]
        ]
      }
    },
    {
      "type": "Feature",
      "id": "9f803453-1c16-5dd2-8437-493d2db4767a",
      "properties": {
        "id": "9f803453-1c16-5dd2-8437-493d2db4767a",
        "code": "31.73.07.1005",
        "name": "Kemanggisan",
        "districtId": "e7b0c002-6e31-588b-b1bb-b6917c6a2a73",
        "districtName": "Pal Merah",
        "cityId": "245d9fa3-f490-5ac3-9655-dd89d48b7681",
        "cityName": "Kota Administrasi Jakarta Barat",
        "cityShortName": "JAKARTA BARAT"
      },
      "geometry": {
        "type": "Polygon",
        "coordinates": [
          [
            [
              106.796771899,
              -6.181803917
            ],
            [
              106.797304622,
              -6.19465019
            ],
            [
              106.798524157,
              -6.199206277
            ],
            [
              106.796793798,
              -6.199593977
            ],
            [
              106.794111168,
              -6.199645369
            ],
            [
              106.793227018,
              -6.197534768
            ],
            [
              106.794102182,
              -6.196382717
            ],
            [
              106.794062654,
              -6.195604383
            ],
            [
              106.792224373,
              -6.194246029
            ],
            [
              106.789645156,
              -6.194313671
            ],
            [
              106.789555573,
              -6.195238902
            ],
            [
              106.788511069,
              -6.195243806
            ],
            [
              106.788431396,
              -6.195017542
            ],
            [
              106.787655843,
              -6.195050213
            ],
            [
              106.787517851,
              -6.194488116
            ],
            [
              106.784942555,
              -6.193029314
            ],
            [
              106.782231316,
              -6.193240152
            ],
            [
              106.782323376,
              -6.191243719
            ],
            [
              106.783437903,
              -6.187590147
            ],
            [
              106.78323372,
              -6.185300178
            ],
            [
              106.788385923,
              -6.185051814
            ],
            [
              106.791585425,
              -6.184005778
            ],
            [
              106.792429549,
              -6.18336898
            ],
            [
              106.794931665,
              -6.18016875
            ],
            [
              106.796127043,
              -6.179422347
            ],
            [
              106.796771899,
              -6.181803917
            ]
          ]
        ]
      }
    },
    {
      "type": "Feature",
      "id": "bbf5d686-67a1-5e7e-872a-939e49829dd4",
      "properties": {
        "id": "bbf5d686-67a1-5e7e-872a-939e49829dd4",
        "code": "31.73.07.1006",
        "name": "Kota Bambu Selatan",
        "districtId": "e7b0c002-6e31-588b-b1bb-b6917c6a2a73",
        "districtName": "Pal Merah",
        "cityId": "245d9fa3-f490-5ac3-9655-dd89d48b7681",
        "cityName": "Kota Administrasi Jakarta Barat",
        "cityShortName": "JAKARTA BARAT"
      },
      "geometry": {
        "type": "Polygon",
        "coordinates": [
          [
            [
              106.810360498,
              -6.185207778
            ],
            [
              106.8106492,
              -6.188933197
            ],
            [
              106.809430736,
              -6.188695543
            ],
            [
              106.806768624,
              -6.189126597
            ],
            [
              106.797095396,
              -6.189570067
            ],
            [
              106.796948799,
              -6.185906578
            ],
            [
              106.801297375,
              -6.185743884
            ],
            [
              106.801283229,
              -6.184109106
            ],
            [
              106.802461387,
              -6.184377483
            ],
            [
              106.803809803,
              -6.185609656
            ],
            [
              106.805923212,
              -6.18554643
            ],
            [
              106.808009208,
              -6.186865329
            ],
            [
              106.810360498,
              -6.185207778
            ]
          ]
        ]
      }
    },
    {
      "type": "Feature",
      "id": "a3597f3d-fc4b-5d6c-9230-4b8ea526ff61",
      "properties": {
        "id": "a3597f3d-fc4b-5d6c-9230-4b8ea526ff61",
        "code": "31.73.08.1001",
        "name": "Kembangan Utara",
        "districtId": "f3c9c667-7d4d-559b-bea5-52611d06f54b",
        "districtName": "Kembangan",
        "cityId": "245d9fa3-f490-5ac3-9655-dd89d48b7681",
        "cityName": "Kota Administrasi Jakarta Barat",
        "cityShortName": "JAKARTA BARAT"
      },
      "geometry": {
        "type": "Polygon",
        "coordinates": [
          [
            [
              106.759416482,
              -6.159190188
            ],
            [
              106.757917143,
              -6.160699298
            ],
            [
              106.757899878,
              -6.161905368
            ],
            [
              106.757138623,
              -6.161995082
            ],
            [
              106.756672096,
              -6.164787805
            ],
            [
              106.755922004,
              -6.165515922
            ],
            [
              106.755086388,
              -6.165650748
            ],
            [
              106.75391725,
              -6.166725838
            ],
            [
              106.753496622,
              -6.167722283
            ],
            [
              106.753022063,
              -6.1676154
            ],
            [
              106.752802941,
              -6.168248156
            ],
            [
              106.751801017,
              -6.168571167
            ],
            [
              106.752224109,
              -6.169305422
            ],
            [
              106.751842704,
              -6.170174773
            ],
            [
              106.750877281,
              -6.170505901
            ],
            [
              106.75094616,
              -6.171034585
            ],
            [
              106.749853375,
              -6.172145157
            ],
            [
              106.749253586,
              -6.172306785
            ],
            [
              106.749555559,
              -6.173185844
            ],
            [
              106.748620854,
              -6.173302226
            ],
            [
              106.747922458,
              -6.176238946
            ],
            [
              106.745494716,
              -6.176389033
            ],
            [
              106.74445076,
              -6.177255128
            ],
            [
              106.743704815,
              -6.179112346
            ],
            [
              106.742720424,
              -6.18009271
            ],
            [
              106.741591355,
              -6.182244313
            ],
            [
              106.739916289,
              -6.182791552
            ],
            [
              106.737790259,
              -6.184760159
            ],
            [
              106.733291075,
              -6.184690808
            ],
            [
              106.731243406,
              -6.185532144
            ],
            [
              106.730240327,
              -6.1854638
            ],
            [
              106.728735748,
              -6.17950931
            ],
            [
              106.728362226,
              -6.176173637
            ],
            [
              106.729017154,
              -6.175722922
            ],
            [
              106.729592201,
              -6.175818875
            ],
            [
              106.72910872,
              -6.175300345
            ],
            [
              106.729300453,
              -6.175056409
            ],
            [
              106.730999339,
              -6.175975971
            ],
            [
              106.730764256,
              -6.175034894
            ],
            [
              106.731905789,
              -6.174377248
            ],
            [
              106.731461513,
              -6.173871798
            ],
            [
              106.731757784,
              -6.173728082
            ],
            [
              106.731984487,
              -6.172817585
            ],
            [
              106.732577001,
              -6.172669566
            ],
            [
              106.733500795,
              -6.171476011
            ],
            [
              106.734293635,
              -6.171737549
            ],
            [
              106.734382148,
              -6.17127317
            ],
            [
              106.734852701,
              -6.170985714
            ],
            [
              106.735218608,
              -6.171212323
            ],
            [
              106.735697868,
              -6.170959721
            ],
            [
              106.735427871,
              -6.170345387
            ],
            [
              106.735641412,
              -6.169931544
            ],
            [
              106.736307887,
              -6.170341183
            ],
            [
              106.737641052,
              -6.169905746
            ],
            [
              106.737880554,
              -6.170528786
            ],
            [
              106.738229061,
              -6.170611621
            ],
            [
              106.738372898,
              -6.170175981
            ],
            [
              106.737771795,
              -6.169613873
            ],
            [
              106.737819832,
              -6.168934245
            ],
            [
              106.738046418,
              -6.168646745
            ],
            [
              106.738451539,
              -6.168842862
            ],
            [
              106.738555945,
              -6.169735991
            ],
            [
              106.738830403,
              -6.169749107
            ],
            [
              106.739449334,
              -6.16789328
            ],
            [
              106.739688891,
              -6.168193928
            ],
            [
              106.739993873,
              -6.16802407
            ],
            [
              106.740093993,
              -6.168507673
            ],
            [
              106.740398935,
              -6.168586143
            ],
            [
              106.740486238,
              -6.167527493
            ],
            [
              106.741605768,
              -6.168063542
            ],
            [
              106.741701726,
              -6.167349068
            ],
            [
              106.742642873,
              -6.166429968
            ],
            [
              106.743692768,
              -6.166521624
            ],
            [
              106.744028312,
              -6.165916104
            ],
            [
              106.744376709,
              -6.16669164
            ],
            [
              106.745452797,
              -6.166443479
            ],
            [
              106.745757871,
              -6.16565933
            ],
            [
              106.7462196,
              -6.166029716
            ],
            [
              106.746711904,
              -6.165881666
            ],
            [
              106.746468031,
              -6.165297838
            ],
            [
              106.746668472,
              -6.165005973
            ],
            [
              106.747008227,
              -6.16533713
            ],
            [
              106.748768192,
              -6.165659785
            ],
            [
              106.747566621,
              -6.160231226
            ],
            [
              106.747710893,
              -6.158275116
            ],
            [
              106.753187565,
              -6.157910149
            ],
            [
              106.759416482,
              -6.159190188
            ]
          ]
        ]
      }
    },
    {
      "type": "Feature",
      "id": "55908f1f-d1cd-5a6d-9a87-2c66129aaddc",
      "properties": {
        "id": "55908f1f-d1cd-5a6d-9a87-2c66129aaddc",
        "code": "31.73.08.1002",
        "name": "Meruya Utara",
        "districtId": "f3c9c667-7d4d-559b-bea5-52611d06f54b",
        "districtName": "Kembangan",
        "cityId": "245d9fa3-f490-5ac3-9655-dd89d48b7681",
        "cityName": "Kota Administrasi Jakarta Barat",
        "cityShortName": "JAKARTA BARAT"
      },
      "geometry": {
        "type": "Polygon",
        "coordinates": [
          [
            [
              106.762894344,
              -6.198320019
            ],
            [
              106.761415511,
              -6.199128141
            ],
            [
              106.757373315,
              -6.197109425
            ],
            [
              106.755785406,
              -6.196687149
            ],
            [
              106.753160566,
              -6.197482037
            ],
            [
              106.74866013,
              -6.197204828
            ],
            [
              106.744073858,
              -6.19748381
            ],
            [
              106.742291939,
              -6.197902288
            ],
            [
              106.740903208,
              -6.200760842
            ],
            [
              106.738063492,
              -6.204136341
            ],
            [
              106.73540138,
              -6.205082249
            ],
            [
              106.735268829,
              -6.204238774
            ],
            [
              106.734757766,
              -6.204235096
            ],
            [
              106.733524204,
              -6.203312464
            ],
            [
              106.731255223,
              -6.206359232
            ],
            [
              106.726745924,
              -6.203146114
            ],
            [
              106.726706529,
              -6.202855385
            ],
            [
              106.72636941,
              -6.202840964
            ],
            [
              106.726324036,
              -6.203248356
            ],
            [
              106.724475989,
              -6.203383632
            ],
            [
              106.724484647,
              -6.201955249
            ],
            [
              106.723546849,
              -6.200271639
            ],
            [
              106.72338755,
              -6.199066971
            ],
            [
              106.723942136,
              -6.198302124
            ],
            [
              106.723497412,
              -6.197930211
            ],
            [
              106.724473292,
              -6.196620174
            ],
            [
              106.723865295,
              -6.196191514
            ],
            [
              106.724710156,
              -6.194104364
            ],
            [
              106.724084578,
              -6.190650591
            ],
            [
              106.731395553,
              -6.19142421
            ],
            [
              106.739752743,
              -6.191553591
            ],
            [
              106.757128931,
              -6.190616204
            ],
            [
              106.756791501,
              -6.192379716
            ],
            [
              106.757112206,
              -6.19241118
            ],
            [
              106.756967495,
              -6.192993996
            ],
            [
              106.757549164,
              -6.193066342
            ],
            [
              106.757784905,
              -6.193633498
            ],
            [
              106.759695725,
              -6.195265687
            ],
            [
              106.76000498,
              -6.196240037
            ],
            [
              106.760653852,
              -6.196901508
            ],
            [
              106.761355113,
              -6.196141204
            ],
            [
              106.761831747,
              -6.19623115
            ],
            [
              106.762023459,
              -6.196933409
            ],
            [
              106.762542231,
              -6.197140853
            ],
            [
              106.762894344,
              -6.198320019
            ]
          ]
        ]
      }
    },
    {
      "type": "Feature",
      "id": "ebd78f55-c717-564d-8309-291dd11a1942",
      "properties": {
        "id": "ebd78f55-c717-564d-8309-291dd11a1942",
        "code": "31.73.08.1003",
        "name": "Meruya Selatan",
        "districtId": "f3c9c667-7d4d-559b-bea5-52611d06f54b",
        "districtName": "Kembangan",
        "cityId": "245d9fa3-f490-5ac3-9655-dd89d48b7681",
        "cityName": "Kota Administrasi Jakarta Barat",
        "cityShortName": "JAKARTA BARAT"
      },
      "geometry": {
        "type": "Polygon",
        "coordinates": [
          [
            [
              106.74620092,
              -6.197506143
            ],
            [
              106.746016334,
              -6.19896089
            ],
            [
              106.744267959,
              -6.199057524
            ],
            [
              106.743937935,
              -6.199542009
            ],
            [
              106.743672049,
              -6.209784051
            ],
            [
              106.745355292,
              -6.21345514
            ],
            [
              106.740527076,
              -6.216066016
            ],
            [
              106.738463312,
              -6.216383079
            ],
            [
              106.737526456,
              -6.216289962
            ],
            [
              106.73769947,
              -6.214807072
            ],
            [
              106.728060689,
              -6.215487466
            ],
            [
              106.725284469,
              -6.215258893
            ],
            [
              106.723494281,
              -6.215749296
            ],
            [
              106.718950278,
              -6.215729725
            ],
            [
              106.719206268,
              -6.21449978
            ],
            [
              106.719689195,
              -6.214136355
            ],
            [
              106.719912921,
              -6.212173833
            ],
            [
              106.723086927,
              -6.212307048
            ],
            [
              106.723567724,
              -6.208534418
            ],
            [
              106.723827701,
              -6.208533572
            ],
            [
              106.723876284,
              -6.207851572
            ],
            [
              106.724378346,
              -6.207861898
            ],
            [
              106.724475989,
              -6.203383632
            ],
            [
              106.726324036,
              -6.203248356
            ],
            [
              106.72636941,
              -6.202840964
            ],
            [
              106.726706529,
              -6.202855385
            ],
            [
              106.726745924,
              -6.203146114
            ],
            [
              106.731255223,
              -6.206359232
            ],
            [
              106.733524204,
              -6.203312464
            ],
            [
              106.734757766,
              -6.204235096
            ],
            [
              106.735268829,
              -6.204238774
            ],
            [
              106.73540138,
              -6.205082249
            ],
            [
              106.738063492,
              -6.204136341
            ],
            [
              106.740903208,
              -6.200760842
            ],
            [
              106.742291939,
              -6.197902288
            ],
            [
              106.744073858,
              -6.19748381
            ],
            [
              106.74620092,
              -6.197506143
            ]
          ]
        ]
      }
    },
    {
      "type": "Feature",
      "id": "cef8b2db-f1a5-56e3-900b-1f207af05e78",
      "properties": {
        "id": "cef8b2db-f1a5-56e3-900b-1f207af05e78",
        "code": "31.73.08.1004",
        "name": "Srengseng",
        "districtId": "f3c9c667-7d4d-559b-bea5-52611d06f54b",
        "districtName": "Kembangan",
        "cityId": "245d9fa3-f490-5ac3-9655-dd89d48b7681",
        "cityName": "Kota Administrasi Jakarta Barat",
        "cityShortName": "JAKARTA BARAT"
      },
      "geometry": {
        "type": "Polygon",
        "coordinates": [
          [
            [
              106.762894344,
              -6.198320019
            ],
            [
              106.763247516,
              -6.199359475
            ],
            [
              106.763234764,
              -6.200805719
            ],
            [
              106.763801604,
              -6.201306929
            ],
            [
              106.763886351,
              -6.202536688
            ],
            [
              106.764387677,
              -6.202730524
            ],
            [
              106.764308936,
              -6.204204435
            ],
            [
              106.763590606,
              -6.204996335
            ],
            [
              106.764062019,
              -6.205393688
            ],
            [
              106.764443606,
              -6.206817346
            ],
            [
              106.76510233,
              -6.207290358
            ],
            [
              106.764641731,
              -6.209033436
            ],
            [
              106.765522569,
              -6.209216355
            ],
            [
              106.766150238,
              -6.211556913
            ],
            [
              106.765402751,
              -6.212974842
            ],
            [
              106.763272561,
              -6.214801474
            ],
            [
              106.763068573,
              -6.215487983
            ],
            [
              106.763467623,
              -6.21642468
            ],
            [
              106.764271764,
              -6.216958004
            ],
            [
              106.765037093,
              -6.21855188
            ],
            [
              106.765360146,
              -6.219650814
            ],
            [
              106.765219668,
              -6.221284165
            ],
            [
              106.765651129,
              -6.221746323
            ],
            [
              106.765415837,
              -6.222128883
            ],
            [
              106.765919279,
              -6.222470045
            ],
            [
              106.760142282,
              -6.222573823
            ],
            [
              106.760329765,
              -6.22199172
            ],
            [
              106.760113486,
              -6.221271957
            ],
            [
              106.759318648,
              -6.221258791
            ],
            [
              106.757860337,
              -6.217926224
            ],
            [
              106.757942545,
              -6.21322675
            ],
            [
              106.757037801,
              -6.211779192
            ],
            [
              106.75412298,
              -6.213535131
            ],
            [
              106.745864314,
              -6.213228473
            ],
            [
              106.745355292,
              -6.21345514
            ],
            [
              106.743672049,
              -6.209784051
            ],
            [
              106.743937935,
              -6.199542009
            ],
            [
              106.744267959,
              -6.199057524
            ],
            [
              106.746016334,
              -6.19896089
            ],
            [
              106.74620092,
              -6.197506143
            ],
            [
              106.749012919,
              -6.197198736
            ],
            [
              106.753160566,
              -6.197482037
            ],
            [
              106.755657069,
              -6.196694934
            ],
            [
              106.757373315,
              -6.197109425
            ],
            [
              106.761415511,
              -6.199128141
            ],
            [
              106.762894344,
              -6.198320019
            ]
          ]
        ]
      }
    },
    {
      "type": "Feature",
      "id": "043aa9d0-f99c-5502-a0a1-c9452ad4dc43",
      "properties": {
        "id": "043aa9d0-f99c-5502-a0a1-c9452ad4dc43",
        "code": "31.73.08.1005",
        "name": "Joglo",
        "districtId": "f3c9c667-7d4d-559b-bea5-52611d06f54b",
        "districtName": "Kembangan",
        "cityId": "245d9fa3-f490-5ac3-9655-dd89d48b7681",
        "cityName": "Kota Administrasi Jakarta Barat",
        "cityShortName": "JAKARTA BARAT"
      },
      "geometry": {
        "type": "Polygon",
        "coordinates": [
          [
            [
              106.757943587,
              -6.213500959
            ],
            [
              106.757855189,
              -6.217907619
            ],
            [
              106.759318648,
              -6.221258791
            ],
            [
              106.760113486,
              -6.221271957
            ],
            [
              106.760329765,
              -6.22199172
            ],
            [
              106.760142282,
              -6.222573823
            ],
            [
              106.758399182,
              -6.222561978
            ],
            [
              106.758401127,
              -6.222896057
            ],
            [
              106.75787971,
              -6.22293757
            ],
            [
              106.749917956,
              -6.222717969
            ],
            [
              106.745060789,
              -6.223267363
            ],
            [
              106.744380475,
              -6.22291978
            ],
            [
              106.737435942,
              -6.223879693
            ],
            [
              106.726978105,
              -6.224340204
            ],
            [
              106.72016728,
              -6.224233848
            ],
            [
              106.719867719,
              -6.223092438
            ],
            [
              106.718089487,
              -6.223044397
            ],
            [
              106.717829191,
              -6.220189277
            ],
            [
              106.718299186,
              -6.218602762
            ],
            [
              106.718836964,
              -6.218565126
            ],
            [
              106.71901992,
              -6.21577899
            ],
            [
              106.723494281,
              -6.215749296
            ],
            [
              106.725284469,
              -6.215258893
            ],
            [
              106.728060689,
              -6.215487466
            ],
            [
              106.73769947,
              -6.214807072
            ],
            [
              106.737526456,
              -6.216289962
            ],
            [
              106.738575442,
              -6.216373084
            ],
            [
              106.740527076,
              -6.216066016
            ],
            [
              106.745864314,
              -6.213228473
            ],
            [
              106.75412298,
              -6.213535131
            ],
            [
              106.757037801,
              -6.211779192
            ],
            [
              106.757943587,
              -6.213500959
            ]
          ]
        ]
      }
    },
    {
      "type": "Feature",
      "id": "ff815ad7-aa27-5d7d-ab25-d5003c9d80ee",
      "properties": {
        "id": "ff815ad7-aa27-5d7d-ab25-d5003c9d80ee",
        "code": "31.73.08.1006",
        "name": "Kembangan Selatan",
        "districtId": "f3c9c667-7d4d-559b-bea5-52611d06f54b",
        "districtName": "Kembangan",
        "cityId": "245d9fa3-f490-5ac3-9655-dd89d48b7681",
        "cityName": "Kota Administrasi Jakarta Barat",
        "cityShortName": "JAKARTA BARAT"
      },
      "geometry": {
        "type": "Polygon",
        "coordinates": [
          [
            [
              106.74982123,
              -6.173713266
            ],
            [
              106.749591654,
              -6.174278149
            ],
            [
              106.749757711,
              -6.175115137
            ],
            [
              106.749383518,
              -6.175791415
            ],
            [
              106.749837389,
              -6.177056596
            ],
            [
              106.751309,
              -6.177512
            ],
            [
              106.750338,
              -6.180181
            ],
            [
              106.749944,
              -6.180466001
            ],
            [
              106.751486,
              -6.181890001
            ],
            [
              106.75205,
              -6.182955
            ],
            [
              106.75403,
              -6.184665
            ],
            [
              106.755018393,
              -6.184115279
            ],
            [
              106.756525785,
              -6.184493595
            ],
            [
              106.756862864,
              -6.185443359
            ],
            [
              106.756651388,
              -6.186305463
            ],
            [
              106.757157384,
              -6.187495829
            ],
            [
              106.758258765,
              -6.186923073
            ],
            [
              106.757935918,
              -6.1887641
            ],
            [
              106.758469883,
              -6.18879198
            ],
            [
              106.758686706,
              -6.189570708
            ],
            [
              106.758319553,
              -6.189943324
            ],
            [
              106.757924677,
              -6.189654041
            ],
            [
              106.757140338,
              -6.190199027
            ],
            [
              106.757129158,
              -6.190616183
            ],
            [
              106.739752743,
              -6.191553591
            ],
            [
              106.731395553,
              -6.19142421
            ],
            [
              106.724168408,
              -6.190642318
            ],
            [
              106.724128919,
              -6.19179158
            ],
            [
              106.723824642,
              -6.191951067
            ],
            [
              106.721976338,
              -6.191454657
            ],
            [
              106.720981,
              -6.191782
            ],
            [
              106.720234,
              -6.192463
            ],
            [
              106.719878999,
              -6.192507
            ],
            [
              106.719629083,
              -6.191904869
            ],
            [
              106.718027189,
              -6.192759373
            ],
            [
              106.716304423,
              -6.192274499
            ],
            [
              106.715893303,
              -6.192661609
            ],
            [
              106.713440094,
              -6.191766391
            ],
            [
              106.713877165,
              -6.191086123
            ],
            [
              106.714829137,
              -6.191621347
            ],
            [
              106.714895393,
              -6.189928482
            ],
            [
              106.715909331,
              -6.190221269
            ],
            [
              106.716774368,
              -6.189745967
            ],
            [
              106.716841377,
              -6.189213433
            ],
            [
              106.717244177,
              -6.189026716
            ],
            [
              106.717945301,
              -6.187762438
            ],
            [
              106.718871025,
              -6.187815499
            ],
            [
              106.720901013,
              -6.18683999
            ],
            [
              106.721371479,
              -6.187064549
            ],
            [
              106.722255381,
              -6.186512621
            ],
            [
              106.722700623,
              -6.185592483
            ],
            [
              106.724139493,
              -6.185892848
            ],
            [
              106.724369553,
              -6.184962644
            ],
            [
              106.723138786,
              -6.184701078
            ],
            [
              106.723010283,
              -6.184232768
            ],
            [
              106.723332878,
              -6.18361368
            ],
            [
              106.723874568,
              -6.18394916
            ],
            [
              106.724302857,
              -6.183719641
            ],
            [
              106.724078636,
              -6.182589644
            ],
            [
              106.724932643,
              -6.182076429
            ],
            [
              106.724450416,
              -6.181083111
            ],
            [
              106.724736823,
              -6.180820027
            ],
            [
              106.725234691,
              -6.180967172
            ],
            [
              106.725629488,
              -6.180489985
            ],
            [
              106.725848867,
              -6.179974066
            ],
            [
              106.72525555,
              -6.179826903
            ],
            [
              106.72577431,
              -6.178637714
            ],
            [
              106.726997094,
              -6.178772096
            ],
            [
              106.726680026,
              -6.177487295
            ],
            [
              106.726953509,
              -6.177335138
            ],
            [
              106.727508097,
              -6.177652559
            ],
            [
              106.72771982,
              -6.176680012
            ],
            [
              106.728362226,
              -6.176173637
            ],
            [
              106.728735748,
              -6.17950931
            ],
            [
              106.730240327,
              -6.1854638
            ],
            [
              106.731153821,
              -6.185548131
            ],
            [
              106.733291075,
              -6.184690808
            ],
            [
              106.73820176,
              -6.184582646
            ],
            [
              106.739916289,
              -6.182791552
            ],
            [
              106.741671498,
              -6.182155535
            ],
            [
              106.742720424,
              -6.18009271
            ],
            [
              106.743704815,
              -6.179112346
            ],
            [
              106.74422439,
              -6.177530396
            ],
            [
              106.745154683,
              -6.176605545
            ],
            [
              106.74790608,
              -6.176257366
            ],
            [
              106.748620854,
              -6.173302226
            ],
            [
              106.749565133,
              -6.173179254
            ],
            [
              106.74982123,
              -6.173713266
            ]
          ]
        ]
      }
    },
    {
      "type": "Feature",
      "id": "35e9680d-be0c-58cd-b98e-769944e67053",
      "properties": {
        "id": "35e9680d-be0c-58cd-b98e-769944e67053",
        "code": "31.74.01.1001",
        "name": "Tebet Timur",
        "districtId": "45b43f6b-4acb-55e9-99da-1b2a1615ab3b",
        "districtName": "Tebet",
        "cityId": "6490a979-96ad-5c1d-9c86-556a8c940379",
        "cityName": "Kota Administrasi Jakarta Selatan",
        "cityShortName": "JAKARTA SELATAN"
      },
      "geometry": {
        "type": "Polygon",
        "coordinates": [
          [
            [
              106.85843214,
              -6.225464682
            ],
            [
              106.858682718,
              -6.243162922
            ],
            [
              106.853886845,
              -6.243171851
            ],
            [
              106.853845329,
              -6.242385813
            ],
            [
              106.852465338,
              -6.240118191
            ],
            [
              106.852420575,
              -6.238795699
            ],
            [
              106.853160934,
              -6.236504637
            ],
            [
              106.852307495,
              -6.231109679
            ],
            [
              106.852324799,
              -6.22707607
            ],
            [
              106.851866023,
              -6.224364976
            ],
            [
              106.85843214,
              -6.225464682
            ]
          ]
        ]
      }
    },
    {
      "type": "Feature",
      "id": "57cf0c8c-f749-54d9-bf40-87f4bc112b22",
      "properties": {
        "id": "57cf0c8c-f749-54d9-bf40-87f4bc112b22",
        "code": "31.74.01.1002",
        "name": "Tebet Barat",
        "districtId": "45b43f6b-4acb-55e9-99da-1b2a1615ab3b",
        "districtName": "Tebet",
        "cityId": "6490a979-96ad-5c1d-9c86-556a8c940379",
        "cityName": "Kota Administrasi Jakarta Selatan",
        "cityShortName": "JAKARTA SELATAN"
      },
      "geometry": {
        "type": "Polygon",
        "coordinates": [
          [
            [
              106.852047903,
              -6.223783031
            ],
            [
              106.852324799,
              -6.22707607
            ],
            [
              106.852307495,
              -6.231109679
            ],
            [
              106.853160934,
              -6.236504637
            ],
            [
              106.852420575,
              -6.238795699
            ],
            [
              106.852465338,
              -6.240118191
            ],
            [
              106.853845329,
              -6.242385813
            ],
            [
              106.853886845,
              -6.243171851
            ],
            [
              106.846313756,
              -6.243474243
            ],
            [
              106.84352015,
              -6.243308261
            ],
            [
              106.84548229,
              -6.239759279
            ],
            [
              106.844321919,
              -6.2370172
            ],
            [
              106.844248298,
              -6.233948473
            ],
            [
              106.844929704,
              -6.2323764
            ],
            [
              106.847110277,
              -6.230064907
            ],
            [
              106.847502898,
              -6.227078713
            ],
            [
              106.847469336,
              -6.224282523
            ],
            [
              106.850744831,
              -6.224164038
            ],
            [
              106.850842256,
              -6.22382579
            ],
            [
              106.852047903,
              -6.223783031
            ]
          ]
        ]
      }
    },
    {
      "type": "Feature",
      "id": "d40c386c-bf15-5169-8f40-cf7b6a6b24cd",
      "properties": {
        "id": "d40c386c-bf15-5169-8f40-cf7b6a6b24cd",
        "code": "31.74.01.1003",
        "name": "Menteng Dalam",
        "districtId": "45b43f6b-4acb-55e9-99da-1b2a1615ab3b",
        "districtName": "Tebet",
        "cityId": "6490a979-96ad-5c1d-9c86-556a8c940379",
        "cityName": "Kota Administrasi Jakarta Selatan",
        "cityShortName": "JAKARTA SELATAN"
      },
      "geometry": {
        "type": "Polygon",
        "coordinates": [
          [
            [
              106.847540455,
              -6.223262547
            ],
            [
              106.847502898,
              -6.227078713
            ],
            [
              106.847110277,
              -6.230064907
            ],
            [
              106.844929704,
              -6.2323764
            ],
            [
              106.844248298,
              -6.233948473
            ],
            [
              106.844321919,
              -6.2370172
            ],
            [
              106.84548229,
              -6.239759279
            ],
            [
              106.84352015,
              -6.243308261
            ],
            [
              106.840963533,
              -6.242393268
            ],
            [
              106.834657443,
              -6.24089555
            ],
            [
              106.835107746,
              -6.238170219
            ],
            [
              106.83569057,
              -6.237732334
            ],
            [
              106.836370212,
              -6.236027472
            ],
            [
              106.8368,
              -6.230137
            ],
            [
              106.835724494,
              -6.227862149
            ],
            [
              106.835098286,
              -6.225619315
            ],
            [
              106.838783759,
              -6.225200268
            ],
            [
              106.837793244,
              -6.222658299
            ],
            [
              106.838584216,
              -6.222229011
            ],
            [
              106.838566035,
              -6.221513336
            ],
            [
              106.845297109,
              -6.221459632
            ],
            [
              106.846115592,
              -6.220931225
            ],
            [
              106.847540455,
              -6.223262547
            ]
          ]
        ]
      }
    },
    {
      "type": "Feature",
      "id": "6e7c6667-d957-5cf2-b7d9-0c6d9d03c1d0",
      "properties": {
        "id": "6e7c6667-d957-5cf2-b7d9-0c6d9d03c1d0",
        "code": "31.74.01.1004",
        "name": "Kebon Baru",
        "districtId": "45b43f6b-4acb-55e9-99da-1b2a1615ab3b",
        "districtName": "Tebet",
        "cityId": "6490a979-96ad-5c1d-9c86-556a8c940379",
        "cityName": "Kota Administrasi Jakarta Selatan",
        "cityShortName": "JAKARTA SELATAN"
      },
      "geometry": {
        "type": "Polygon",
        "coordinates": [
          [
            [
              106.863587152,
              -6.225067933
            ],
            [
              106.864781315,
              -6.226829977
            ],
            [
              106.864889054,
              -6.228854254
            ],
            [
              106.863601558,
              -6.230160796
            ],
            [
              106.863293167,
              -6.23100068
            ],
            [
              106.865265898,
              -6.232429028
            ],
            [
              106.866428102,
              -6.234356321
            ],
            [
              106.866266737,
              -6.234826513
            ],
            [
              106.865273249,
              -6.234923492
            ],
            [
              106.865276853,
              -6.235167553
            ],
            [
              106.866539485,
              -6.237073305
            ],
            [
              106.866869603,
              -6.239058084
            ],
            [
              106.866134325,
              -6.238846378
            ],
            [
              106.865363058,
              -6.236933414
            ],
            [
              106.863982217,
              -6.23714527
            ],
            [
              106.86308208,
              -6.238810699
            ],
            [
              106.862583675,
              -6.240917568
            ],
            [
              106.862537955,
              -6.243114825
            ],
            [
              106.858682718,
              -6.243162922
            ],
            [
              106.85843214,
              -6.225464682
            ],
            [
              106.863587152,
              -6.225067933
            ]
          ]
        ]
      }
    },
    {
      "type": "Feature",
      "id": "a047665b-026c-5601-a33a-13322c526de7",
      "properties": {
        "id": "a047665b-026c-5601-a33a-13322c526de7",
        "code": "31.74.01.1005",
        "name": "Bukit Duri",
        "districtId": "45b43f6b-4acb-55e9-99da-1b2a1615ab3b",
        "districtName": "Tebet",
        "cityId": "6490a979-96ad-5c1d-9c86-556a8c940379",
        "cityName": "Kota Administrasi Jakarta Selatan",
        "cityShortName": "JAKARTA SELATAN"
      },
      "geometry": {
        "type": "Polygon",
        "coordinates": [
          [
            [
              106.856597424,
              -6.215216729
            ],
            [
              106.85635224,
              -6.216550416
            ],
            [
              106.857491017,
              -6.217655814
            ],
            [
              106.857885526,
              -6.217544529
            ],
            [
              106.858640414,
              -6.216299047
            ],
            [
              106.86024002,
              -6.217302327
            ],
            [
              106.86264769,
              -6.216206284
            ],
            [
              106.863513236,
              -6.216266044
            ],
            [
              106.863498915,
              -6.216617782
            ],
            [
              106.861414102,
              -6.21885277
            ],
            [
              106.860097634,
              -6.22129492
            ],
            [
              106.861315298,
              -6.221851164
            ],
            [
              106.861765738,
              -6.221295767
            ],
            [
              106.86145484,
              -6.220286037
            ],
            [
              106.861751298,
              -6.219843356
            ],
            [
              106.862975795,
              -6.219789887
            ],
            [
              106.863732442,
              -6.221490947
            ],
            [
              106.865437117,
              -6.223406916
            ],
            [
              106.865287749,
              -6.224411704
            ],
            [
              106.863844725,
              -6.224477231
            ],
            [
              106.863587152,
              -6.225067933
            ],
            [
              106.858270374,
              -6.225464547
            ],
            [
              106.851913139,
              -6.224301989
            ],
            [
              106.852695977,
              -6.219048573
            ],
            [
              106.856375475,
              -6.215125519
            ],
            [
              106.856597424,
              -6.215216729
            ]
          ]
        ]
      }
    },
    {
      "type": "Feature",
      "id": "4d79b0e6-1956-56f7-ab73-960dcdcc613a",
      "properties": {
        "id": "4d79b0e6-1956-56f7-ab73-960dcdcc613a",
        "code": "31.74.01.1006",
        "name": "Manggarai Selatan",
        "districtId": "45b43f6b-4acb-55e9-99da-1b2a1615ab3b",
        "districtName": "Tebet",
        "cityId": "6490a979-96ad-5c1d-9c86-556a8c940379",
        "cityName": "Kota Administrasi Jakarta Selatan",
        "cityShortName": "JAKARTA SELATAN"
      },
      "geometry": {
        "type": "Polygon",
        "coordinates": [
          [
            [
              106.852695977,
              -6.219048573
            ],
            [
              106.852047903,
              -6.223783031
            ],
            [
              106.850842256,
              -6.22382579
            ],
            [
              106.850744831,
              -6.224164038
            ],
            [
              106.847469336,
              -6.224282523
            ],
            [
              106.847540455,
              -6.223262547
            ],
            [
              106.846116514,
              -6.220933234
            ],
            [
              106.843840701,
              -6.215711081
            ],
            [
              106.844021794,
              -6.21488198
            ],
            [
              106.846746032,
              -6.215859378
            ],
            [
              106.846648648,
              -6.216149044
            ],
            [
              106.846947124,
              -6.216319358
            ],
            [
              106.848440539,
              -6.216802388
            ],
            [
              106.848712106,
              -6.216439842
            ],
            [
              106.849692676,
              -6.217295585
            ],
            [
              106.849637094,
              -6.218269142
            ],
            [
              106.850851641,
              -6.218447527
            ],
            [
              106.851333127,
              -6.219078479
            ],
            [
              106.852695977,
              -6.219048573
            ]
          ]
        ]
      }
    },
    {
      "type": "Feature",
      "id": "35b39ad6-1f9f-5f14-bd20-cc73f5ebf61a",
      "properties": {
        "id": "35b39ad6-1f9f-5f14-bd20-cc73f5ebf61a",
        "code": "31.74.01.1007",
        "name": "Manggarai",
        "districtId": "45b43f6b-4acb-55e9-99da-1b2a1615ab3b",
        "districtName": "Tebet",
        "cityId": "6490a979-96ad-5c1d-9c86-556a8c940379",
        "cityName": "Kota Administrasi Jakarta Selatan",
        "cityShortName": "JAKARTA SELATAN"
      },
      "geometry": {
        "type": "Polygon",
        "coordinates": [
          [
            [
              106.849095891,
              -6.207584057
            ],
            [
              106.850960897,
              -6.208897834
            ],
            [
              106.853023147,
              -6.209762726
            ],
            [
              106.854629954,
              -6.211237793
            ],
            [
              106.856964777,
              -6.211851415
            ],
            [
              106.858291131,
              -6.213457256
            ],
            [
              106.857418445,
              -6.213899968
            ],
            [
              106.856623657,
              -6.215220119
            ],
            [
              106.856375475,
              -6.215125519
            ],
            [
              106.852600962,
              -6.219085599
            ],
            [
              106.851333127,
              -6.219078479
            ],
            [
              106.850851641,
              -6.218447527
            ],
            [
              106.849637094,
              -6.218269142
            ],
            [
              106.849692676,
              -6.217295585
            ],
            [
              106.848712106,
              -6.216439842
            ],
            [
              106.848440539,
              -6.216802388
            ],
            [
              106.846947124,
              -6.216319358
            ],
            [
              106.846648648,
              -6.216149044
            ],
            [
              106.846746032,
              -6.215859378
            ],
            [
              106.844042714,
              -6.214843594
            ],
            [
              106.847379525,
              -6.209927286
            ],
            [
              106.84780957,
              -6.208287741
            ],
            [
              106.849095891,
              -6.207584057
            ]
          ]
        ]
      }
    },
    {
      "type": "Feature",
      "id": "4563b97e-4f36-55f0-986e-9f356746f44c",
      "properties": {
        "id": "4563b97e-4f36-55f0-986e-9f356746f44c",
        "code": "31.74.02.1001",
        "name": "Setia Budi",
        "districtId": "bb21eeb3-5ba4-555c-b048-b5e02af18f27",
        "districtName": "Setiabudi",
        "cityId": "6490a979-96ad-5c1d-9c86-556a8c940379",
        "cityName": "Kota Administrasi Jakarta Selatan",
        "cityShortName": "JAKARTA SELATAN"
      },
      "geometry": {
        "type": "Polygon",
        "coordinates": [
          [
            [
              106.828006637,
              -6.203863677
            ],
            [
              106.82815368,
              -6.20469347
            ],
            [
              106.830061673,
              -6.208508744
            ],
            [
              106.830471392,
              -6.211303553
            ],
            [
              106.827781548,
              -6.211195885
            ],
            [
              106.827806654,
              -6.210933876
            ],
            [
              106.825898656,
              -6.210714934
            ],
            [
              106.825654774,
              -6.211020012
            ],
            [
              106.824562699,
              -6.210513935
            ],
            [
              106.824096397,
              -6.211303514
            ],
            [
              106.822851958,
              -6.210485209
            ],
            [
              106.821650508,
              -6.209150028
            ],
            [
              106.822746886,
              -6.202669023
            ],
            [
              106.828006637,
              -6.203863677
            ]
          ]
        ]
      }
    },
    {
      "type": "Feature",
      "id": "cefab3f6-8431-5171-8b32-d8b9e83fb388",
      "properties": {
        "id": "cefab3f6-8431-5171-8b32-d8b9e83fb388",
        "code": "31.74.02.1002",
        "name": "Karet Semanggi",
        "districtId": "bb21eeb3-5ba4-555c-b048-b5e02af18f27",
        "districtName": "Setiabudi",
        "cityId": "6490a979-96ad-5c1d-9c86-556a8c940379",
        "cityName": "Kota Administrasi Jakarta Selatan",
        "cityShortName": "JAKARTA SELATAN"
      },
      "geometry": {
        "type": "Polygon",
        "coordinates": [
          [
            [
              106.818345108,
              -6.214660253
            ],
            [
              106.819812375,
              -6.219435121
            ],
            [
              106.821024077,
              -6.222030747
            ],
            [
              106.820842114,
              -6.222187288
            ],
            [
              106.821462317,
              -6.225388576
            ],
            [
              106.82141785,
              -6.230633703
            ],
            [
              106.821717762,
              -6.23108871
            ],
            [
              106.82075668,
              -6.231703132
            ],
            [
              106.812392739,
              -6.219420869
            ],
            [
              106.818345108,
              -6.214660253
            ]
          ]
        ]
      }
    },
    {
      "type": "Feature",
      "id": "431cb961-5c0a-5e18-b5fe-707800a6a52d",
      "properties": {
        "id": "431cb961-5c0a-5e18-b5fe-707800a6a52d",
        "code": "31.74.02.1003",
        "name": "Karet Kuningan",
        "districtId": "bb21eeb3-5ba4-555c-b048-b5e02af18f27",
        "districtName": "Setiabudi",
        "cityId": "6490a979-96ad-5c1d-9c86-556a8c940379",
        "cityName": "Kota Administrasi Jakarta Selatan",
        "cityShortName": "JAKARTA SELATAN"
      },
      "geometry": {
        "type": "Polygon",
        "coordinates": [
          [
            [
              106.836006576,
              -6.216271415
            ],
            [
              106.835686676,
              -6.217288486
            ],
            [
              106.835989748,
              -6.218110399
            ],
            [
              106.835209702,
              -6.21952454
            ],
            [
              106.835921665,
              -6.221972336
            ],
            [
              106.835371162,
              -6.224140196
            ],
            [
              106.835466222,
              -6.22522771
            ],
            [
              106.835098286,
              -6.225619315
            ],
            [
              106.831399892,
              -6.225731223
            ],
            [
              106.825724217,
              -6.224022382
            ],
            [
              106.825797001,
              -6.225212
            ],
            [
              106.821465457,
              -6.225467512
            ],
            [
              106.820842114,
              -6.222187288
            ],
            [
              106.821024077,
              -6.222030747
            ],
            [
              106.818814604,
              -6.216386386
            ],
            [
              106.821171068,
              -6.216188908
            ],
            [
              106.82200314,
              -6.215812055
            ],
            [
              106.822178875,
              -6.216156616
            ],
            [
              106.825650768,
              -6.216203314
            ],
            [
              106.825650134,
              -6.215693967
            ],
            [
              106.826864212,
              -6.215608274
            ],
            [
              106.827819471,
              -6.214932414
            ],
            [
              106.82821118,
              -6.215434645
            ],
            [
              106.827699372,
              -6.216103346
            ],
            [
              106.829552799,
              -6.216298536
            ],
            [
              106.829572461,
              -6.217017018
            ],
            [
              106.83063307,
              -6.216933225
            ],
            [
              106.831013559,
              -6.217236186
            ],
            [
              106.832176652,
              -6.216919674
            ],
            [
              106.832181465,
              -6.216349806
            ],
            [
              106.834265377,
              -6.216005861
            ],
            [
              106.836006576,
              -6.216271415
            ]
          ]
        ]
      }
    },
    {
      "type": "Feature",
      "id": "a7fe9b51-0d7b-5927-b48c-3d5e9a4dd46e",
      "properties": {
        "id": "a7fe9b51-0d7b-5927-b48c-3d5e9a4dd46e",
        "code": "31.74.02.1004",
        "name": "Karet",
        "districtId": "bb21eeb3-5ba4-555c-b048-b5e02af18f27",
        "districtName": "Setiabudi",
        "cityId": "6490a979-96ad-5c1d-9c86-556a8c940379",
        "cityName": "Kota Administrasi Jakarta Selatan",
        "cityShortName": "JAKARTA SELATAN"
      },
      "geometry": {
        "type": "Polygon",
        "coordinates": [
          [
            [
              106.827781548,
              -6.211195885
            ],
            [
              106.830798703,
              -6.211042687
            ],
            [
              106.831600285,
              -6.211932794
            ],
            [
              106.83427939,
              -6.212873127
            ],
            [
              106.835920218,
              -6.213860124
            ],
            [
              106.836277094,
              -6.215112735
            ],
            [
              106.836006576,
              -6.216271415
            ],
            [
              106.834265377,
              -6.216005861
            ],
            [
              106.832181465,
              -6.216349806
            ],
            [
              106.832176652,
              -6.216919674
            ],
            [
              106.831013559,
              -6.217236186
            ],
            [
              106.83063307,
              -6.216933225
            ],
            [
              106.829572461,
              -6.217017018
            ],
            [
              106.829552799,
              -6.216298536
            ],
            [
              106.827699372,
              -6.216103346
            ],
            [
              106.82821118,
              -6.215434645
            ],
            [
              106.827819471,
              -6.214932414
            ],
            [
              106.826864212,
              -6.215608274
            ],
            [
              106.825650134,
              -6.215693967
            ],
            [
              106.825650768,
              -6.216203314
            ],
            [
              106.822178875,
              -6.216156616
            ],
            [
              106.82200314,
              -6.215812055
            ],
            [
              106.821171068,
              -6.216188908
            ],
            [
              106.818814604,
              -6.216386386
            ],
            [
              106.818345108,
              -6.214660253
            ],
            [
              106.819784077,
              -6.212899654
            ],
            [
              106.821653067,
              -6.209152821
            ],
            [
              106.822851958,
              -6.210485209
            ],
            [
              106.824096397,
              -6.211303514
            ],
            [
              106.824562699,
              -6.210513935
            ],
            [
              106.825654774,
              -6.211020012
            ],
            [
              106.825898656,
              -6.210714934
            ],
            [
              106.827806654,
              -6.210933876
            ],
            [
              106.827781548,
              -6.211195885
            ]
          ]
        ]
      }
    },
    {
      "type": "Feature",
      "id": "c558123b-37fb-511b-9322-a8742f83001b",
      "properties": {
        "id": "c558123b-37fb-511b-9322-a8742f83001b",
        "code": "31.74.02.1005",
        "name": "Menteng Atas",
        "districtId": "bb21eeb3-5ba4-555c-b048-b5e02af18f27",
        "districtName": "Setiabudi",
        "cityId": "6490a979-96ad-5c1d-9c86-556a8c940379",
        "cityName": "Kota Administrasi Jakarta Selatan",
        "cityShortName": "JAKARTA SELATAN"
      },
      "geometry": {
        "type": "Polygon",
        "coordinates": [
          [
            [
              106.844035505,
              -6.214894481
            ],
            [
              106.843840701,
              -6.215711081
            ],
            [
              106.846115592,
              -6.220931225
            ],
            [
              106.845297109,
              -6.221459632
            ],
            [
              106.838566035,
              -6.221513336
            ],
            [
              106.838584216,
              -6.222229011
            ],
            [
              106.837793244,
              -6.222658299
            ],
            [
              106.838783759,
              -6.225200268
            ],
            [
              106.835098286,
              -6.225619315
            ],
            [
              106.835466222,
              -6.22522771
            ],
            [
              106.835371162,
              -6.224140196
            ],
            [
              106.835921665,
              -6.221972336
            ],
            [
              106.835209702,
              -6.21952454
            ],
            [
              106.835989748,
              -6.218110399
            ],
            [
              106.835699226,
              -6.21710185
            ],
            [
              106.836277094,
              -6.215112735
            ],
            [
              106.836045748,
              -6.213989332
            ],
            [
              106.834637473,
              -6.213046518
            ],
            [
              106.83719158,
              -6.210220137
            ],
            [
              106.838043373,
              -6.210686712
            ],
            [
              106.838072183,
              -6.213743611
            ],
            [
              106.842907699,
              -6.214156519
            ],
            [
              106.843106567,
              -6.214535247
            ],
            [
              106.844035505,
              -6.214894481
            ]
          ]
        ]
      }
    },
    {
      "type": "Feature",
      "id": "4dd906a1-a6b7-54f1-a97c-efc607d71b50",
      "properties": {
        "id": "4dd906a1-a6b7-54f1-a97c-efc607d71b50",
        "code": "31.74.02.1006",
        "name": "Pasar Manggis",
        "districtId": "bb21eeb3-5ba4-555c-b048-b5e02af18f27",
        "districtName": "Setiabudi",
        "cityId": "6490a979-96ad-5c1d-9c86-556a8c940379",
        "cityName": "Kota Administrasi Jakarta Selatan",
        "cityShortName": "JAKARTA SELATAN"
      },
      "geometry": {
        "type": "Polygon",
        "coordinates": [
          [
            [
              106.84780957,
              -6.208287741
            ],
            [
              106.847379525,
              -6.209927286
            ],
            [
              106.844035505,
              -6.214894481
            ],
            [
              106.843106567,
              -6.214535247
            ],
            [
              106.842907699,
              -6.214156519
            ],
            [
              106.838072183,
              -6.213743611
            ],
            [
              106.838043373,
              -6.210686712
            ],
            [
              106.83719158,
              -6.210220137
            ],
            [
              106.835702107,
              -6.211861928
            ],
            [
              106.834821244,
              -6.211006322
            ],
            [
              106.838126013,
              -6.207307106
            ],
            [
              106.838691497,
              -6.205902228
            ],
            [
              106.846129599,
              -6.208588573
            ],
            [
              106.846986762,
              -6.20864238
            ],
            [
              106.84780957,
              -6.208287741
            ]
          ]
        ]
      }
    },
    {
      "type": "Feature",
      "id": "a9602e57-2507-5461-839c-d021de585cd7",
      "properties": {
        "id": "a9602e57-2507-5461-839c-d021de585cd7",
        "code": "31.74.02.1007",
        "name": "Guntur",
        "districtId": "bb21eeb3-5ba4-555c-b048-b5e02af18f27",
        "districtName": "Setiabudi",
        "cityId": "6490a979-96ad-5c1d-9c86-556a8c940379",
        "cityName": "Kota Administrasi Jakarta Selatan",
        "cityShortName": "JAKARTA SELATAN"
      },
      "geometry": {
        "type": "Polygon",
        "coordinates": [
          [
            [
              106.838691497,
              -6.205902228
            ],
            [
              106.838126013,
              -6.207307106
            ],
            [
              106.834821244,
              -6.211006322
            ],
            [
              106.835727613,
              -6.211904385
            ],
            [
              106.834637473,
              -6.213046518
            ],
            [
              106.8322064,
              -6.212219922
            ],
            [
              106.831270328,
              -6.211735393
            ],
            [
              106.830798703,
              -6.211042687
            ],
            [
              106.830472386,
              -6.211107285
            ],
            [
              106.830061673,
              -6.208508744
            ],
            [
              106.82815368,
              -6.20469347
            ],
            [
              106.828006637,
              -6.203863677
            ],
            [
              106.836917749,
              -6.205308318
            ],
            [
              106.838691497,
              -6.205902228
            ]
          ]
        ]
      }
    },
    {
      "type": "Feature",
      "id": "337381f9-b517-5fee-aca8-e2ad094c9ee3",
      "properties": {
        "id": "337381f9-b517-5fee-aca8-e2ad094c9ee3",
        "code": "31.74.02.1008",
        "name": "Kuningan Timur",
        "districtId": "bb21eeb3-5ba4-555c-b048-b5e02af18f27",
        "districtName": "Setiabudi",
        "cityId": "6490a979-96ad-5c1d-9c86-556a8c940379",
        "cityName": "Kota Administrasi Jakarta Selatan",
        "cityShortName": "JAKARTA SELATAN"
      },
      "geometry": {
        "type": "Polygon",
        "coordinates": [
          [
            [
              106.835098286,
              -6.225619315
            ],
            [
              106.835724494,
              -6.227862149
            ],
            [
              106.8368,
              -6.230137
            ],
            [
              106.836370212,
              -6.236027472
            ],
            [
              106.83569057,
              -6.237732334
            ],
            [
              106.835107746,
              -6.238170219
            ],
            [
              106.834657443,
              -6.24089555
            ],
            [
              106.832674638,
              -6.240190322
            ],
            [
              106.825376878,
              -6.235577909
            ],
            [
              106.822211599,
              -6.233372861
            ],
            [
              106.82075668,
              -6.231703132
            ],
            [
              106.821717762,
              -6.23108871
            ],
            [
              106.82141785,
              -6.230633703
            ],
            [
              106.821465457,
              -6.225467512
            ],
            [
              106.825797001,
              -6.225212
            ],
            [
              106.825724217,
              -6.224022382
            ],
            [
              106.831399892,
              -6.225731223
            ],
            [
              106.835098286,
              -6.225619315
            ]
          ]
        ]
      }
    },
    {
      "type": "Feature",
      "id": "c4598b9f-01c5-558b-9d8a-ffc4c241dfe5",
      "properties": {
        "id": "c4598b9f-01c5-558b-9d8a-ffc4c241dfe5",
        "code": "31.74.03.1001",
        "name": "Mampang Prapatan",
        "districtId": "ebd4351d-6329-5085-86f5-6130a8ad2e17",
        "districtName": "Mampang Prapatan",
        "cityId": "6490a979-96ad-5c1d-9c86-556a8c940379",
        "cityName": "Kota Administrasi Jakarta Selatan",
        "cityShortName": "JAKARTA SELATAN"
      },
      "geometry": {
        "type": "Polygon",
        "coordinates": [
          [
            [
              106.834657443,
              -6.24089555
            ],
            [
              106.834629798,
              -6.241227385
            ],
            [
              106.835178561,
              -6.24138889
            ],
            [
              106.835412179,
              -6.245387883
            ],
            [
              106.834726046,
              -6.24542366
            ],
            [
              106.83442254,
              -6.245062238
            ],
            [
              106.82264679,
              -6.245645865
            ],
            [
              106.82260552,
              -6.244594229
            ],
            [
              106.823319273,
              -6.244421956
            ],
            [
              106.82353986,
              -6.243736429
            ],
            [
              106.823188369,
              -6.243323673
            ],
            [
              106.823383847,
              -6.242824782
            ],
            [
              106.823075397,
              -6.242325887
            ],
            [
              106.822731075,
              -6.242469449
            ],
            [
              106.821534923,
              -6.242006436
            ],
            [
              106.821362766,
              -6.241686998
            ],
            [
              106.821681984,
              -6.241338854
            ],
            [
              106.821196557,
              -6.240544756
            ],
            [
              106.824406432,
              -6.24010124
            ],
            [
              106.831029654,
              -6.240130459
            ],
            [
              106.831956538,
              -6.239745411
            ],
            [
              106.834657443,
              -6.24089555
            ]
          ]
        ]
      }
    },
    {
      "type": "Feature",
      "id": "8da7f661-a597-5e51-8f21-45f008899fa5",
      "properties": {
        "id": "8da7f661-a597-5e51-8f21-45f008899fa5",
        "code": "31.74.03.1002",
        "name": "Bangka",
        "districtId": "ebd4351d-6329-5085-86f5-6130a8ad2e17",
        "districtName": "Mampang Prapatan",
        "cityId": "6490a979-96ad-5c1d-9c86-556a8c940379",
        "cityName": "Kota Administrasi Jakarta Selatan",
        "cityShortName": "JAKARTA SELATAN"
      },
      "geometry": {
        "type": "Polygon",
        "coordinates": [
          [
            [
              106.823370372,
              -6.253962086
            ],
            [
              106.823851777,
              -6.253847699
            ],
            [
              106.824327156,
              -6.254566646
            ],
            [
              106.825265501,
              -6.254705092
            ],
            [
              106.824719323,
              -6.255908495
            ],
            [
              106.824798787,
              -6.258079752
            ],
            [
              106.826275384,
              -6.258724798
            ],
            [
              106.826345605,
              -6.259332619
            ],
            [
              106.826110364,
              -6.259713286
            ],
            [
              106.824956711,
              -6.259744301
            ],
            [
              106.824568846,
              -6.260395854
            ],
            [
              106.825824997,
              -6.261187805
            ],
            [
              106.826597463,
              -6.265540561
            ],
            [
              106.827632513,
              -6.265625922
            ],
            [
              106.82735084,
              -6.266463601
            ],
            [
              106.826529997,
              -6.266176947
            ],
            [
              106.825374723,
              -6.267653799
            ],
            [
              106.825644753,
              -6.26866705
            ],
            [
              106.824683688,
              -6.269555443
            ],
            [
              106.824580286,
              -6.2701805
            ],
            [
              106.825202873,
              -6.271349506
            ],
            [
              106.823944782,
              -6.271136388
            ],
            [
              106.82374276,
              -6.270762429
            ],
            [
              106.823038091,
              -6.271437382
            ],
            [
              106.821816226,
              -6.271616122
            ],
            [
              106.821053508,
              -6.274284452
            ],
            [
              106.814645258,
              -6.272928064
            ],
            [
              106.813905729,
              -6.27305946
            ],
            [
              106.813875598,
              -6.272193463
            ],
            [
              106.812969543,
              -6.271973789
            ],
            [
              106.811451705,
              -6.270464244
            ],
            [
              106.811717946,
              -6.26953425
            ],
            [
              106.812278409,
              -6.268987482
            ],
            [
              106.812063582,
              -6.268618279
            ],
            [
              106.812446592,
              -6.267323765
            ],
            [
              106.81286693,
              -6.267183576
            ],
            [
              106.813319598,
              -6.265831301
            ],
            [
              106.812527659,
              -6.264982392
            ],
            [
              106.812236101,
              -6.263686298
            ],
            [
              106.811702998,
              -6.263480311
            ],
            [
              106.811846205,
              -6.263145384
            ],
            [
              106.811464702,
              -6.262729236
            ],
            [
              106.812026986,
              -6.262308478
            ],
            [
              106.811458291,
              -6.261674809
            ],
            [
              106.811664757,
              -6.261308479
            ],
            [
              106.811400693,
              -6.260588549
            ],
            [
              106.811026581,
              -6.260743938
            ],
            [
              106.810438371,
              -6.260115629
            ],
            [
              106.810326342,
              -6.259659609
            ],
            [
              106.810629738,
              -6.259260531
            ],
            [
              106.809449013,
              -6.258714936
            ],
            [
              106.809177176,
              -6.258047038
            ],
            [
              106.809368011,
              -6.25773358
            ],
            [
              106.808992031,
              -6.257390094
            ],
            [
              106.809143805,
              -6.256449527
            ],
            [
              106.80831867,
              -6.255726139
            ],
            [
              106.808543211,
              -6.25475325
            ],
            [
              106.810812608,
              -6.254695471
            ],
            [
              106.810893277,
              -6.253821999
            ],
            [
              106.811109227,
              -6.254744688
            ],
            [
              106.811371148,
              -6.254437569
            ],
            [
              106.811765338,
              -6.254907758
            ],
            [
              106.821646886,
              -6.254439583
            ],
            [
              106.823347215,
              -6.254259981
            ],
            [
              106.823370372,
              -6.253962086
            ]
          ]
        ]
      }
    },
    {
      "type": "Feature",
      "id": "f30b4c23-0f0d-546a-add6-c853d71e28e9",
      "properties": {
        "id": "f30b4c23-0f0d-546a-add6-c853d71e28e9",
        "code": "31.74.03.1003",
        "name": "Pela Mampang",
        "districtId": "ebd4351d-6329-5085-86f5-6130a8ad2e17",
        "districtName": "Mampang Prapatan",
        "cityId": "6490a979-96ad-5c1d-9c86-556a8c940379",
        "cityName": "Kota Administrasi Jakarta Selatan",
        "cityShortName": "JAKARTA SELATAN"
      },
      "geometry": {
        "type": "Polygon",
        "coordinates": [
          [
            [
              106.821196557,
              -6.240544756
            ],
            [
              106.821681984,
              -6.241338854
            ],
            [
              106.821362766,
              -6.241686998
            ],
            [
              106.821534923,
              -6.242006436
            ],
            [
              106.822731075,
              -6.242469449
            ],
            [
              106.823075397,
              -6.242325887
            ],
            [
              106.823383847,
              -6.242824782
            ],
            [
              106.823220648,
              -6.243431348
            ],
            [
              106.823547035,
              -6.243578506
            ],
            [
              106.823319273,
              -6.244421956
            ],
            [
              106.82260552,
              -6.244594229
            ],
            [
              106.822689799,
              -6.245452038
            ],
            [
              106.822254004,
              -6.246586207
            ],
            [
              106.822542721,
              -6.247792166
            ],
            [
              106.823380213,
              -6.248556664
            ],
            [
              106.823875395,
              -6.250102915
            ],
            [
              106.823887709,
              -6.251937652
            ],
            [
              106.823492719,
              -6.252340658
            ],
            [
              106.823677562,
              -6.25316344
            ],
            [
              106.823006839,
              -6.253195737
            ],
            [
              106.82343721,
              -6.254179145
            ],
            [
              106.811765338,
              -6.254907758
            ],
            [
              106.811371148,
              -6.254437569
            ],
            [
              106.811109227,
              -6.254744688
            ],
            [
              106.811065382,
              -6.25381423
            ],
            [
              106.810812608,
              -6.254695471
            ],
            [
              106.808543211,
              -6.25475325
            ],
            [
              106.808568393,
              -6.253134613
            ],
            [
              106.809140167,
              -6.252911239
            ],
            [
              106.808967398,
              -6.25231991
            ],
            [
              106.810351114,
              -6.25069803
            ],
            [
              106.809488153,
              -6.249150554
            ],
            [
              106.8105821,
              -6.2478833
            ],
            [
              106.8115349,
              -6.2471859
            ],
            [
              106.8119301,
              -6.247254
            ],
            [
              106.8121579,
              -6.2467632
            ],
            [
              106.8126499,
              -6.2467299
            ],
            [
              106.8131528,
              -6.2455944
            ],
            [
              106.8138343,
              -6.2455298
            ],
            [
              106.8138103,
              -6.2447941
            ],
            [
              106.81466,
              -6.243926
            ],
            [
              106.8147483,
              -6.2429921
            ],
            [
              106.815196,
              -6.2428666
            ],
            [
              106.815551,
              -6.243246
            ],
            [
              106.815671,
              -6.242342
            ],
            [
              106.8160265,
              -6.2422649
            ],
            [
              106.815767,
              -6.24167
            ],
            [
              106.817773124,
              -6.238938759
            ],
            [
              106.820266299,
              -6.240516407
            ],
            [
              106.821196557,
              -6.240544756
            ]
          ]
        ]
      }
    },
    {
      "type": "Feature",
      "id": "68ab8c43-493f-581c-a1d0-6a40e37156e6",
      "properties": {
        "id": "68ab8c43-493f-581c-a1d0-6a40e37156e6",
        "code": "31.74.03.1004",
        "name": "Tegal Parang",
        "districtId": "ebd4351d-6329-5085-86f5-6130a8ad2e17",
        "districtName": "Mampang Prapatan",
        "cityId": "6490a979-96ad-5c1d-9c86-556a8c940379",
        "cityName": "Kota Administrasi Jakarta Selatan",
        "cityShortName": "JAKARTA SELATAN"
      },
      "geometry": {
        "type": "Polygon",
        "coordinates": [
          [
            [
              106.835412179,
              -6.245387883
            ],
            [
              106.835203772,
              -6.248739481
            ],
            [
              106.835761533,
              -6.250469446
            ],
            [
              106.83572748,
              -6.25180098
            ],
            [
              106.826997394,
              -6.252389704
            ],
            [
              106.827056283,
              -6.252876323
            ],
            [
              106.823677608,
              -6.25312396
            ],
            [
              106.823492719,
              -6.252340658
            ],
            [
              106.823887709,
              -6.251937652
            ],
            [
              106.823875395,
              -6.250102915
            ],
            [
              106.823380213,
              -6.248556664
            ],
            [
              106.822517615,
              -6.247727561
            ],
            [
              106.822257591,
              -6.246510834
            ],
            [
              106.82264481,
              -6.245645797
            ],
            [
              106.83442254,
              -6.245062238
            ],
            [
              106.834726046,
              -6.24542366
            ],
            [
              106.835412179,
              -6.245387883
            ]
          ]
        ]
      }
    },
    {
      "type": "Feature",
      "id": "464a1519-7a3d-584f-bab0-4669518e177c",
      "properties": {
        "id": "464a1519-7a3d-584f-bab0-4669518e177c",
        "code": "31.74.03.1005",
        "name": "Kuningan Barat",
        "districtId": "ebd4351d-6329-5085-86f5-6130a8ad2e17",
        "districtName": "Mampang Prapatan",
        "cityId": "6490a979-96ad-5c1d-9c86-556a8c940379",
        "cityName": "Kota Administrasi Jakarta Selatan",
        "cityShortName": "JAKARTA SELATAN"
      },
      "geometry": {
        "type": "Polygon",
        "coordinates": [
          [
            [
              106.82075668,
              -6.231703132
            ],
            [
              106.822982456,
              -6.233947586
            ],
            [
              106.831956538,
              -6.239745411
            ],
            [
              106.831090177,
              -6.240125928
            ],
            [
              106.824406432,
              -6.24010124
            ],
            [
              106.820723862,
              -6.240624394
            ],
            [
              106.817758946,
              -6.238931665
            ],
            [
              106.818570248,
              -6.235943107
            ],
            [
              106.817856519,
              -6.235354473
            ],
            [
              106.817517614,
              -6.233771648
            ],
            [
              106.817801583,
              -6.233097419
            ],
            [
              106.817470449,
              -6.23214007
            ],
            [
              106.816762151,
              -6.232084824
            ],
            [
              106.817295718,
              -6.229893992
            ],
            [
              106.816557566,
              -6.228046028
            ],
            [
              106.817143994,
              -6.227240583
            ],
            [
              106.816707074,
              -6.226573195
            ],
            [
              106.817093706,
              -6.226325146
            ],
            [
              106.82075668,
              -6.231703132
            ]
          ]
        ]
      }
    },
    {
      "type": "Feature",
      "id": "f02c5b52-3a24-5bfb-8e01-f78e9cbe4c46",
      "properties": {
        "id": "f02c5b52-3a24-5bfb-8e01-f78e9cbe4c46",
        "code": "31.74.04.1001",
        "name": "Pasar Minggu",
        "districtId": "ba2072db-cd17-5a3c-8a02-b5d3ec27ea86",
        "districtName": "Pasar Minggu",
        "cityId": "6490a979-96ad-5c1d-9c86-556a8c940379",
        "cityName": "Kota Administrasi Jakarta Selatan",
        "cityShortName": "JAKARTA SELATAN"
      },
      "geometry": {
        "type": "Polygon",
        "coordinates": [
          [
            [
              106.845436722,
              -6.278682074
            ],
            [
              106.843540039,
              -6.288192609
            ],
            [
              106.840703482,
              -6.295799709
            ],
            [
              106.839783835,
              -6.303019128
            ],
            [
              106.836544917,
              -6.30173196
            ],
            [
              106.832864978,
              -6.299332607
            ],
            [
              106.833285847,
              -6.298446943
            ],
            [
              106.833827493,
              -6.298414634
            ],
            [
              106.83388667,
              -6.297682447
            ],
            [
              106.834399351,
              -6.297584801
            ],
            [
              106.8351133,
              -6.29293053
            ],
            [
              106.834382639,
              -6.292573271
            ],
            [
              106.83356916,
              -6.292650464
            ],
            [
              106.833544041,
              -6.291771122
            ],
            [
              106.833838944,
              -6.29139193
            ],
            [
              106.835081072,
              -6.291354761
            ],
            [
              106.835435999,
              -6.289141871
            ],
            [
              106.835651287,
              -6.288848669
            ],
            [
              106.836585235,
              -6.288733661
            ],
            [
              106.837825292,
              -6.285322022
            ],
            [
              106.838650388,
              -6.280391678
            ],
            [
              106.839822349,
              -6.279050356
            ],
            [
              106.840625825,
              -6.276291444
            ],
            [
              106.841505531,
              -6.276325717
            ],
            [
              106.84239861,
              -6.27795283
            ],
            [
              106.845436722,
              -6.278682074
            ]
          ]
        ]
      }
    },
    {
      "type": "Feature",
      "id": "52f3a59f-4a03-52e9-87bc-836879b9132f",
      "properties": {
        "id": "52f3a59f-4a03-52e9-87bc-836879b9132f",
        "code": "31.74.04.1002",
        "name": "Jati Padang",
        "districtId": "ba2072db-cd17-5a3c-8a02-b5d3ec27ea86",
        "districtName": "Pasar Minggu",
        "cityId": "6490a979-96ad-5c1d-9c86-556a8c940379",
        "cityName": "Kota Administrasi Jakarta Selatan",
        "cityShortName": "JAKARTA SELATAN"
      },
      "geometry": {
        "type": "Polygon",
        "coordinates": [
          [
            [
              106.83947024,
              -6.279224125
            ],
            [
              106.838650388,
              -6.280391678
            ],
            [
              106.837825292,
              -6.285322022
            ],
            [
              106.836585235,
              -6.288733661
            ],
            [
              106.835651287,
              -6.288848669
            ],
            [
              106.835435999,
              -6.289141871
            ],
            [
              106.835081072,
              -6.291354761
            ],
            [
              106.833838944,
              -6.29139193
            ],
            [
              106.833544041,
              -6.291771122
            ],
            [
              106.83356916,
              -6.292650464
            ],
            [
              106.834382639,
              -6.292573271
            ],
            [
              106.8351133,
              -6.29293053
            ],
            [
              106.834399351,
              -6.297584801
            ],
            [
              106.83388667,
              -6.297682447
            ],
            [
              106.833827493,
              -6.298414634
            ],
            [
              106.833285847,
              -6.298446943
            ],
            [
              106.832864978,
              -6.299332607
            ],
            [
              106.825006703,
              -6.294959579
            ],
            [
              106.822410826,
              -6.293877651
            ],
            [
              106.825781613,
              -6.286651698
            ],
            [
              106.82722717,
              -6.282782597
            ],
            [
              106.82897931,
              -6.279484299
            ],
            [
              106.829580024,
              -6.279637328
            ],
            [
              106.831927814,
              -6.278581771
            ],
            [
              106.834646928,
              -6.279808764
            ],
            [
              106.83947024,
              -6.279224125
            ]
          ]
        ]
      }
    },
    {
      "type": "Feature",
      "id": "ece1ac88-f4b3-5d41-916a-6d5c3add434c",
      "properties": {
        "id": "ece1ac88-f4b3-5d41-916a-6d5c3add434c",
        "code": "31.74.04.1003",
        "name": "Cilandak Timur",
        "districtId": "ba2072db-cd17-5a3c-8a02-b5d3ec27ea86",
        "districtName": "Pasar Minggu",
        "cityId": "6490a979-96ad-5c1d-9c86-556a8c940379",
        "cityName": "Kota Administrasi Jakarta Selatan",
        "cityShortName": "JAKARTA SELATAN"
      },
      "geometry": {
        "type": "Polygon",
        "coordinates": [
          [
            [
              106.821053508,
              -6.274284452
            ],
            [
              106.818295741,
              -6.288615548
            ],
            [
              106.816404365,
              -6.292971305
            ],
            [
              106.81477553,
              -6.299094726
            ],
            [
              106.813676358,
              -6.310747562
            ],
            [
              106.809908436,
              -6.310868296
            ],
            [
              106.80907189,
              -6.311666967
            ],
            [
              106.807968339,
              -6.311047099
            ],
            [
              106.808519647,
              -6.310511125
            ],
            [
              106.807707838,
              -6.309234014
            ],
            [
              106.806829698,
              -6.309085252
            ],
            [
              106.80701118,
              -6.308673144
            ],
            [
              106.80854047,
              -6.308141329
            ],
            [
              106.808225604,
              -6.306838366
            ],
            [
              106.808611987,
              -6.306598974
            ],
            [
              106.808435256,
              -6.305711783
            ],
            [
              106.809145457,
              -6.305599272
            ],
            [
              106.809216186,
              -6.305035398
            ],
            [
              106.808339856,
              -6.303386471
            ],
            [
              106.8070393,
              -6.3027689
            ],
            [
              106.806103239,
              -6.300403221
            ],
            [
              106.806014504,
              -6.298492507
            ],
            [
              106.805219357,
              -6.298445019
            ],
            [
              106.805013754,
              -6.298103629
            ],
            [
              106.805614528,
              -6.296687635
            ],
            [
              106.806889315,
              -6.2956498
            ],
            [
              106.806235145,
              -6.294487526
            ],
            [
              106.805270115,
              -6.294105181
            ],
            [
              106.805036096,
              -6.293150259
            ],
            [
              106.805505184,
              -6.292702139
            ],
            [
              106.805807724,
              -6.291395716
            ],
            [
              106.806300162,
              -6.290708532
            ],
            [
              106.807279204,
              -6.290092782
            ],
            [
              106.808052843,
              -6.290173689
            ],
            [
              106.808310927,
              -6.289844685
            ],
            [
              106.808664505,
              -6.289031604
            ],
            [
              106.80847994,
              -6.287491831
            ],
            [
              106.809034203,
              -6.286892014
            ],
            [
              106.809163743,
              -6.285942614
            ],
            [
              106.809756796,
              -6.285866
            ],
            [
              106.809345683,
              -6.282198848
            ],
            [
              106.810502274,
              -6.280902486
            ],
            [
              106.810766415,
              -6.279650742
            ],
            [
              106.811406159,
              -6.279158157
            ],
            [
              106.811933616,
              -6.279192988
            ],
            [
              106.812698071,
              -6.278353282
            ],
            [
              106.812939104,
              -6.276330774
            ],
            [
              106.813441344,
              -6.275933029
            ],
            [
              106.814022463,
              -6.275933612
            ],
            [
              106.814210335,
              -6.275164114
            ],
            [
              106.813811542,
              -6.273810769
            ],
            [
              106.813913988,
              -6.27305842
            ],
            [
              106.814645258,
              -6.272928064
            ],
            [
              106.821053508,
              -6.274284452
            ]
          ]
        ]
      }
    },
    {
      "type": "Feature",
      "id": "8c19cf0f-c05e-5222-969f-b78b037319fb",
      "properties": {
        "id": "8c19cf0f-c05e-5222-969f-b78b037319fb",
        "code": "31.74.04.1004",
        "name": "Ragunan",
        "districtId": "ba2072db-cd17-5a3c-8a02-b5d3ec27ea86",
        "districtName": "Pasar Minggu",
        "cityId": "6490a979-96ad-5c1d-9c86-556a8c940379",
        "cityName": "Kota Administrasi Jakarta Selatan",
        "cityShortName": "JAKARTA SELATAN"
      },
      "geometry": {
        "type": "Polygon",
        "coordinates": [
          [
            [
              106.82897931,
              -6.279484299
            ],
            [
              106.82722717,
              -6.282782597
            ],
            [
              106.825781613,
              -6.286651698
            ],
            [
              106.822410826,
              -6.293877651
            ],
            [
              106.827501138,
              -6.296274131
            ],
            [
              106.826257084,
              -6.297201214
            ],
            [
              106.826246974,
              -6.301549848
            ],
            [
              106.827643889,
              -6.306125617
            ],
            [
              106.827642096,
              -6.30729209
            ],
            [
              106.826623344,
              -6.311405252
            ],
            [
              106.825807439,
              -6.311369927
            ],
            [
              106.824800903,
              -6.317836991
            ],
            [
              106.823646076,
              -6.317748763
            ],
            [
              106.823587422,
              -6.317403966
            ],
            [
              106.820994607,
              -6.317545159
            ],
            [
              106.81636195,
              -6.316849262
            ],
            [
              106.816541473,
              -6.316060716
            ],
            [
              106.816279758,
              -6.315984954
            ],
            [
              106.816158352,
              -6.310671694
            ],
            [
              106.813676068,
              -6.310754602
            ],
            [
              106.814118863,
              -6.304570509
            ],
            [
              106.81477553,
              -6.299094726
            ],
            [
              106.816404365,
              -6.292971305
            ],
            [
              106.818295741,
              -6.288615548
            ],
            [
              106.820670519,
              -6.275802713
            ],
            [
              106.827501575,
              -6.277617809
            ],
            [
              106.82897931,
              -6.279484299
            ]
          ]
        ]
      }
    },
    {
      "type": "Feature",
      "id": "7cf1cef1-eba2-542c-a14f-476ea1fa1674",
      "properties": {
        "id": "7cf1cef1-eba2-542c-a14f-476ea1fa1674",
        "code": "31.74.04.1005",
        "name": "Pejaten Timur",
        "districtId": "ba2072db-cd17-5a3c-8a02-b5d3ec27ea86",
        "districtName": "Pasar Minggu",
        "cityId": "6490a979-96ad-5c1d-9c86-556a8c940379",
        "cityName": "Kota Administrasi Jakarta Selatan",
        "cityShortName": "JAKARTA SELATAN"
      },
      "geometry": {
        "type": "Polygon",
        "coordinates": [
          [
            [
              106.852094098,
              -6.262146075
            ],
            [
              106.850019419,
              -6.266824134
            ],
            [
              106.85545316,
              -6.266690852
            ],
            [
              106.85657678,
              -6.270297152
            ],
            [
              106.856262883,
              -6.270545356
            ],
            [
              106.855666051,
              -6.270339858
            ],
            [
              106.855142827,
              -6.269606959
            ],
            [
              106.854875466,
              -6.270471749
            ],
            [
              106.856470767,
              -6.271667626
            ],
            [
              106.856806036,
              -6.272423802
            ],
            [
              106.856530895,
              -6.272737928
            ],
            [
              106.855482574,
              -6.272625525
            ],
            [
              106.854383846,
              -6.271981847
            ],
            [
              106.853632004,
              -6.271946984
            ],
            [
              106.853397604,
              -6.273292634
            ],
            [
              106.852043122,
              -6.273207383
            ],
            [
              106.851328117,
              -6.273637866
            ],
            [
              106.851934698,
              -6.275150227
            ],
            [
              106.851611145,
              -6.276247693
            ],
            [
              106.850409765,
              -6.276806167
            ],
            [
              106.849194787,
              -6.276585177
            ],
            [
              106.848282155,
              -6.277799002
            ],
            [
              106.84672235,
              -6.279043656
            ],
            [
              106.847770673,
              -6.280044337
            ],
            [
              106.85000489,
              -6.279520728
            ],
            [
              106.85040408,
              -6.279757265
            ],
            [
              106.849216272,
              -6.280738429
            ],
            [
              106.847627387,
              -6.282906247
            ],
            [
              106.84760803,
              -6.28344528
            ],
            [
              106.848830775,
              -6.283685663
            ],
            [
              106.847331007,
              -6.285551
            ],
            [
              106.847654668,
              -6.286912138
            ],
            [
              106.848393008,
              -6.287997926
            ],
            [
              106.849369677,
              -6.288533039
            ],
            [
              106.84989094,
              -6.288451581
            ],
            [
              106.850297853,
              -6.287904777
            ],
            [
              106.851241581,
              -6.288428255
            ],
            [
              106.850797884,
              -6.289739011
            ],
            [
              106.84935813,
              -6.290444853
            ],
            [
              106.850102326,
              -6.292352758
            ],
            [
              106.851082883,
              -6.292934403
            ],
            [
              106.851522742,
              -6.292414742
            ],
            [
              106.851819168,
              -6.291131137
            ],
            [
              106.853801501,
              -6.290339947
            ],
            [
              106.854270448,
              -6.290324412
            ],
            [
              106.854454554,
              -6.290626879
            ],
            [
              106.854169753,
              -6.291728223
            ],
            [
              106.852313464,
              -6.294466124
            ],
            [
              106.852561519,
              -6.294764712
            ],
            [
              106.85346256,
              -6.293876625
            ],
            [
              106.854071034,
              -6.293888228
            ],
            [
              106.854330728,
              -6.294431123
            ],
            [
              106.854282365,
              -6.296036584
            ],
            [
              106.851577148,
              -6.295648923
            ],
            [
              106.850755519,
              -6.295804076
            ],
            [
              106.850400916,
              -6.296215151
            ],
            [
              106.850536588,
              -6.296761931
            ],
            [
              106.852104509,
              -6.29791066
            ],
            [
              106.850976961,
              -6.297935877
            ],
            [
              106.844585271,
              -6.296860424
            ],
            [
              106.843686691,
              -6.296092374
            ],
            [
              106.840834506,
              -6.295284396
            ],
            [
              106.843540039,
              -6.288192609
            ],
            [
              106.846469815,
              -6.273725583
            ],
            [
              106.846311846,
              -6.269590886
            ],
            [
              106.843492728,
              -6.264570298
            ],
            [
              106.843236488,
              -6.26258831
            ],
            [
              106.852094098,
              -6.262146075
            ]
          ]
        ]
      }
    },
    {
      "type": "Feature",
      "id": "5408fe25-51b4-58aa-94fe-be0a1c8eea24",
      "properties": {
        "id": "5408fe25-51b4-58aa-94fe-be0a1c8eea24",
        "code": "31.74.04.1006",
        "name": "Pejaten Barat",
        "districtId": "ba2072db-cd17-5a3c-8a02-b5d3ec27ea86",
        "districtName": "Pasar Minggu",
        "cityId": "6490a979-96ad-5c1d-9c86-556a8c940379",
        "cityName": "Kota Administrasi Jakarta Selatan",
        "cityShortName": "JAKARTA SELATAN"
      },
      "geometry": {
        "type": "Polygon",
        "coordinates": [
          [
            [
              106.844198828,
              -6.265950895
            ],
            [
              106.84600873,
              -6.268844353
            ],
            [
              106.846493015,
              -6.270480989
            ],
            [
              106.846464438,
              -6.273797367
            ],
            [
              106.845436722,
              -6.278682074
            ],
            [
              106.84239861,
              -6.27795283
            ],
            [
              106.841505531,
              -6.276325717
            ],
            [
              106.840675332,
              -6.276272389
            ],
            [
              106.83969668,
              -6.279214215
            ],
            [
              106.834646928,
              -6.279808764
            ],
            [
              106.831927814,
              -6.278581771
            ],
            [
              106.829401036,
              -6.279675434
            ],
            [
              106.827501575,
              -6.277617809
            ],
            [
              106.820670519,
              -6.275802713
            ],
            [
              106.821673559,
              -6.271761571
            ],
            [
              106.823038091,
              -6.271437382
            ],
            [
              106.82374276,
              -6.270762429
            ],
            [
              106.823944782,
              -6.271136388
            ],
            [
              106.825202873,
              -6.271349506
            ],
            [
              106.824580286,
              -6.2701805
            ],
            [
              106.824683688,
              -6.269555443
            ],
            [
              106.825644753,
              -6.26866705
            ],
            [
              106.825374723,
              -6.267653799
            ],
            [
              106.826529997,
              -6.266176947
            ],
            [
              106.82735084,
              -6.266463601
            ],
            [
              106.827632513,
              -6.265625922
            ],
            [
              106.829156928,
              -6.269487849
            ],
            [
              106.828609935,
              -6.271957187
            ],
            [
              106.8291408,
              -6.274247065
            ],
            [
              106.82870584,
              -6.27493326
            ],
            [
              106.830724458,
              -6.274886106
            ],
            [
              106.832633053,
              -6.274421982
            ],
            [
              106.83231185,
              -6.274032331
            ],
            [
              106.832486707,
              -6.273588075
            ],
            [
              106.832108453,
              -6.272669786
            ],
            [
              106.83242097,
              -6.272488607
            ],
            [
              106.832411038,
              -6.271282419
            ],
            [
              106.832115881,
              -6.271051607
            ],
            [
              106.832683856,
              -6.26982804
            ],
            [
              106.83249907,
              -6.269319259
            ],
            [
              106.832862429,
              -6.268989168
            ],
            [
              106.832110211,
              -6.268351904
            ],
            [
              106.834955044,
              -6.26840614
            ],
            [
              106.834859136,
              -6.265986633
            ],
            [
              106.842451813,
              -6.266162536
            ],
            [
              106.844198828,
              -6.265950895
            ]
          ]
        ]
      }
    },
    {
      "type": "Feature",
      "id": "4ebd9753-f3f7-5311-9e9d-eedb737f51c2",
      "properties": {
        "id": "4ebd9753-f3f7-5311-9e9d-eedb737f51c2",
        "code": "31.74.04.1007",
        "name": "Kebagusan",
        "districtId": "ba2072db-cd17-5a3c-8a02-b5d3ec27ea86",
        "districtName": "Pasar Minggu",
        "cityId": "6490a979-96ad-5c1d-9c86-556a8c940379",
        "cityName": "Kota Administrasi Jakarta Selatan",
        "cityShortName": "JAKARTA SELATAN"
      },
      "geometry": {
        "type": "Polygon",
        "coordinates": [
          [
            [
              106.827501138,
              -6.296274131
            ],
            [
              106.8366126,
              -6.301765946
            ],
            [
              106.837250715,
              -6.303940549
            ],
            [
              106.837313002,
              -6.305720041
            ],
            [
              106.836590856,
              -6.311834245
            ],
            [
              106.835907426,
              -6.3162007
            ],
            [
              106.835215486,
              -6.318382584
            ],
            [
              106.834211062,
              -6.318096764
            ],
            [
              106.833854798,
              -6.318382933
            ],
            [
              106.831969277,
              -6.321449788
            ],
            [
              106.829375344,
              -6.32121084
            ],
            [
              106.829142804,
              -6.322037816
            ],
            [
              106.825284459,
              -6.321506558
            ],
            [
              106.825386481,
              -6.320055838
            ],
            [
              106.82480414,
              -6.317819716
            ],
            [
              106.825796489,
              -6.311417965
            ],
            [
              106.826623344,
              -6.311405252
            ],
            [
              106.827683348,
              -6.306714237
            ],
            [
              106.826273551,
              -6.301789816
            ],
            [
              106.826257084,
              -6.297201214
            ],
            [
              106.827501138,
              -6.296274131
            ]
          ]
        ]
      }
    },
    {
      "type": "Feature",
      "id": "465d0658-8928-5314-a5f2-0b4678a80e67",
      "properties": {
        "id": "465d0658-8928-5314-a5f2-0b4678a80e67",
        "code": "31.74.05.1001",
        "name": "Kebayoran Lama Utara",
        "districtId": "1c2d9732-27eb-57e7-9ac2-3867cee5e2f9",
        "districtName": "Kebayoran Lama",
        "cityId": "6490a979-96ad-5c1d-9c86-556a8c940379",
        "cityName": "Kota Administrasi Jakarta Selatan",
        "cityShortName": "JAKARTA SELATAN"
      },
      "geometry": {
        "type": "Polygon",
        "coordinates": [
          [
            [
              106.785261525,
              -6.235655447
            ],
            [
              106.785404841,
              -6.236794337
            ],
            [
              106.7848953,
              -6.237232207
            ],
            [
              106.785415818,
              -6.238689455
            ],
            [
              106.78497101,
              -6.238998106
            ],
            [
              106.784751599,
              -6.241187157
            ],
            [
              106.784116885,
              -6.241644388
            ],
            [
              106.784765683,
              -6.242813056
            ],
            [
              106.78676654,
              -6.243518855
            ],
            [
              106.786898088,
              -6.244271656
            ],
            [
              106.787657677,
              -6.244227002
            ],
            [
              106.787689378,
              -6.245115836
            ],
            [
              106.788518165,
              -6.246608192
            ],
            [
              106.787357038,
              -6.24713393
            ],
            [
              106.786425506,
              -6.247112632
            ],
            [
              106.786281295,
              -6.248176436
            ],
            [
              106.784655344,
              -6.248572823
            ],
            [
              106.784594426,
              -6.248066834
            ],
            [
              106.780042065,
              -6.247446255
            ],
            [
              106.779157166,
              -6.24703631
            ],
            [
              106.778082875,
              -6.248825677
            ],
            [
              106.778312095,
              -6.251414674
            ],
            [
              106.777701467,
              -6.253441255
            ],
            [
              106.770049383,
              -6.253004036
            ],
            [
              106.769334141,
              -6.253558724
            ],
            [
              106.7692674,
              -6.2544829
            ],
            [
              106.7688076,
              -6.2544612
            ],
            [
              106.7684444,
              -6.255357
            ],
            [
              106.768187965,
              -6.255306255
            ],
            [
              106.767616732,
              -6.254295619
            ],
            [
              106.767913679,
              -6.253076038
            ],
            [
              106.766537143,
              -6.252716127
            ],
            [
              106.766149761,
              -6.252050348
            ],
            [
              106.767625811,
              -6.250284038
            ],
            [
              106.767600572,
              -6.249879197
            ],
            [
              106.766684071,
              -6.249101043
            ],
            [
              106.766696782,
              -6.248243066
            ],
            [
              106.768311231,
              -6.246834384
            ],
            [
              106.768813744,
              -6.246000693
            ],
            [
              106.768202895,
              -6.244646581
            ],
            [
              106.768147523,
              -6.243223835
            ],
            [
              106.771693466,
              -6.242660804
            ],
            [
              106.771958318,
              -6.243297259
            ],
            [
              106.776323601,
              -6.2429605
            ],
            [
              106.776321101,
              -6.2421298
            ],
            [
              106.777954601,
              -6.2418965
            ],
            [
              106.7773178,
              -6.2409572
            ],
            [
              106.778010898,
              -6.240824327
            ],
            [
              106.778568827,
              -6.241798524
            ],
            [
              106.780208689,
              -6.241675878
            ],
            [
              106.780790278,
              -6.240948873
            ],
            [
              106.780535454,
              -6.236372647
            ],
            [
              106.78316851,
              -6.236180267
            ],
            [
              106.785261525,
              -6.235655447
            ]
          ]
        ]
      }
    },
    {
      "type": "Feature",
      "id": "bc0f69f4-1ef9-570e-9784-1d9aad526039",
      "properties": {
        "id": "bc0f69f4-1ef9-570e-9784-1d9aad526039",
        "code": "31.74.05.1002",
        "name": "Pondok Pinang",
        "districtId": "1c2d9732-27eb-57e7-9ac2-3867cee5e2f9",
        "districtName": "Kebayoran Lama",
        "cityId": "6490a979-96ad-5c1d-9c86-556a8c940379",
        "cityName": "Kota Administrasi Jakarta Selatan",
        "cityShortName": "JAKARTA SELATAN"
      },
      "geometry": {
        "type": "Polygon",
        "coordinates": [
          [
            [
              106.772710653,
              -6.259523985
            ],
            [
              106.775424929,
              -6.260003983
            ],
            [
              106.777063878,
              -6.260954817
            ],
            [
              106.784856317,
              -6.261225772
            ],
            [
              106.785231939,
              -6.261598017
            ],
            [
              106.785358053,
              -6.265375899
            ],
            [
              106.786472406,
              -6.266077429
            ],
            [
              106.787306113,
              -6.267845572
            ],
            [
              106.789074441,
              -6.268478616
            ],
            [
              106.789759665,
              -6.269204764
            ],
            [
              106.790583879,
              -6.26866376
            ],
            [
              106.791240131,
              -6.269941474
            ],
            [
              106.791515934,
              -6.273145795
            ],
            [
              106.79012799,
              -6.274692933
            ],
            [
              106.789618769,
              -6.276106388
            ],
            [
              106.789677247,
              -6.277884111
            ],
            [
              106.790225481,
              -6.278873507
            ],
            [
              106.790060869,
              -6.281584374
            ],
            [
              106.7884141,
              -6.284215335
            ],
            [
              106.787191933,
              -6.285142233
            ],
            [
              106.785056545,
              -6.288076757
            ],
            [
              106.785693969,
              -6.28962002
            ],
            [
              106.784368624,
              -6.291646476
            ],
            [
              106.780382223,
              -6.290295044
            ],
            [
              106.778080153,
              -6.288422293
            ],
            [
              106.776393439,
              -6.289272079
            ],
            [
              106.769277842,
              -6.289262392
            ],
            [
              106.766634222,
              -6.290649124
            ],
            [
              106.766427212,
              -6.28936238
            ],
            [
              106.766071556,
              -6.289184154
            ],
            [
              106.766167334,
              -6.288871627
            ],
            [
              106.76732231,
              -6.288459539
            ],
            [
              106.766201386,
              -6.286591669
            ],
            [
              106.766969153,
              -6.286080223
            ],
            [
              106.767896618,
              -6.28646123
            ],
            [
              106.768025514,
              -6.28609668
            ],
            [
              106.767328379,
              -6.285047619
            ],
            [
              106.76607809,
              -6.284593958
            ],
            [
              106.765708536,
              -6.283966426
            ],
            [
              106.766706652,
              -6.283287806
            ],
            [
              106.767728719,
              -6.281952045
            ],
            [
              106.768387229,
              -6.281542912
            ],
            [
              106.769123424,
              -6.281764368
            ],
            [
              106.769524319,
              -6.281437471
            ],
            [
              106.769260222,
              -6.280963953
            ],
            [
              106.768077513,
              -6.280389494
            ],
            [
              106.767705687,
              -6.279071426
            ],
            [
              106.768557241,
              -6.278839311
            ],
            [
              106.769394119,
              -6.278029456
            ],
            [
              106.770362127,
              -6.278143076
            ],
            [
              106.77008163,
              -6.277032111
            ],
            [
              106.769366505,
              -6.276256744
            ],
            [
              106.76936977,
              -6.275464239
            ],
            [
              106.768433416,
              -6.274710963
            ],
            [
              106.768393334,
              -6.274335336
            ],
            [
              106.768793333,
              -6.273761255
            ],
            [
              106.76920155,
              -6.273732949
            ],
            [
              106.770497656,
              -6.274354154
            ],
            [
              106.771673078,
              -6.272250269
            ],
            [
              106.7709437,
              -6.271542473
            ],
            [
              106.77123959,
              -6.27027307
            ],
            [
              106.769880388,
              -6.269583787
            ],
            [
              106.769154018,
              -6.26815379
            ],
            [
              106.769669731,
              -6.267231832
            ],
            [
              106.769198875,
              -6.266153329
            ],
            [
              106.769317648,
              -6.265416814
            ],
            [
              106.769492854,
              -6.2648359
            ],
            [
              106.770170646,
              -6.264482852
            ],
            [
              106.771004114,
              -6.265280028
            ],
            [
              106.771451237,
              -6.265318949
            ],
            [
              106.771375201,
              -6.264508782
            ],
            [
              106.770597642,
              -6.263232647
            ],
            [
              106.771734283,
              -6.262394512
            ],
            [
              106.772295998,
              -6.262957876
            ],
            [
              106.773088014,
              -6.262530102
            ],
            [
              106.772533757,
              -6.260406285
            ],
            [
              106.772710653,
              -6.259523985
            ]
          ]
        ]
      }
    },
    {
      "type": "Feature",
      "id": "05a83d12-cf7b-5112-a47b-553e7119b83f",
      "properties": {
        "id": "05a83d12-cf7b-5112-a47b-553e7119b83f",
        "code": "31.74.05.1003",
        "name": "Cipulir",
        "districtId": "1c2d9732-27eb-57e7-9ac2-3867cee5e2f9",
        "districtName": "Kebayoran Lama",
        "cityId": "6490a979-96ad-5c1d-9c86-556a8c940379",
        "cityName": "Kota Administrasi Jakarta Selatan",
        "cityShortName": "JAKARTA SELATAN"
      },
      "geometry": {
        "type": "Polygon",
        "coordinates": [
          [
            [
              106.780263613,
              -6.232838433
            ],
            [
              106.780790278,
              -6.240948873
            ],
            [
              106.780208689,
              -6.241675878
            ],
            [
              106.778568827,
              -6.241798524
            ],
            [
              106.778010898,
              -6.240824327
            ],
            [
              106.7773178,
              -6.2409572
            ],
            [
              106.777954601,
              -6.2418965
            ],
            [
              106.776321101,
              -6.2421298
            ],
            [
              106.776323601,
              -6.2429605
            ],
            [
              106.773441301,
              -6.2432479
            ],
            [
              106.771958318,
              -6.243297259
            ],
            [
              106.771693466,
              -6.242660804
            ],
            [
              106.768147523,
              -6.243223835
            ],
            [
              106.767247076,
              -6.242292772
            ],
            [
              106.765914957,
              -6.24191647
            ],
            [
              106.765594914,
              -6.241486093
            ],
            [
              106.765812902,
              -6.239988125
            ],
            [
              106.766014668,
              -6.23976491
            ],
            [
              106.766415414,
              -6.240130746
            ],
            [
              106.766638717,
              -6.239746156
            ],
            [
              106.765916974,
              -6.238971521
            ],
            [
              106.766011211,
              -6.238186162
            ],
            [
              106.765618486,
              -6.238247977
            ],
            [
              106.765362873,
              -6.238904215
            ],
            [
              106.764633927,
              -6.238866474
            ],
            [
              106.764449856,
              -6.237688751
            ],
            [
              106.765033667,
              -6.236739384
            ],
            [
              106.76699668,
              -6.236603307
            ],
            [
              106.767116331,
              -6.234844496
            ],
            [
              106.766383022,
              -6.233799628
            ],
            [
              106.765946813,
              -6.233828538
            ],
            [
              106.766881523,
              -6.232682657
            ],
            [
              106.76780439,
              -6.233141671
            ],
            [
              106.769475782,
              -6.233196975
            ],
            [
              106.770016612,
              -6.233644328
            ],
            [
              106.770026592,
              -6.233196181
            ],
            [
              106.780263613,
              -6.232838433
            ]
          ]
        ]
      }
    },
    {
      "type": "Feature",
      "id": "ebe442d9-1ade-5929-b0e3-7841d74ded98",
      "properties": {
        "id": "ebe442d9-1ade-5929-b0e3-7841d74ded98",
        "code": "31.74.05.1004",
        "name": "Grogol Utara",
        "districtId": "1c2d9732-27eb-57e7-9ac2-3867cee5e2f9",
        "districtName": "Kebayoran Lama",
        "cityId": "6490a979-96ad-5c1d-9c86-556a8c940379",
        "cityName": "Kota Administrasi Jakarta Selatan",
        "cityShortName": "JAKARTA SELATAN"
      },
      "geometry": {
        "type": "Polygon",
        "coordinates": [
          [
            [
              106.792437017,
              -6.207792399
            ],
            [
              106.791875326,
              -6.208832567
            ],
            [
              106.792567374,
              -6.209282246
            ],
            [
              106.792732663,
              -6.210276212
            ],
            [
              106.793659658,
              -6.210844178
            ],
            [
              106.793762243,
              -6.211386197
            ],
            [
              106.793438169,
              -6.211708805
            ],
            [
              106.794603286,
              -6.211852389
            ],
            [
              106.795823391,
              -6.212475284
            ],
            [
              106.795344961,
              -6.213538759
            ],
            [
              106.796259194,
              -6.21562324
            ],
            [
              106.796120771,
              -6.216455435
            ],
            [
              106.796908643,
              -6.218724758
            ],
            [
              106.796124506,
              -6.223136381
            ],
            [
              106.791077357,
              -6.223525578
            ],
            [
              106.79019534,
              -6.223145326
            ],
            [
              106.788798428,
              -6.225771438
            ],
            [
              106.787663864,
              -6.225309047
            ],
            [
              106.784252897,
              -6.226418068
            ],
            [
              106.781369562,
              -6.226062545
            ],
            [
              106.778476558,
              -6.224967132
            ],
            [
              106.778496678,
              -6.217910989
            ],
            [
              106.778372437,
              -6.217485238
            ],
            [
              106.777282632,
              -6.216973291
            ],
            [
              106.777077129,
              -6.216561881
            ],
            [
              106.777617392,
              -6.215152886
            ],
            [
              106.777675529,
              -6.213760895
            ],
            [
              106.77800704,
              -6.213511467
            ],
            [
              106.782529963,
              -6.213293398
            ],
            [
              106.783331023,
              -6.212748631
            ],
            [
              106.783597941,
              -6.211852875
            ],
            [
              106.783212193,
              -6.206702763
            ],
            [
              106.787274966,
              -6.206990283
            ],
            [
              106.789069874,
              -6.208471041
            ],
            [
              106.790525095,
              -6.2074811
            ],
            [
              106.792437017,
              -6.207792399
            ]
          ]
        ]
      }
    },
    {
      "type": "Feature",
      "id": "0617bd2a-ef94-51de-aa21-ea82431ef28b",
      "properties": {
        "id": "0617bd2a-ef94-51de-aa21-ea82431ef28b",
        "code": "31.74.05.1005",
        "name": "Grogol Selatan",
        "districtId": "1c2d9732-27eb-57e7-9ac2-3867cee5e2f9",
        "districtName": "Kebayoran Lama",
        "cityId": "6490a979-96ad-5c1d-9c86-556a8c940379",
        "cityName": "Kota Administrasi Jakarta Selatan",
        "cityShortName": "JAKARTA SELATAN"
      },
      "geometry": {
        "type": "Polygon",
        "coordinates": [
          [
            [
              106.795858236,
              -6.229263135
            ],
            [
              106.795560345,
              -6.230443437
            ],
            [
              106.794726035,
              -6.230023407
            ],
            [
              106.793651463,
              -6.230806433
            ],
            [
              106.791955051,
              -6.230691785
            ],
            [
              106.790228814,
              -6.233009849
            ],
            [
              106.789710312,
              -6.233386027
            ],
            [
              106.788971001,
              -6.233411001
            ],
            [
              106.788944034,
              -6.233814612
            ],
            [
              106.787450827,
              -6.23413238
            ],
            [
              106.786782699,
              -6.234838957
            ],
            [
              106.786752573,
              -6.235305371
            ],
            [
              106.786224001,
              -6.235387
            ],
            [
              106.785518292,
              -6.236153055
            ],
            [
              106.785261525,
              -6.235655447
            ],
            [
              106.78316851,
              -6.236180267
            ],
            [
              106.780535454,
              -6.236372647
            ],
            [
              106.780263613,
              -6.232838433
            ],
            [
              106.770026592,
              -6.233196181
            ],
            [
              106.770016612,
              -6.233644328
            ],
            [
              106.769475782,
              -6.233196975
            ],
            [
              106.76780439,
              -6.233141671
            ],
            [
              106.766881523,
              -6.232682657
            ],
            [
              106.765434375,
              -6.234700835
            ],
            [
              106.764723363,
              -6.234986464
            ],
            [
              106.764150436,
              -6.23313805
            ],
            [
              106.76587265,
              -6.230968188
            ],
            [
              106.765870433,
              -6.23030171
            ],
            [
              106.765254947,
              -6.229487705
            ],
            [
              106.764785496,
              -6.22951745
            ],
            [
              106.763546256,
              -6.230515701
            ],
            [
              106.763088054,
              -6.229945705
            ],
            [
              106.763997173,
              -6.229703683
            ],
            [
              106.764168631,
              -6.229107687
            ],
            [
              106.764757301,
              -6.229118934
            ],
            [
              106.764931145,
              -6.22865876
            ],
            [
              106.764522379,
              -6.227546818
            ],
            [
              106.764783362,
              -6.227085108
            ],
            [
              106.767510357,
              -6.227477643
            ],
            [
              106.778433468,
              -6.226905574
            ],
            [
              106.778476558,
              -6.224967132
            ],
            [
              106.781369562,
              -6.226062545
            ],
            [
              106.784252897,
              -6.226418068
            ],
            [
              106.787663864,
              -6.225309047
            ],
            [
              106.788715147,
              -6.225799813
            ],
            [
              106.79019534,
              -6.223145326
            ],
            [
              106.791077357,
              -6.223525578
            ],
            [
              106.796124506,
              -6.223136381
            ],
            [
              106.796412679,
              -6.226443625
            ],
            [
              106.795681308,
              -6.228327714
            ],
            [
              106.795858236,
              -6.229263135
            ]
          ]
        ]
      }
    },
    {
      "type": "Feature",
      "id": "e3a4f038-da6a-512a-a3e3-bf0c1fc0f7ed",
      "properties": {
        "id": "e3a4f038-da6a-512a-a3e3-bf0c1fc0f7ed",
        "code": "31.74.05.1006",
        "name": "Kebayoran Lama Selatan",
        "districtId": "1c2d9732-27eb-57e7-9ac2-3867cee5e2f9",
        "districtName": "Kebayoran Lama",
        "cityId": "6490a979-96ad-5c1d-9c86-556a8c940379",
        "cityName": "Kota Administrasi Jakarta Selatan",
        "cityShortName": "JAKARTA SELATAN"
      },
      "geometry": {
        "type": "Polygon",
        "coordinates": [
          [
            [
              106.788909052,
              -6.251058002
            ],
            [
              106.787847833,
              -6.253369462
            ],
            [
              106.786208194,
              -6.254010756
            ],
            [
              106.785828259,
              -6.255255461
            ],
            [
              106.78630029,
              -6.256790903
            ],
            [
              106.785607131,
              -6.25685039
            ],
            [
              106.785117683,
              -6.25727103
            ],
            [
              106.784840343,
              -6.258388886
            ],
            [
              106.785496495,
              -6.259171553
            ],
            [
              106.785350954,
              -6.26004494
            ],
            [
              106.784944319,
              -6.260379367
            ],
            [
              106.785533892,
              -6.26096437
            ],
            [
              106.785191575,
              -6.261496967
            ],
            [
              106.784316926,
              -6.261087921
            ],
            [
              106.777063878,
              -6.260954817
            ],
            [
              106.775424929,
              -6.260003983
            ],
            [
              106.772710653,
              -6.259523985
            ],
            [
              106.772667458,
              -6.258858804
            ],
            [
              106.772101801,
              -6.258112013
            ],
            [
              106.771183027,
              -6.258297466
            ],
            [
              106.770689632,
              -6.258971734
            ],
            [
              106.770295893,
              -6.258854024
            ],
            [
              106.770209957,
              -6.258338091
            ],
            [
              106.769051364,
              -6.25803927
            ],
            [
              106.770142983,
              -6.256070931
            ],
            [
              106.771251805,
              -6.256211347
            ],
            [
              106.772052951,
              -6.255573316
            ],
            [
              106.771672851,
              -6.254894429
            ],
            [
              106.770561513,
              -6.254788058
            ],
            [
              106.770163293,
              -6.254281142
            ],
            [
              106.769262168,
              -6.254454519
            ],
            [
              106.769334141,
              -6.253558724
            ],
            [
              106.769845633,
              -6.253075207
            ],
            [
              106.777701467,
              -6.253441255
            ],
            [
              106.778312095,
              -6.251414674
            ],
            [
              106.778082875,
              -6.248825677
            ],
            [
              106.779157166,
              -6.24703631
            ],
            [
              106.780042065,
              -6.247446255
            ],
            [
              106.784594426,
              -6.248066834
            ],
            [
              106.784655344,
              -6.248572823
            ],
            [
              106.786281295,
              -6.248176436
            ],
            [
              106.786425506,
              -6.247112632
            ],
            [
              106.787357038,
              -6.24713393
            ],
            [
              106.788603921,
              -6.246598791
            ],
            [
              106.788683583,
              -6.247291879
            ],
            [
              106.789192695,
              -6.247356008
            ],
            [
              106.788922046,
              -6.247731913
            ],
            [
              106.789084263,
              -6.248259452
            ],
            [
              106.788569697,
              -6.248364536
            ],
            [
              106.788900452,
              -6.248697523
            ],
            [
              106.78837783,
              -6.249875935
            ],
            [
              106.788909052,
              -6.251058002
            ]
          ]
        ]
      }
    },
    {
      "type": "Feature",
      "id": "5485d535-025b-580b-a0c8-7ba42bb1e227",
      "properties": {
        "id": "5485d535-025b-580b-a0c8-7ba42bb1e227",
        "code": "31.74.06.1001",
        "name": "Cilandak Barat",
        "districtId": "03a9eb5b-a51f-57ab-9217-c52f4fd0fe43",
        "districtName": "Cilandak",
        "cityId": "6490a979-96ad-5c1d-9c86-556a8c940379",
        "cityName": "Kota Administrasi Jakarta Selatan",
        "cityShortName": "JAKARTA SELATAN"
      },
      "geometry": {
        "type": "Polygon",
        "coordinates": [
          [
            [
              106.812251151,
              -6.27860651
            ],
            [
              106.811933616,
              -6.279192988
            ],
            [
              106.811406159,
              -6.279158157
            ],
            [
              106.810766415,
              -6.279650742
            ],
            [
              106.810502274,
              -6.280902486
            ],
            [
              106.809345683,
              -6.282198848
            ],
            [
              106.809756796,
              -6.285866
            ],
            [
              106.809163743,
              -6.285942614
            ],
            [
              106.809034203,
              -6.286892014
            ],
            [
              106.80847994,
              -6.287491831
            ],
            [
              106.808664505,
              -6.289031604
            ],
            [
              106.808275752,
              -6.289919969
            ],
            [
              106.807993537,
              -6.290187775
            ],
            [
              106.807279204,
              -6.290092782
            ],
            [
              106.806300162,
              -6.290708532
            ],
            [
              106.805807724,
              -6.291395716
            ],
            [
              106.805505184,
              -6.292702139
            ],
            [
              106.805036096,
              -6.293150259
            ],
            [
              106.805363789,
              -6.294229257
            ],
            [
              106.806201389,
              -6.294456023
            ],
            [
              106.80687708,
              -6.295568504
            ],
            [
              106.805614528,
              -6.296687635
            ],
            [
              106.805000293,
              -6.298013963
            ],
            [
              106.805219357,
              -6.298445019
            ],
            [
              106.806014504,
              -6.298492507
            ],
            [
              106.806198987,
              -6.300780875
            ],
            [
              106.806946294,
              -6.302075636
            ],
            [
              106.800492358,
              -6.302483273
            ],
            [
              106.799879194,
              -6.301785174
            ],
            [
              106.794692165,
              -6.301732101
            ],
            [
              106.794623046,
              -6.302203257
            ],
            [
              106.793310184,
              -6.302287247
            ],
            [
              106.792886699,
              -6.301840782
            ],
            [
              106.791987162,
              -6.302103331
            ],
            [
              106.789708782,
              -6.30198366
            ],
            [
              106.789423091,
              -6.300684001
            ],
            [
              106.788988218,
              -6.300502362
            ],
            [
              106.786907746,
              -6.301079279
            ],
            [
              106.785965603,
              -6.30048259
            ],
            [
              106.786178233,
              -6.299960696
            ],
            [
              106.785098526,
              -6.2988244
            ],
            [
              106.785170128,
              -6.298155869
            ],
            [
              106.784831337,
              -6.297762942
            ],
            [
              106.785474565,
              -6.296703625
            ],
            [
              106.784874922,
              -6.295839475
            ],
            [
              106.784721189,
              -6.294851479
            ],
            [
              106.783658464,
              -6.2939648
            ],
            [
              106.784153322,
              -6.291909008
            ],
            [
              106.785693969,
              -6.28962002
            ],
            [
              106.785056545,
              -6.288076757
            ],
            [
              106.787191933,
              -6.285142233
            ],
            [
              106.7884141,
              -6.284215335
            ],
            [
              106.789986738,
              -6.281757912
            ],
            [
              106.790178836,
              -6.279670538
            ],
            [
              106.794714036,
              -6.279430661
            ],
            [
              106.794757301,
              -6.279742712
            ],
            [
              106.795861297,
              -6.279914552
            ],
            [
              106.79686457,
              -6.279762053
            ],
            [
              106.797110113,
              -6.279289796
            ],
            [
              106.806881338,
              -6.279433431
            ],
            [
              106.807482492,
              -6.279352553
            ],
            [
              106.808200485,
              -6.278186639
            ],
            [
              106.812251151,
              -6.27860651
            ]
          ]
        ]
      }
    },
    {
      "type": "Feature",
      "id": "f3522ac3-bb0b-59dc-80bf-5b1c0856a74a",
      "properties": {
        "id": "f3522ac3-bb0b-59dc-80bf-5b1c0856a74a",
        "code": "31.74.06.1002",
        "name": "Lebak Bulus",
        "districtId": "03a9eb5b-a51f-57ab-9217-c52f4fd0fe43",
        "districtName": "Cilandak",
        "cityId": "6490a979-96ad-5c1d-9c86-556a8c940379",
        "cityName": "Kota Administrasi Jakarta Selatan",
        "cityShortName": "JAKARTA SELATAN"
      },
      "geometry": {
        "type": "Polygon",
        "coordinates": [
          [
            [
              106.784368624,
              -6.291646476
            ],
            [
              106.783653218,
              -6.294036394
            ],
            [
              106.784721189,
              -6.294851479
            ],
            [
              106.784874922,
              -6.295839475
            ],
            [
              106.785474565,
              -6.296703625
            ],
            [
              106.784834903,
              -6.297616617
            ],
            [
              106.78518235,
              -6.298206509
            ],
            [
              106.785098526,
              -6.2988244
            ],
            [
              106.786150294,
              -6.29989783
            ],
            [
              106.785965603,
              -6.30048259
            ],
            [
              106.786530501,
              -6.300991939
            ],
            [
              106.788640641,
              -6.300748553
            ],
            [
              106.788906133,
              -6.300483147
            ],
            [
              106.789398642,
              -6.300654313
            ],
            [
              106.789626788,
              -6.302518566
            ],
            [
              106.790337791,
              -6.302855236
            ],
            [
              106.79030073,
              -6.303957599
            ],
            [
              106.789138698,
              -6.304602102
            ],
            [
              106.788799785,
              -6.305977796
            ],
            [
              106.78822592,
              -6.306351973
            ],
            [
              106.788501477,
              -6.31099372
            ],
            [
              106.787683,
              -6.311222001
            ],
            [
              106.786440001,
              -6.311016
            ],
            [
              106.785719001,
              -6.312036
            ],
            [
              106.781257703,
              -6.311647208
            ],
            [
              106.781668285,
              -6.31398241
            ],
            [
              106.782628283,
              -6.315942502
            ],
            [
              106.779998753,
              -6.316580803
            ],
            [
              106.779182502,
              -6.315755364
            ],
            [
              106.776798608,
              -6.315256689
            ],
            [
              106.776423997,
              -6.313206526
            ],
            [
              106.776601629,
              -6.311891421
            ],
            [
              106.775548881,
              -6.311627568
            ],
            [
              106.774690118,
              -6.312216622
            ],
            [
              106.774450892,
              -6.311302361
            ],
            [
              106.775332505,
              -6.310402224
            ],
            [
              106.773327659,
              -6.309706299
            ],
            [
              106.773386356,
              -6.309389112
            ],
            [
              106.774603959,
              -6.308855657
            ],
            [
              106.774978798,
              -6.308343014
            ],
            [
              106.773909269,
              -6.306716864
            ],
            [
              106.774350196,
              -6.306302682
            ],
            [
              106.775491417,
              -6.306161234
            ],
            [
              106.77479666,
              -6.3048807
            ],
            [
              106.775515555,
              -6.304471552
            ],
            [
              106.775576599,
              -6.303965959
            ],
            [
              106.77451321,
              -6.303263835
            ],
            [
              106.773573415,
              -6.304630676
            ],
            [
              106.773035894,
              -6.304764084
            ],
            [
              106.773484447,
              -6.303075947
            ],
            [
              106.771536221,
              -6.303202188
            ],
            [
              106.770877769,
              -6.30204712
            ],
            [
              106.771327753,
              -6.301659824
            ],
            [
              106.773177104,
              -6.301462151
            ],
            [
              106.772692453,
              -6.300441065
            ],
            [
              106.771581106,
              -6.299354741
            ],
            [
              106.772484335,
              -6.299190189
            ],
            [
              106.773697627,
              -6.299505446
            ],
            [
              106.773889027,
              -6.298837327
            ],
            [
              106.77320527,
              -6.298150652
            ],
            [
              106.771241265,
              -6.298996248
            ],
            [
              106.770730217,
              -6.297313737
            ],
            [
              106.770232456,
              -6.297713156
            ],
            [
              106.769771502,
              -6.297508378
            ],
            [
              106.77014767,
              -6.295623117
            ],
            [
              106.768448122,
              -6.295924933
            ],
            [
              106.767211659,
              -6.295295143
            ],
            [
              106.767147219,
              -6.294798945
            ],
            [
              106.768288419,
              -6.293389013
            ],
            [
              106.767522744,
              -6.292335974
            ],
            [
              106.768157738,
              -6.291864323
            ],
            [
              106.767842808,
              -6.291533448
            ],
            [
              106.767068538,
              -6.291473269
            ],
            [
              106.766634222,
              -6.290649124
            ],
            [
              106.769277842,
              -6.289262392
            ],
            [
              106.776393439,
              -6.289272079
            ],
            [
              106.778080153,
              -6.288422293
            ],
            [
              106.780382223,
              -6.290295044
            ],
            [
              106.784368624,
              -6.291646476
            ]
          ]
        ]
      }
    },
    {
      "type": "Feature",
      "id": "ad61ef3f-5855-52a5-baba-a18c4056a1c6",
      "properties": {
        "id": "ad61ef3f-5855-52a5-baba-a18c4056a1c6",
        "code": "31.74.06.1003",
        "name": "Pondok Labu",
        "districtId": "03a9eb5b-a51f-57ab-9217-c52f4fd0fe43",
        "districtName": "Cilandak",
        "cityId": "6490a979-96ad-5c1d-9c86-556a8c940379",
        "cityName": "Kota Administrasi Jakarta Selatan",
        "cityShortName": "JAKARTA SELATAN"
      },
      "geometry": {
        "type": "Polygon",
        "coordinates": [
          [
            [
              106.806946294,
              -6.302075636
            ],
            [
              106.8070393,
              -6.3027689
            ],
            [
              106.808339856,
              -6.303386471
            ],
            [
              106.809216186,
              -6.305035398
            ],
            [
              106.809145457,
              -6.305599272
            ],
            [
              106.808435256,
              -6.305711783
            ],
            [
              106.808611987,
              -6.306598974
            ],
            [
              106.808225604,
              -6.306838366
            ],
            [
              106.80854047,
              -6.308141329
            ],
            [
              106.80701118,
              -6.308673144
            ],
            [
              106.806829698,
              -6.309085252
            ],
            [
              106.807707838,
              -6.309234014
            ],
            [
              106.808519647,
              -6.310511125
            ],
            [
              106.807917077,
              -6.311132448
            ],
            [
              106.808398259,
              -6.312604253
            ],
            [
              106.807926253,
              -6.313241219
            ],
            [
              106.808975349,
              -6.314036596
            ],
            [
              106.809214748,
              -6.314836995
            ],
            [
              106.801240418,
              -6.315323535
            ],
            [
              106.800985539,
              -6.315082194
            ],
            [
              106.795758441,
              -6.315154084
            ],
            [
              106.793125684,
              -6.315433483
            ],
            [
              106.793145522,
              -6.315809023
            ],
            [
              106.792712222,
              -6.315823889
            ],
            [
              106.790544708,
              -6.314771333
            ],
            [
              106.790183333,
              -6.314937222
            ],
            [
              106.789635342,
              -6.316284622
            ],
            [
              106.788707222,
              -6.315875
            ],
            [
              106.785814471,
              -6.315639981
            ],
            [
              106.785475608,
              -6.315854766
            ],
            [
              106.784771598,
              -6.315527787
            ],
            [
              106.784363633,
              -6.316434306
            ],
            [
              106.78327032,
              -6.316605518
            ],
            [
              106.782853611,
              -6.315875833
            ],
            [
              106.782554283,
              -6.315851269
            ],
            [
              106.781668285,
              -6.31398241
            ],
            [
              106.781257703,
              -6.311647208
            ],
            [
              106.785719001,
              -6.312036
            ],
            [
              106.786440001,
              -6.311016
            ],
            [
              106.787683,
              -6.311222001
            ],
            [
              106.788501477,
              -6.31099372
            ],
            [
              106.78822592,
              -6.306351973
            ],
            [
              106.788799785,
              -6.305977796
            ],
            [
              106.789138698,
              -6.304602102
            ],
            [
              106.79030073,
              -6.303957599
            ],
            [
              106.790337791,
              -6.302855236
            ],
            [
              106.78966973,
              -6.302597351
            ],
            [
              106.789708782,
              -6.30198366
            ],
            [
              106.791987162,
              -6.302103331
            ],
            [
              106.792886699,
              -6.301840782
            ],
            [
              106.79340176,
              -6.302291701
            ],
            [
              106.794623046,
              -6.302203257
            ],
            [
              106.794692165,
              -6.301732101
            ],
            [
              106.799879194,
              -6.301785174
            ],
            [
              106.800492358,
              -6.302483273
            ],
            [
              106.806946294,
              -6.302075636
            ]
          ]
        ]
      }
    },
    {
      "type": "Feature",
      "id": "d34d6f83-9e77-5eec-811e-296c422d59ae",
      "properties": {
        "id": "d34d6f83-9e77-5eec-811e-296c422d59ae",
        "code": "31.74.06.1004",
        "name": "Gandaria Selatan",
        "districtId": "03a9eb5b-a51f-57ab-9217-c52f4fd0fe43",
        "districtName": "Cilandak",
        "cityId": "6490a979-96ad-5c1d-9c86-556a8c940379",
        "cityName": "Kota Administrasi Jakarta Selatan",
        "cityShortName": "JAKARTA SELATAN"
      },
      "geometry": {
        "type": "Polygon",
        "coordinates": [
          [
            [
              106.797192027,
              -6.263896055
            ],
            [
              106.79770701,
              -6.27634906
            ],
            [
              106.79686457,
              -6.279762053
            ],
            [
              106.795344204,
              -6.279869676
            ],
            [
              106.794757301,
              -6.279742712
            ],
            [
              106.794714036,
              -6.279430661
            ],
            [
              106.790178836,
              -6.279670538
            ],
            [
              106.790211811,
              -6.278786547
            ],
            [
              106.789595569,
              -6.277459106
            ],
            [
              106.789618769,
              -6.276106388
            ],
            [
              106.79012799,
              -6.274692933
            ],
            [
              106.791515934,
              -6.273145795
            ],
            [
              106.791301022,
              -6.270137466
            ],
            [
              106.790583879,
              -6.26866376
            ],
            [
              106.789759665,
              -6.269204764
            ],
            [
              106.789074441,
              -6.268478616
            ],
            [
              106.787244336,
              -6.267775476
            ],
            [
              106.786472406,
              -6.266077429
            ],
            [
              106.785358053,
              -6.265375899
            ],
            [
              106.785265265,
              -6.262989703
            ],
            [
              106.794225745,
              -6.264306626
            ],
            [
              106.794484503,
              -6.263603245
            ],
            [
              106.797192027,
              -6.263896055
            ]
          ]
        ]
      }
    },
    {
      "type": "Feature",
      "id": "585e6ace-5d50-5411-92f6-e35262cc5931",
      "properties": {
        "id": "585e6ace-5d50-5411-92f6-e35262cc5931",
        "code": "31.74.06.1005",
        "name": "Cipete Selatan",
        "districtId": "03a9eb5b-a51f-57ab-9217-c52f4fd0fe43",
        "districtName": "Cilandak",
        "cityId": "6490a979-96ad-5c1d-9c86-556a8c940379",
        "cityName": "Kota Administrasi Jakarta Selatan",
        "cityShortName": "JAKARTA SELATAN"
      },
      "geometry": {
        "type": "Polygon",
        "coordinates": [
          [
            [
              106.812936731,
              -6.267038636
            ],
            [
              106.812446592,
              -6.267323765
            ],
            [
              106.812063582,
              -6.268618279
            ],
            [
              106.812278409,
              -6.268987482
            ],
            [
              106.811717946,
              -6.26953425
            ],
            [
              106.811451705,
              -6.270464244
            ],
            [
              106.812969543,
              -6.271973789
            ],
            [
              106.813875598,
              -6.272193463
            ],
            [
              106.813811542,
              -6.273810769
            ],
            [
              106.814211343,
              -6.275210415
            ],
            [
              106.813983588,
              -6.275981161
            ],
            [
              106.813441344,
              -6.275933029
            ],
            [
              106.812895089,
              -6.27639316
            ],
            [
              106.812634665,
              -6.278404554
            ],
            [
              106.812251151,
              -6.27860651
            ],
            [
              106.808200485,
              -6.278186639
            ],
            [
              106.807482492,
              -6.279352553
            ],
            [
              106.806801985,
              -6.27943837
            ],
            [
              106.797048099,
              -6.279293684
            ],
            [
              106.79770701,
              -6.27634906
            ],
            [
              106.797380514,
              -6.265712414
            ],
            [
              106.800135564,
              -6.265832454
            ],
            [
              106.800264387,
              -6.266735141
            ],
            [
              106.801866143,
              -6.266935459
            ],
            [
              106.804469624,
              -6.266617792
            ],
            [
              106.804450956,
              -6.266314022
            ],
            [
              106.809957328,
              -6.265968407
            ],
            [
              106.810037263,
              -6.266562082
            ],
            [
              106.812936731,
              -6.267038636
            ]
          ]
        ]
      }
    },
    {
      "type": "Feature",
      "id": "1203a02b-f685-5cc8-90af-8b88986000be",
      "properties": {
        "id": "1203a02b-f685-5cc8-90af-8b88986000be",
        "code": "31.74.07.1001",
        "name": "Melawai",
        "districtId": "94343e16-57cf-5fab-a88a-19ee76520304",
        "districtName": "Kebayoran Baru",
        "cityId": "6490a979-96ad-5c1d-9c86-556a8c940379",
        "cityName": "Kota Administrasi Jakarta Selatan",
        "cityShortName": "JAKARTA SELATAN"
      },
      "geometry": {
        "type": "Polygon",
        "coordinates": [
          [
            [
              106.806063175,
              -6.247487053
            ],
            [
              106.804308539,
              -6.248873135
            ],
            [
              106.803452833,
              -6.250959606
            ],
            [
              106.802517076,
              -6.25185425
            ],
            [
              106.800969249,
              -6.252475102
            ],
            [
              106.797355186,
              -6.253121975
            ],
            [
              106.797529893,
              -6.249326376
            ],
            [
              106.798453309,
              -6.242579816
            ],
            [
              106.798441623,
              -6.239864179
            ],
            [
              106.804834601,
              -6.239865266
            ],
            [
              106.807280662,
              -6.239206056
            ],
            [
              106.8073674,
              -6.2410802
            ],
            [
              106.808227,
              -6.2440072
            ],
            [
              106.8081317,
              -6.2449097
            ],
            [
              106.806063175,
              -6.247487053
            ]
          ]
        ]
      }
    },
    {
      "type": "Feature",
      "id": "c92d3f38-ff1b-56da-aeb1-bcb09086411e",
      "properties": {
        "id": "c92d3f38-ff1b-56da-aeb1-bcb09086411e",
        "code": "31.74.07.1002",
        "name": "Gunung",
        "districtId": "94343e16-57cf-5fab-a88a-19ee76520304",
        "districtName": "Kebayoran Baru",
        "cityId": "6490a979-96ad-5c1d-9c86-556a8c940379",
        "cityName": "Kota Administrasi Jakarta Selatan",
        "cityShortName": "JAKARTA SELATAN"
      },
      "geometry": {
        "type": "Polygon",
        "coordinates": [
          [
            [
              106.799465052,
              -6.229224929
            ],
            [
              106.798473829,
              -6.231582561
            ],
            [
              106.798441065,
              -6.239875611
            ],
            [
              106.794094467,
              -6.239952112
            ],
            [
              106.792853383,
              -6.241724724
            ],
            [
              106.791699978,
              -6.242021189
            ],
            [
              106.790123252,
              -6.241784611
            ],
            [
              106.789157992,
              -6.241014469
            ],
            [
              106.787495344,
              -6.240673247
            ],
            [
              106.786351551,
              -6.239510589
            ],
            [
              106.784995477,
              -6.23938448
            ],
            [
              106.784977422,
              -6.238985555
            ],
            [
              106.785415134,
              -6.238625602
            ],
            [
              106.78495655,
              -6.237956259
            ],
            [
              106.784900725,
              -6.237198586
            ],
            [
              106.785381324,
              -6.236834308
            ],
            [
              106.785518292,
              -6.236153055
            ],
            [
              106.786224001,
              -6.235387
            ],
            [
              106.786752573,
              -6.235305371
            ],
            [
              106.786782699,
              -6.234838957
            ],
            [
              106.787450827,
              -6.23413238
            ],
            [
              106.788944034,
              -6.233814612
            ],
            [
              106.788971001,
              -6.233411001
            ],
            [
              106.789710312,
              -6.233386027
            ],
            [
              106.790228814,
              -6.233009849
            ],
            [
              106.791955051,
              -6.230691785
            ],
            [
              106.793651463,
              -6.230806433
            ],
            [
              106.794726035,
              -6.230023407
            ],
            [
              106.795560345,
              -6.230443437
            ],
            [
              106.795858236,
              -6.229263135
            ],
            [
              106.797530122,
              -6.229318786
            ],
            [
              106.798526095,
              -6.228795475
            ],
            [
              106.799465052,
              -6.229224929
            ]
          ]
        ]
      }
    },
    {
      "type": "Feature",
      "id": "0b310570-a684-5c44-a1a7-88abff757dc5",
      "properties": {
        "id": "0b310570-a684-5c44-a1a7-88abff757dc5",
        "code": "31.74.07.1003",
        "name": "Kramat Pela",
        "districtId": "94343e16-57cf-5fab-a88a-19ee76520304",
        "districtName": "Kebayoran Baru",
        "cityId": "6490a979-96ad-5c1d-9c86-556a8c940379",
        "cityName": "Kota Administrasi Jakarta Selatan",
        "cityShortName": "JAKARTA SELATAN"
      },
      "geometry": {
        "type": "Polygon",
        "coordinates": [
          [
            [
              106.798441065,
              -6.239875611
            ],
            [
              106.798453309,
              -6.242579816
            ],
            [
              106.797500546,
              -6.249691512
            ],
            [
              106.795765585,
              -6.249590049
            ],
            [
              106.794761036,
              -6.250148775
            ],
            [
              106.790807965,
              -6.248991286
            ],
            [
              106.790125957,
              -6.25123964
            ],
            [
              106.788909052,
              -6.251058002
            ],
            [
              106.78837783,
              -6.249875935
            ],
            [
              106.788900452,
              -6.248697523
            ],
            [
              106.788569697,
              -6.248364536
            ],
            [
              106.789084263,
              -6.248259452
            ],
            [
              106.788922046,
              -6.247731913
            ],
            [
              106.789192695,
              -6.247356008
            ],
            [
              106.788662741,
              -6.247262535
            ],
            [
              106.788679497,
              -6.246682928
            ],
            [
              106.787689378,
              -6.245115836
            ],
            [
              106.78769423,
              -6.244283911
            ],
            [
              106.786898088,
              -6.244271656
            ],
            [
              106.78676654,
              -6.243518855
            ],
            [
              106.784851172,
              -6.242874141
            ],
            [
              106.784249779,
              -6.242076704
            ],
            [
              106.784142226,
              -6.241532852
            ],
            [
              106.784797305,
              -6.241080461
            ],
            [
              106.785014395,
              -6.239385884
            ],
            [
              106.786351551,
              -6.239510589
            ],
            [
              106.787495344,
              -6.240673247
            ],
            [
              106.789157992,
              -6.241014469
            ],
            [
              106.790123252,
              -6.241784611
            ],
            [
              106.791699978,
              -6.242021189
            ],
            [
              106.792853383,
              -6.241724724
            ],
            [
              106.794094467,
              -6.239952112
            ],
            [
              106.798441065,
              -6.239875611
            ]
          ]
        ]
      }
    },
    {
      "type": "Feature",
      "id": "3c4cdf1a-890f-57d6-8bfb-b930fb244d44",
      "properties": {
        "id": "3c4cdf1a-890f-57d6-8bfb-b930fb244d44",
        "code": "31.74.07.1004",
        "name": "Selong",
        "districtId": "94343e16-57cf-5fab-a88a-19ee76520304",
        "districtName": "Kebayoran Baru",
        "cityId": "6490a979-96ad-5c1d-9c86-556a8c940379",
        "cityName": "Kota Administrasi Jakarta Selatan",
        "cityShortName": "JAKARTA SELATAN"
      },
      "geometry": {
        "type": "Polygon",
        "coordinates": [
          [
            [
              106.81471732,
              -6.233023366
            ],
            [
              106.81198067,
              -6.233080391
            ],
            [
              106.8120009,
              -6.2334334
            ],
            [
              106.8092203,
              -6.2355803
            ],
            [
              106.8075701,
              -6.235602
            ],
            [
              106.807280662,
              -6.239206056
            ],
            [
              106.804834601,
              -6.239865266
            ],
            [
              106.798419684,
              -6.239864713
            ],
            [
              106.798473829,
              -6.231582561
            ],
            [
              106.799495625,
              -6.229240742
            ],
            [
              106.800375078,
              -6.229554453
            ],
            [
              106.801145505,
              -6.229262933
            ],
            [
              106.804375574,
              -6.229489137
            ],
            [
              106.809690985,
              -6.231500566
            ],
            [
              106.809767103,
              -6.230910615
            ],
            [
              106.810195435,
              -6.230910281
            ],
            [
              106.810482744,
              -6.230410704
            ],
            [
              106.813686871,
              -6.229954783
            ],
            [
              106.814658269,
              -6.231283205
            ],
            [
              106.81471732,
              -6.233023366
            ]
          ]
        ]
      }
    },
    {
      "type": "Feature",
      "id": "d27f77dc-95ea-5ccc-8512-6552d4572866",
      "properties": {
        "id": "d27f77dc-95ea-5ccc-8512-6552d4572866",
        "code": "31.74.07.1005",
        "name": "Rawa Barat",
        "districtId": "94343e16-57cf-5fab-a88a-19ee76520304",
        "districtName": "Kebayoran Baru",
        "cityId": "6490a979-96ad-5c1d-9c86-556a8c940379",
        "cityName": "Kota Administrasi Jakarta Selatan",
        "cityShortName": "JAKARTA SELATAN"
      },
      "geometry": {
        "type": "Polygon",
        "coordinates": [
          [
            [
              106.817571561,
              -6.233410392
            ],
            [
              106.817856519,
              -6.235354473
            ],
            [
              106.818570248,
              -6.235943107
            ],
            [
              106.817767,
              -6.238956001
            ],
            [
              106.813933751,
              -6.23871583
            ],
            [
              106.807280662,
              -6.239206056
            ],
            [
              106.8075701,
              -6.235602
            ],
            [
              106.8092203,
              -6.2355803
            ],
            [
              106.8120009,
              -6.2334334
            ],
            [
              106.81198067,
              -6.233080391
            ],
            [
              106.815547905,
              -6.232986909
            ],
            [
              106.817571561,
              -6.233410392
            ]
          ]
        ]
      }
    },
    {
      "type": "Feature",
      "id": "a9eb514b-43a7-5216-ab11-8567c307cd48",
      "properties": {
        "id": "a9eb514b-43a7-5216-ab11-8567c307cd48",
        "code": "31.74.07.1006",
        "name": "Senayan",
        "districtId": "94343e16-57cf-5fab-a88a-19ee76520304",
        "districtName": "Kebayoran Baru",
        "cityId": "6490a979-96ad-5c1d-9c86-556a8c940379",
        "cityName": "Kota Administrasi Jakarta Selatan",
        "cityShortName": "JAKARTA SELATAN"
      },
      "geometry": {
        "type": "Polygon",
        "coordinates": [
          [
            [
              106.817093706,
              -6.226325146
            ],
            [
              106.816684076,
              -6.226699766
            ],
            [
              106.817143994,
              -6.227240583
            ],
            [
              106.816569069,
              -6.227827404
            ],
            [
              106.817286524,
              -6.229663861
            ],
            [
              106.816743756,
              -6.231983566
            ],
            [
              106.817470449,
              -6.23214007
            ],
            [
              106.817801583,
              -6.233097419
            ],
            [
              106.817571561,
              -6.233410392
            ],
            [
              106.81471732,
              -6.233023366
            ],
            [
              106.814658269,
              -6.231283205
            ],
            [
              106.813686871,
              -6.229954783
            ],
            [
              106.810482744,
              -6.230410704
            ],
            [
              106.810195435,
              -6.230910281
            ],
            [
              106.809767103,
              -6.230910615
            ],
            [
              106.809690985,
              -6.231500566
            ],
            [
              106.804375574,
              -6.229489137
            ],
            [
              106.801145505,
              -6.229262933
            ],
            [
              106.800375078,
              -6.229554453
            ],
            [
              106.799465052,
              -6.229224929
            ],
            [
              106.812392739,
              -6.219420869
            ],
            [
              106.817093706,
              -6.226325146
            ]
          ]
        ]
      }
    },
    {
      "type": "Feature",
      "id": "db5d64ac-fcc0-5d42-bd93-0473e6ba6e68",
      "properties": {
        "id": "db5d64ac-fcc0-5d42-bd93-0473e6ba6e68",
        "code": "31.74.07.1007",
        "name": "Pulo",
        "districtId": "94343e16-57cf-5fab-a88a-19ee76520304",
        "districtName": "Kebayoran Baru",
        "cityId": "6490a979-96ad-5c1d-9c86-556a8c940379",
        "cityName": "Kota Administrasi Jakarta Selatan",
        "cityShortName": "JAKARTA SELATAN"
      },
      "geometry": {
        "type": "Polygon",
        "coordinates": [
          [
            [
              106.809488153,
              -6.249150554
            ],
            [
              106.8100649,
              -6.250370677
            ],
            [
              106.810380447,
              -6.250378998
            ],
            [
              106.808967398,
              -6.25231991
            ],
            [
              106.809140167,
              -6.252911239
            ],
            [
              106.808568393,
              -6.253134613
            ],
            [
              106.80831867,
              -6.255726139
            ],
            [
              106.809110442,
              -6.256385369
            ],
            [
              106.808978569,
              -6.256804155
            ],
            [
              106.807951797,
              -6.25671627
            ],
            [
              106.80793276,
              -6.255673489
            ],
            [
              106.807025097,
              -6.256046665
            ],
            [
              106.800585788,
              -6.256283511
            ],
            [
              106.80063596,
              -6.257488289
            ],
            [
              106.798013081,
              -6.257724297
            ],
            [
              106.796936053,
              -6.25780665
            ],
            [
              106.797034532,
              -6.256732334
            ],
            [
              106.794087977,
              -6.256886504
            ],
            [
              106.794000114,
              -6.255800574
            ],
            [
              106.79444717,
              -6.255560207
            ],
            [
              106.794430465,
              -6.254943554
            ],
            [
              106.794967361,
              -6.254446649
            ],
            [
              106.794195386,
              -6.253912278
            ],
            [
              106.794851543,
              -6.252138325
            ],
            [
              106.794103597,
              -6.250681675
            ],
            [
              106.794066625,
              -6.249969312
            ],
            [
              106.795101596,
              -6.250120181
            ],
            [
              106.795929886,
              -6.249571328
            ],
            [
              106.797500546,
              -6.249691512
            ],
            [
              106.797355186,
              -6.253121975
            ],
            [
              106.800969249,
              -6.252475102
            ],
            [
              106.802517076,
              -6.25185425
            ],
            [
              106.803452833,
              -6.250959606
            ],
            [
              106.804308539,
              -6.248873135
            ],
            [
              106.806063175,
              -6.247487053
            ],
            [
              106.807573091,
              -6.24918852
            ],
            [
              106.809213115,
              -6.249765634
            ],
            [
              106.809488153,
              -6.249150554
            ]
          ]
        ]
      }
    },
    {
      "type": "Feature",
      "id": "8a274e92-40d0-5ef4-82c3-47f96a493a9a",
      "properties": {
        "id": "8a274e92-40d0-5ef4-82c3-47f96a493a9a",
        "code": "31.74.07.1008",
        "name": "Petogogan",
        "districtId": "94343e16-57cf-5fab-a88a-19ee76520304",
        "districtName": "Kebayoran Baru",
        "cityId": "6490a979-96ad-5c1d-9c86-556a8c940379",
        "cityName": "Kota Administrasi Jakarta Selatan",
        "cityShortName": "JAKARTA SELATAN"
      },
      "geometry": {
        "type": "Polygon",
        "coordinates": [
          [
            [
              106.817767,
              -6.238956001
            ],
            [
              106.815767,
              -6.24167
            ],
            [
              106.8160265,
              -6.2422649
            ],
            [
              106.815671,
              -6.242342
            ],
            [
              106.815551,
              -6.243246
            ],
            [
              106.815196,
              -6.2428666
            ],
            [
              106.8147483,
              -6.2429921
            ],
            [
              106.81466,
              -6.243926
            ],
            [
              106.8138103,
              -6.2447941
            ],
            [
              106.8138343,
              -6.2455298
            ],
            [
              106.8131528,
              -6.2455944
            ],
            [
              106.8126499,
              -6.2467299
            ],
            [
              106.8121579,
              -6.2467632
            ],
            [
              106.8119301,
              -6.247254
            ],
            [
              106.8115349,
              -6.2471859
            ],
            [
              106.8105821,
              -6.2478833
            ],
            [
              106.809213115,
              -6.249765634
            ],
            [
              106.807035514,
              -6.248777391
            ],
            [
              106.806063175,
              -6.247487053
            ],
            [
              106.8081317,
              -6.2449097
            ],
            [
              106.808227,
              -6.2440072
            ],
            [
              106.8073674,
              -6.2410802
            ],
            [
              106.807280662,
              -6.239206056
            ],
            [
              106.813933751,
              -6.23871583
            ],
            [
              106.817767,
              -6.238956001
            ]
          ]
        ]
      }
    },
    {
      "type": "Feature",
      "id": "0e8f88f1-44d3-5ed8-a63b-c97b4604ab58",
      "properties": {
        "id": "0e8f88f1-44d3-5ed8-a63b-c97b4604ab58",
        "code": "31.74.07.1009",
        "name": "Gandaria Utara",
        "districtId": "94343e16-57cf-5fab-a88a-19ee76520304",
        "districtName": "Kebayoran Baru",
        "cityId": "6490a979-96ad-5c1d-9c86-556a8c940379",
        "cityName": "Kota Administrasi Jakarta Selatan",
        "cityShortName": "JAKARTA SELATAN"
      },
      "geometry": {
        "type": "Polygon",
        "coordinates": [
          [
            [
              106.794066625,
              -6.249969312
            ],
            [
              106.794103597,
              -6.250681675
            ],
            [
              106.794851543,
              -6.252138325
            ],
            [
              106.794195386,
              -6.253912278
            ],
            [
              106.794967361,
              -6.254446649
            ],
            [
              106.794430465,
              -6.254943554
            ],
            [
              106.79444717,
              -6.255560207
            ],
            [
              106.794000114,
              -6.255800574
            ],
            [
              106.794087977,
              -6.256886504
            ],
            [
              106.797034532,
              -6.256732334
            ],
            [
              106.796580485,
              -6.261536733
            ],
            [
              106.797192027,
              -6.263896055
            ],
            [
              106.794484503,
              -6.263603245
            ],
            [
              106.794225745,
              -6.264306626
            ],
            [
              106.785265354,
              -6.262989686
            ],
            [
              106.785185065,
              -6.261447052
            ],
            [
              106.785533892,
              -6.26096437
            ],
            [
              106.784944319,
              -6.260379367
            ],
            [
              106.785350954,
              -6.26004494
            ],
            [
              106.785496495,
              -6.259171553
            ],
            [
              106.784840343,
              -6.258388886
            ],
            [
              106.785117683,
              -6.25727103
            ],
            [
              106.785607131,
              -6.25685039
            ],
            [
              106.78630029,
              -6.256790903
            ],
            [
              106.785828259,
              -6.255255461
            ],
            [
              106.786208194,
              -6.254010756
            ],
            [
              106.787847833,
              -6.253369462
            ],
            [
              106.788909052,
              -6.251058002
            ],
            [
              106.790125957,
              -6.25123964
            ],
            [
              106.790807965,
              -6.248991286
            ],
            [
              106.794066625,
              -6.249969312
            ]
          ]
        ]
      }
    },
    {
      "type": "Feature",
      "id": "aec1ac8c-b1ed-5c40-b3ce-ca74ff1ae9ec",
      "properties": {
        "id": "aec1ac8c-b1ed-5c40-b3ce-ca74ff1ae9ec",
        "code": "31.74.07.1010",
        "name": "Cipete Utara",
        "districtId": "94343e16-57cf-5fab-a88a-19ee76520304",
        "districtName": "Kebayoran Baru",
        "cityId": "6490a979-96ad-5c1d-9c86-556a8c940379",
        "cityName": "Kota Administrasi Jakarta Selatan",
        "cityShortName": "JAKARTA SELATAN"
      },
      "geometry": {
        "type": "Polygon",
        "coordinates": [
          [
            [
              106.808978569,
              -6.256804155
            ],
            [
              106.809502875,
              -6.25883285
            ],
            [
              106.810629738,
              -6.259260531
            ],
            [
              106.810326342,
              -6.259659609
            ],
            [
              106.810438371,
              -6.260115629
            ],
            [
              106.81152686,
              -6.26085789
            ],
            [
              106.811458291,
              -6.261674809
            ],
            [
              106.812031522,
              -6.262367013
            ],
            [
              106.811483683,
              -6.262661412
            ],
            [
              106.811846205,
              -6.263145384
            ],
            [
              106.811702998,
              -6.263480311
            ],
            [
              106.812236101,
              -6.263686298
            ],
            [
              106.812527659,
              -6.264982392
            ],
            [
              106.813319598,
              -6.265831301
            ],
            [
              106.812936731,
              -6.267038636
            ],
            [
              106.810037263,
              -6.266562082
            ],
            [
              106.809957328,
              -6.265968407
            ],
            [
              106.804450956,
              -6.266314022
            ],
            [
              106.804469624,
              -6.266617792
            ],
            [
              106.801866143,
              -6.266935459
            ],
            [
              106.800264387,
              -6.266735141
            ],
            [
              106.800135564,
              -6.265832454
            ],
            [
              106.797380514,
              -6.265712414
            ],
            [
              106.796580485,
              -6.261536733
            ],
            [
              106.796936478,
              -6.257806618
            ],
            [
              106.80063596,
              -6.257488289
            ],
            [
              106.800585788,
              -6.256283511
            ],
            [
              106.807025097,
              -6.256046665
            ],
            [
              106.80793276,
              -6.255673489
            ],
            [
              106.807951797,
              -6.25671627
            ],
            [
              106.808978569,
              -6.256804155
            ]
          ]
        ]
      }
    },
    {
      "type": "Feature",
      "id": "b434a580-09c8-5a87-b5bf-8e5cf984a693",
      "properties": {
        "id": "b434a580-09c8-5a87-b5bf-8e5cf984a693",
        "code": "31.74.08.1001",
        "name": "Pancoran",
        "districtId": "5bbcd6ef-0563-57c2-b2f3-b55675896fad",
        "districtName": "Pancoran",
        "cityId": "6490a979-96ad-5c1d-9c86-556a8c940379",
        "cityName": "Kota Administrasi Jakarta Selatan",
        "cityShortName": "JAKARTA SELATAN"
      },
      "geometry": {
        "type": "Polygon",
        "coordinates": [
          [
            [
              106.84352015,
              -6.243308261
            ],
            [
              106.846962039,
              -6.243459573
            ],
            [
              106.846646339,
              -6.250665033
            ],
            [
              106.845910975,
              -6.250606799
            ],
            [
              106.845893467,
              -6.251986561
            ],
            [
              106.842620122,
              -6.251940913
            ],
            [
              106.842502044,
              -6.253543115
            ],
            [
              106.837638964,
              -6.253389457
            ],
            [
              106.83728345,
              -6.251831786
            ],
            [
              106.83572748,
              -6.25180098
            ],
            [
              106.835761533,
              -6.250469446
            ],
            [
              106.835203772,
              -6.248739481
            ],
            [
              106.83553909,
              -6.246047609
            ],
            [
              106.835178561,
              -6.24138889
            ],
            [
              106.834629798,
              -6.241227385
            ],
            [
              106.834657443,
              -6.24089555
            ],
            [
              106.840963533,
              -6.242393268
            ],
            [
              106.84352015,
              -6.243308261
            ]
          ]
        ]
      }
    },
    {
      "type": "Feature",
      "id": "6f630d79-ccb8-55e7-a4d5-7b545f9ea2fb",
      "properties": {
        "id": "6f630d79-ccb8-55e7-a4d5-7b545f9ea2fb",
        "code": "31.74.08.1002",
        "name": "Kalibata",
        "districtId": "5bbcd6ef-0563-57c2-b2f3-b55675896fad",
        "districtName": "Pancoran",
        "cityId": "6490a979-96ad-5c1d-9c86-556a8c940379",
        "cityName": "Kota Administrasi Jakarta Selatan",
        "cityShortName": "JAKARTA SELATAN"
      },
      "geometry": {
        "type": "Polygon",
        "coordinates": [
          [
            [
              106.849558221,
              -6.255651351
            ],
            [
              106.849338225,
              -6.258893727
            ],
            [
              106.851403335,
              -6.258904821
            ],
            [
              106.851503889,
              -6.261215438
            ],
            [
              106.852358291,
              -6.261535693
            ],
            [
              106.852094098,
              -6.262146075
            ],
            [
              106.843236488,
              -6.26258831
            ],
            [
              106.843354488,
              -6.26416547
            ],
            [
              106.844127679,
              -6.265983415
            ],
            [
              106.834859136,
              -6.265986633
            ],
            [
              106.834955044,
              -6.26840614
            ],
            [
              106.832110211,
              -6.268351904
            ],
            [
              106.832862429,
              -6.268989168
            ],
            [
              106.83249907,
              -6.269319259
            ],
            [
              106.832683856,
              -6.26982804
            ],
            [
              106.832115881,
              -6.271051607
            ],
            [
              106.832411038,
              -6.271282419
            ],
            [
              106.83242097,
              -6.272488607
            ],
            [
              106.832108453,
              -6.272669786
            ],
            [
              106.832486707,
              -6.273588075
            ],
            [
              106.83231185,
              -6.274032331
            ],
            [
              106.832633053,
              -6.274421982
            ],
            [
              106.830724458,
              -6.274886106
            ],
            [
              106.82870584,
              -6.27493326
            ],
            [
              106.8291408,
              -6.274247065
            ],
            [
              106.828609935,
              -6.271957187
            ],
            [
              106.829156928,
              -6.269487849
            ],
            [
              106.82780468,
              -6.265683348
            ],
            [
              106.826640505,
              -6.265580041
            ],
            [
              106.826315898,
              -6.264951939
            ],
            [
              106.825917488,
              -6.261822188
            ],
            [
              106.827041134,
              -6.261623949
            ],
            [
              106.826978673,
              -6.261159954
            ],
            [
              106.834892761,
              -6.260791207
            ],
            [
              106.834924322,
              -6.258914508
            ],
            [
              106.843439205,
              -6.258641673
            ],
            [
              106.843042992,
              -6.255549817
            ],
            [
              106.849558221,
              -6.255651351
            ]
          ]
        ]
      }
    },
    {
      "type": "Feature",
      "id": "32a0776b-67d7-510e-8c92-d5934d1db155",
      "properties": {
        "id": "32a0776b-67d7-510e-8c92-d5934d1db155",
        "code": "31.74.08.1003",
        "name": "Rawajati",
        "districtId": "5bbcd6ef-0563-57c2-b2f3-b55675896fad",
        "districtName": "Pancoran",
        "cityId": "6490a979-96ad-5c1d-9c86-556a8c940379",
        "cityName": "Kota Administrasi Jakarta Selatan",
        "cityShortName": "JAKARTA SELATAN"
      },
      "geometry": {
        "type": "Polygon",
        "coordinates": [
          [
            [
              106.860094454,
              -6.25101563
            ],
            [
              106.858032926,
              -6.252509041
            ],
            [
              106.857544741,
              -6.254378227
            ],
            [
              106.857889697,
              -6.255277886
            ],
            [
              106.859619985,
              -6.254401373
            ],
            [
              106.860404757,
              -6.254676658
            ],
            [
              106.8607497,
              -6.25528547
            ],
            [
              106.859327538,
              -6.25675529
            ],
            [
              106.859420562,
              -6.257022862
            ],
            [
              106.860308027,
              -6.257150779
            ],
            [
              106.86048632,
              -6.257581217
            ],
            [
              106.859217454,
              -6.262828124
            ],
            [
              106.856884476,
              -6.262858787
            ],
            [
              106.855403174,
              -6.261797867
            ],
            [
              106.854734786,
              -6.261915264
            ],
            [
              106.854266128,
              -6.262321589
            ],
            [
              106.854518713,
              -6.262739972
            ],
            [
              106.85716959,
              -6.263939732
            ],
            [
              106.85693458,
              -6.264242586
            ],
            [
              106.854033714,
              -6.26484376
            ],
            [
              106.854033714,
              -6.265338254
            ],
            [
              106.855256261,
              -6.266071571
            ],
            [
              106.85545316,
              -6.266690852
            ],
            [
              106.850019419,
              -6.266824134
            ],
            [
              106.852358291,
              -6.261535693
            ],
            [
              106.851503889,
              -6.261215438
            ],
            [
              106.851403335,
              -6.258904821
            ],
            [
              106.849305666,
              -6.258805652
            ],
            [
              106.849645296,
              -6.252322489
            ],
            [
              106.849990064,
              -6.251740168
            ],
            [
              106.860094454,
              -6.25101563
            ]
          ]
        ]
      }
    },
    {
      "type": "Feature",
      "id": "72ee9b87-774b-54e8-86df-dfcb7406887f",
      "properties": {
        "id": "72ee9b87-774b-54e8-86df-dfcb7406887f",
        "code": "31.74.08.1004",
        "name": "Duren Tiga",
        "districtId": "5bbcd6ef-0563-57c2-b2f3-b55675896fad",
        "districtName": "Pancoran",
        "cityId": "6490a979-96ad-5c1d-9c86-556a8c940379",
        "cityName": "Kota Administrasi Jakarta Selatan",
        "cityShortName": "JAKARTA SELATAN"
      },
      "geometry": {
        "type": "Polygon",
        "coordinates": [
          [
            [
              106.849990064,
              -6.251740168
            ],
            [
              106.849645296,
              -6.252322489
            ],
            [
              106.849558221,
              -6.255651351
            ],
            [
              106.843042992,
              -6.255549817
            ],
            [
              106.843439205,
              -6.258641673
            ],
            [
              106.834924322,
              -6.258914508
            ],
            [
              106.834892761,
              -6.260791207
            ],
            [
              106.826978673,
              -6.261159954
            ],
            [
              106.827041134,
              -6.261623949
            ],
            [
              106.825917488,
              -6.261822188
            ],
            [
              106.825779468,
              -6.261125295
            ],
            [
              106.824568846,
              -6.260395854
            ],
            [
              106.824956711,
              -6.259744301
            ],
            [
              106.826110364,
              -6.259713286
            ],
            [
              106.826345605,
              -6.259332619
            ],
            [
              106.826275384,
              -6.258724798
            ],
            [
              106.824798787,
              -6.258079752
            ],
            [
              106.824719323,
              -6.255908495
            ],
            [
              106.825284627,
              -6.254758605
            ],
            [
              106.824276598,
              -6.254535564
            ],
            [
              106.823851777,
              -6.253847699
            ],
            [
              106.823370372,
              -6.253962086
            ],
            [
              106.823006839,
              -6.253195737
            ],
            [
              106.827056283,
              -6.252876323
            ],
            [
              106.826997394,
              -6.252389704
            ],
            [
              106.836637028,
              -6.251750448
            ],
            [
              106.83728345,
              -6.251831786
            ],
            [
              106.837549064,
              -6.252254973
            ],
            [
              106.837638964,
              -6.253389457
            ],
            [
              106.842502044,
              -6.253543115
            ],
            [
              106.842620122,
              -6.251940913
            ],
            [
              106.845893467,
              -6.251986561
            ],
            [
              106.845910975,
              -6.250606799
            ],
            [
              106.847924923,
              -6.250582344
            ],
            [
              106.847965911,
              -6.251836993
            ],
            [
              106.849990064,
              -6.251740168
            ]
          ]
        ]
      }
    },
    {
      "type": "Feature",
      "id": "6d553533-9cc7-5707-9949-d93d86817c32",
      "properties": {
        "id": "6d553533-9cc7-5707-9949-d93d86817c32",
        "code": "31.74.08.1005",
        "name": "Pengadegan",
        "districtId": "5bbcd6ef-0563-57c2-b2f3-b55675896fad",
        "districtName": "Pancoran",
        "cityId": "6490a979-96ad-5c1d-9c86-556a8c940379",
        "cityName": "Kota Administrasi Jakarta Selatan",
        "cityShortName": "JAKARTA SELATAN"
      },
      "geometry": {
        "type": "Polygon",
        "coordinates": [
          [
            [
              106.859018477,
              -6.246344001
            ],
            [
              106.862074212,
              -6.246414343
            ],
            [
              106.864032471,
              -6.249340704
            ],
            [
              106.86217224,
              -6.250608997
            ],
            [
              106.862877792,
              -6.253032827
            ],
            [
              106.8625096,
              -6.253748289
            ],
            [
              106.861500545,
              -6.254049844
            ],
            [
              106.861055778,
              -6.253889557
            ],
            [
              106.86077828,
              -6.251953824
            ],
            [
              106.860252166,
              -6.250996748
            ],
            [
              106.848002306,
              -6.251846491
            ],
            [
              106.847924923,
              -6.250582344
            ],
            [
              106.846646325,
              -6.250663592
            ],
            [
              106.846842538,
              -6.24729571
            ],
            [
              106.859018477,
              -6.246344001
            ]
          ]
        ]
      }
    },
    {
      "type": "Feature",
      "id": "ba845c46-8f1f-5091-9e8f-c1e8897660a1",
      "properties": {
        "id": "ba845c46-8f1f-5091-9e8f-c1e8897660a1",
        "code": "31.74.08.1006",
        "name": "Cikoko",
        "districtId": "5bbcd6ef-0563-57c2-b2f3-b55675896fad",
        "districtName": "Pancoran",
        "cityId": "6490a979-96ad-5c1d-9c86-556a8c940379",
        "cityName": "Kota Administrasi Jakarta Selatan",
        "cityShortName": "JAKARTA SELATAN"
      },
      "geometry": {
        "type": "Polygon",
        "coordinates": [
          [
            [
              106.862074212,
              -6.246414343
            ],
            [
              106.858686708,
              -6.246351198
            ],
            [
              106.846842538,
              -6.24729571
            ],
            [
              106.846962039,
              -6.243459573
            ],
            [
              106.862537955,
              -6.243114825
            ],
            [
              106.862074212,
              -6.246414343
            ]
          ]
        ]
      }
    },
    {
      "type": "Feature",
      "id": "6390f7bb-ffa6-5fcb-a3f8-a91015ba0abf",
      "properties": {
        "id": "6390f7bb-ffa6-5fcb-a3f8-a91015ba0abf",
        "code": "31.74.09.1001",
        "name": "Jagakarsa",
        "districtId": "88ff178d-384e-5035-b319-28f7303da873",
        "districtName": "Jagakarsa",
        "cityId": "6490a979-96ad-5c1d-9c86-556a8c940379",
        "cityName": "Kota Administrasi Jakarta Selatan",
        "cityShortName": "JAKARTA SELATAN"
      },
      "geometry": {
        "type": "Polygon",
        "coordinates": [
          [
            [
              106.82480414,
              -6.317819716
            ],
            [
              106.825386481,
              -6.320055838
            ],
            [
              106.825284459,
              -6.321506558
            ],
            [
              106.829142804,
              -6.322037816
            ],
            [
              106.829375344,
              -6.32121084
            ],
            [
              106.831969277,
              -6.321449788
            ],
            [
              106.831287929,
              -6.322758046
            ],
            [
              106.830644447,
              -6.322808338
            ],
            [
              106.830281897,
              -6.3237923
            ],
            [
              106.829289096,
              -6.327703603
            ],
            [
              106.829068715,
              -6.330107564
            ],
            [
              106.828647102,
              -6.33076775
            ],
            [
              106.830473822,
              -6.33124095
            ],
            [
              106.834581212,
              -6.331126022
            ],
            [
              106.834871673,
              -6.331861178
            ],
            [
              106.831272801,
              -6.335749583
            ],
            [
              106.830421434,
              -6.336248422
            ],
            [
              106.829652453,
              -6.336239494
            ],
            [
              106.828530802,
              -6.335545971
            ],
            [
              106.826320689,
              -6.335893757
            ],
            [
              106.825566147,
              -6.336103326
            ],
            [
              106.823852533,
              -6.337585418
            ],
            [
              106.82252515,
              -6.33694723
            ],
            [
              106.822054367,
              -6.3378989
            ],
            [
              106.818657343,
              -6.336529797
            ],
            [
              106.818353862,
              -6.337222663
            ],
            [
              106.815323462,
              -6.336025909
            ],
            [
              106.815406657,
              -6.335683478
            ],
            [
              106.814754971,
              -6.335529994
            ],
            [
              106.814547519,
              -6.336899413
            ],
            [
              106.813001045,
              -6.336687804
            ],
            [
              106.813305688,
              -6.333333337
            ],
            [
              106.814024586,
              -6.330932713
            ],
            [
              106.813291823,
              -6.32916667
            ],
            [
              106.813773327,
              -6.328130702
            ],
            [
              106.813738025,
              -6.327141423
            ],
            [
              106.810808577,
              -6.327025109
            ],
            [
              106.809793943,
              -6.327635193
            ],
            [
              106.809881076,
              -6.326695112
            ],
            [
              106.808778536,
              -6.326396784
            ],
            [
              106.808377602,
              -6.325777158
            ],
            [
              106.807867978,
              -6.323481802
            ],
            [
              106.808205893,
              -6.32275118
            ],
            [
              106.807889117,
              -6.321638099
            ],
            [
              106.80810061,
              -6.321438402
            ],
            [
              106.807370752,
              -6.320909196
            ],
            [
              106.807565898,
              -6.319996515
            ],
            [
              106.807298083,
              -6.319474128
            ],
            [
              106.808154986,
              -6.318841183
            ],
            [
              106.807789868,
              -6.31840954
            ],
            [
              106.807715428,
              -6.317570627
            ],
            [
              106.808789231,
              -6.316709497
            ],
            [
              106.808562899,
              -6.31618572
            ],
            [
              106.809100211,
              -6.3160259
            ],
            [
              106.809249953,
              -6.314935115
            ],
            [
              106.808975349,
              -6.314036596
            ],
            [
              106.80793285,
              -6.313265753
            ],
            [
              106.808398259,
              -6.312604253
            ],
            [
              106.80792889,
              -6.311091738
            ],
            [
              106.809163156,
              -6.311689053
            ],
            [
              106.809647085,
              -6.310959697
            ],
            [
              106.810284534,
              -6.310797709
            ],
            [
              106.816134555,
              -6.310649995
            ],
            [
              106.816279758,
              -6.315984954
            ],
            [
              106.816541473,
              -6.316060716
            ],
            [
              106.81636195,
              -6.316849262
            ],
            [
              106.820994607,
              -6.317545159
            ],
            [
              106.823587422,
              -6.317403966
            ],
            [
              106.823646076,
              -6.317748763
            ],
            [
              106.82480414,
              -6.317819716
            ]
          ]
        ]
      }
    },
    {
      "type": "Feature",
      "id": "4dbab9f5-0118-551c-bc25-5b98a51c48dd",
      "properties": {
        "id": "4dbab9f5-0118-551c-bc25-5b98a51c48dd",
        "code": "31.74.09.1002",
        "name": "Srengseng Sawah",
        "districtId": "88ff178d-384e-5035-b319-28f7303da873",
        "districtName": "Jagakarsa",
        "cityId": "6490a979-96ad-5c1d-9c86-556a8c940379",
        "cityName": "Kota Administrasi Jakarta Selatan",
        "cityShortName": "JAKARTA SELATAN"
      },
      "geometry": {
        "type": "Polygon",
        "coordinates": [
          [
            [
              106.835510758,
              -6.343982759
            ],
            [
              106.835670894,
              -6.344555855
            ],
            [
              106.836619138,
              -6.34477378
            ],
            [
              106.837634038,
              -6.343559093
            ],
            [
              106.838679141,
              -6.343277284
            ],
            [
              106.839598056,
              -6.343653795
            ],
            [
              106.839791303,
              -6.344206321
            ],
            [
              106.839215631,
              -6.346223851
            ],
            [
              106.837890113,
              -6.346659165
            ],
            [
              106.837655543,
              -6.347096587
            ],
            [
              106.838122186,
              -6.348045858
            ],
            [
              106.838051834,
              -6.349278127
            ],
            [
              106.839072387,
              -6.35049755
            ],
            [
              106.839297672,
              -6.351654009
            ],
            [
              106.838677462,
              -6.352071869
            ],
            [
              106.835511586,
              -6.351897708
            ],
            [
              106.835933782,
              -6.352954791
            ],
            [
              106.835827465,
              -6.354160275
            ],
            [
              106.836290654,
              -6.355077423
            ],
            [
              106.829077425,
              -6.355662179
            ],
            [
              106.828111944,
              -6.356026389
            ],
            [
              106.82407,
              -6.355646
            ],
            [
              106.823924532,
              -6.356103493
            ],
            [
              106.821563049,
              -6.355619923
            ],
            [
              106.821007,
              -6.356187
            ],
            [
              106.820248732,
              -6.355854808
            ],
            [
              106.819807921,
              -6.356098549
            ],
            [
              106.819342531,
              -6.355699508
            ],
            [
              106.818389194,
              -6.356591
            ],
            [
              106.815981392,
              -6.356112031
            ],
            [
              106.8154331,
              -6.356960053
            ],
            [
              106.815038247,
              -6.359428497
            ],
            [
              106.813587251,
              -6.359047832
            ],
            [
              106.813561261,
              -6.360160343
            ],
            [
              106.812610556,
              -6.3607375
            ],
            [
              106.812477995,
              -6.361509814
            ],
            [
              106.811767224,
              -6.362538006
            ],
            [
              106.811201176,
              -6.36221703
            ],
            [
              106.811360639,
              -6.362515509
            ],
            [
              106.810535058,
              -6.363194229
            ],
            [
              106.810358442,
              -6.363972347
            ],
            [
              106.807195278,
              -6.363727778
            ],
            [
              106.807013129,
              -6.362313203
            ],
            [
              106.807671144,
              -6.359049645
            ],
            [
              106.810774229,
              -6.354262049
            ],
            [
              106.813774454,
              -6.347381654
            ],
            [
              106.817127878,
              -6.343354187
            ],
            [
              106.819019487,
              -6.341945824
            ],
            [
              106.821049219,
              -6.339605257
            ],
            [
              106.825566147,
              -6.336103326
            ],
            [
              106.828530802,
              -6.335545971
            ],
            [
              106.829731093,
              -6.336265891
            ],
            [
              106.830838775,
              -6.336136215
            ],
            [
              106.834871673,
              -6.331861178
            ],
            [
              106.834581212,
              -6.331126022
            ],
            [
              106.834946295,
              -6.330995704
            ],
            [
              106.835357355,
              -6.3324015
            ],
            [
              106.835423412,
              -6.334271149
            ],
            [
              106.833329987,
              -6.344002443
            ],
            [
              106.83473855,
              -6.34451524
            ],
            [
              106.835443454,
              -6.344299211
            ],
            [
              106.835510758,
              -6.343982759
            ]
          ]
        ]
      }
    },
    {
      "type": "Feature",
      "id": "b5727482-5637-5ff6-9051-913f375ed09a",
      "properties": {
        "id": "b5727482-5637-5ff6-9051-913f375ed09a",
        "code": "31.74.09.1003",
        "name": "Ciganjur",
        "districtId": "88ff178d-384e-5035-b319-28f7303da873",
        "districtName": "Jagakarsa",
        "cityId": "6490a979-96ad-5c1d-9c86-556a8c940379",
        "cityName": "Kota Administrasi Jakarta Selatan",
        "cityShortName": "JAKARTA SELATAN"
      },
      "geometry": {
        "type": "Polygon",
        "coordinates": [
          [
            [
              106.823852533,
              -6.337585418
            ],
            [
              106.820917231,
              -6.3397212
            ],
            [
              106.815621727,
              -6.345178421
            ],
            [
              106.813878123,
              -6.344339433
            ],
            [
              106.812325835,
              -6.344024168
            ],
            [
              106.811491,
              -6.346025242
            ],
            [
              106.808841326,
              -6.344997252
            ],
            [
              106.80600958,
              -6.345078769
            ],
            [
              106.803968018,
              -6.344673296
            ],
            [
              106.803991028,
              -6.344409561
            ],
            [
              106.79896016,
              -6.343809504
            ],
            [
              106.798955194,
              -6.343300678
            ],
            [
              106.799465547,
              -6.343083597
            ],
            [
              106.799298473,
              -6.34267942
            ],
            [
              106.799815026,
              -6.342002422
            ],
            [
              106.799593603,
              -6.341350004
            ],
            [
              106.800171761,
              -6.340937152
            ],
            [
              106.799805533,
              -6.339519262
            ],
            [
              106.798693927,
              -6.338217471
            ],
            [
              106.799083559,
              -6.333114923
            ],
            [
              106.800992622,
              -6.333629306
            ],
            [
              106.801796439,
              -6.333408991
            ],
            [
              106.801860102,
              -6.332284335
            ],
            [
              106.801286773,
              -6.331657747
            ],
            [
              106.802284468,
              -6.331136136
            ],
            [
              106.803607677,
              -6.329761134
            ],
            [
              106.803385058,
              -6.327787214
            ],
            [
              106.804230667,
              -6.326850003
            ],
            [
              106.804098841,
              -6.325205413
            ],
            [
              106.804509947,
              -6.325049427
            ],
            [
              106.8050142,
              -6.323650669
            ],
            [
              106.806356445,
              -6.323729736
            ],
            [
              106.805964005,
              -6.322834954
            ],
            [
              106.807196492,
              -6.322516753
            ],
            [
              106.807258793,
              -6.322036643
            ],
            [
              106.806464987,
              -6.321392824
            ],
            [
              106.807361701,
              -6.320876741
            ],
            [
              106.80810061,
              -6.321438402
            ],
            [
              106.807889117,
              -6.321638099
            ],
            [
              106.808205893,
              -6.32275118
            ],
            [
              106.807867978,
              -6.323481802
            ],
            [
              106.808377602,
              -6.325777158
            ],
            [
              106.808778536,
              -6.326396784
            ],
            [
              106.809925692,
              -6.326754103
            ],
            [
              106.809732448,
              -6.327602113
            ],
            [
              106.810808577,
              -6.327025109
            ],
            [
              106.813738025,
              -6.327141423
            ],
            [
              106.813773327,
              -6.328130702
            ],
            [
              106.813291823,
              -6.32916667
            ],
            [
              106.814024586,
              -6.330932713
            ],
            [
              106.813305688,
              -6.333333337
            ],
            [
              106.813001045,
              -6.336687804
            ],
            [
              106.814547519,
              -6.336899413
            ],
            [
              106.814754971,
              -6.335529994
            ],
            [
              106.815406657,
              -6.335683478
            ],
            [
              106.815323462,
              -6.336025909
            ],
            [
              106.818353862,
              -6.337222663
            ],
            [
              106.818657343,
              -6.336529797
            ],
            [
              106.822054367,
              -6.3378989
            ],
            [
              106.82252515,
              -6.33694723
            ],
            [
              106.823852533,
              -6.337585418
            ]
          ]
        ]
      }
    },
    {
      "type": "Feature",
      "id": "62f40bd0-c537-5ebf-88c0-8d21b64bd3de",
      "properties": {
        "id": "62f40bd0-c537-5ebf-88c0-8d21b64bd3de",
        "code": "31.74.09.1004",
        "name": "Lenteng Agung",
        "districtId": "88ff178d-384e-5035-b319-28f7303da873",
        "districtName": "Jagakarsa",
        "cityId": "6490a979-96ad-5c1d-9c86-556a8c940379",
        "cityName": "Kota Administrasi Jakarta Selatan",
        "cityShortName": "JAKARTA SELATAN"
      },
      "geometry": {
        "type": "Polygon",
        "coordinates": [
          [
            [
              106.839783835,
              -6.303019128
            ],
            [
              106.838273976,
              -6.311942399
            ],
            [
              106.839637383,
              -6.312288315
            ],
            [
              106.84075504,
              -6.313902617
            ],
            [
              106.841284616,
              -6.313938109
            ],
            [
              106.841998926,
              -6.314833105
            ],
            [
              106.842694907,
              -6.314710077
            ],
            [
              106.84354298,
              -6.316110085
            ],
            [
              106.844286236,
              -6.316648651
            ],
            [
              106.843863456,
              -6.318387516
            ],
            [
              106.84349642,
              -6.318509852
            ],
            [
              106.842316123,
              -6.317991802
            ],
            [
              106.840077918,
              -6.318553118
            ],
            [
              106.838679343,
              -6.320113048
            ],
            [
              106.838305123,
              -6.320976531
            ],
            [
              106.839183158,
              -6.321674487
            ],
            [
              106.840658512,
              -6.321264303
            ],
            [
              106.840960786,
              -6.32148736
            ],
            [
              106.840154749,
              -6.32207742
            ],
            [
              106.840054009,
              -6.322761006
            ],
            [
              106.84197755,
              -6.324178016
            ],
            [
              106.843172308,
              -6.326437407
            ],
            [
              106.842984225,
              -6.327091735
            ],
            [
              106.842221363,
              -6.327688993
            ],
            [
              106.841307324,
              -6.326775174
            ],
            [
              106.840227843,
              -6.329437581
            ],
            [
              106.841920136,
              -6.330941769
            ],
            [
              106.843474711,
              -6.331589331
            ],
            [
              106.842438357,
              -6.332222575
            ],
            [
              106.840185683,
              -6.332186656
            ],
            [
              106.839854634,
              -6.33283427
            ],
            [
              106.839686841,
              -6.335087205
            ],
            [
              106.840441523,
              -6.336240752
            ],
            [
              106.840359619,
              -6.338429967
            ],
            [
              106.839260538,
              -6.340344692
            ],
            [
              106.839465685,
              -6.340882224
            ],
            [
              106.840634711,
              -6.340991707
            ],
            [
              106.840872581,
              -6.342327541
            ],
            [
              106.840449103,
              -6.342592195
            ],
            [
              106.839632849,
              -6.342508373
            ],
            [
              106.838409014,
              -6.341271726
            ],
            [
              106.838041369,
              -6.34126705
            ],
            [
              106.836819026,
              -6.342138582
            ],
            [
              106.835443454,
              -6.344299211
            ],
            [
              106.83473855,
              -6.34451524
            ],
            [
              106.833329987,
              -6.344002443
            ],
            [
              106.835423412,
              -6.334271149
            ],
            [
              106.835357355,
              -6.3324015
            ],
            [
              106.834946295,
              -6.330995704
            ],
            [
              106.830473822,
              -6.33124095
            ],
            [
              106.828647102,
              -6.33076775
            ],
            [
              106.829068715,
              -6.330107564
            ],
            [
              106.829289096,
              -6.327703603
            ],
            [
              106.830644447,
              -6.322808338
            ],
            [
              106.831326343,
              -6.322714409
            ],
            [
              106.833854798,
              -6.318382933
            ],
            [
              106.834211062,
              -6.318096764
            ],
            [
              106.835215486,
              -6.318382584
            ],
            [
              106.835884043,
              -6.31629188
            ],
            [
              106.837320824,
              -6.305596683
            ],
            [
              106.837158032,
              -6.303253714
            ],
            [
              106.8366126,
              -6.301765946
            ],
            [
              106.839783835,
              -6.303019128
            ]
          ]
        ]
      }
    },
    {
      "type": "Feature",
      "id": "f3685e76-5049-57dc-a8ea-cc9945e1067a",
      "properties": {
        "id": "f3685e76-5049-57dc-a8ea-cc9945e1067a",
        "code": "31.74.09.1005",
        "name": "Tanjung Barat",
        "districtId": "88ff178d-384e-5035-b319-28f7303da873",
        "districtName": "Jagakarsa",
        "cityId": "6490a979-96ad-5c1d-9c86-556a8c940379",
        "cityName": "Kota Administrasi Jakarta Selatan",
        "cityShortName": "JAKARTA SELATAN"
      },
      "geometry": {
        "type": "Polygon",
        "coordinates": [
          [
            [
              106.852104509,
              -6.29791066
            ],
            [
              106.85198038,
              -6.299224343
            ],
            [
              106.851480425,
              -6.299352338
            ],
            [
              106.849916567,
              -6.298728061
            ],
            [
              106.849598773,
              -6.298968506
            ],
            [
              106.849775143,
              -6.299619988
            ],
            [
              106.851587086,
              -6.301105152
            ],
            [
              106.852023092,
              -6.300950014
            ],
            [
              106.852495877,
              -6.299922344
            ],
            [
              106.854420125,
              -6.299468533
            ],
            [
              106.854854208,
              -6.299631384
            ],
            [
              106.855044205,
              -6.301333779
            ],
            [
              106.854429969,
              -6.302512697
            ],
            [
              106.854627659,
              -6.303082741
            ],
            [
              106.858517058,
              -6.305440298
            ],
            [
              106.85851514,
              -6.305785433
            ],
            [
              106.857402845,
              -6.306398209
            ],
            [
              106.85770911,
              -6.307860165
            ],
            [
              106.856829441,
              -6.310024092
            ],
            [
              106.85726744,
              -6.310741481
            ],
            [
              106.8581201,
              -6.31065224
            ],
            [
              106.858327485,
              -6.31120677
            ],
            [
              106.855998278,
              -6.313467725
            ],
            [
              106.855002226,
              -6.313867204
            ],
            [
              106.85464364,
              -6.312381981
            ],
            [
              106.852841345,
              -6.311017045
            ],
            [
              106.852438268,
              -6.311051965
            ],
            [
              106.852227113,
              -6.312630287
            ],
            [
              106.851235007,
              -6.314627458
            ],
            [
              106.85178781,
              -6.315984157
            ],
            [
              106.849510404,
              -6.317512701
            ],
            [
              106.849371118,
              -6.318774238
            ],
            [
              106.849073586,
              -6.318838239
            ],
            [
              106.848067136,
              -6.318293064
            ],
            [
              106.846990163,
              -6.318237072
            ],
            [
              106.846805743,
              -6.31792528
            ],
            [
              106.848533951,
              -6.317094719
            ],
            [
              106.848926352,
              -6.315868068
            ],
            [
              106.848699236,
              -6.315279837
            ],
            [
              106.848075666,
              -6.315152653
            ],
            [
              106.847307197,
              -6.315543059
            ],
            [
              106.846167482,
              -6.31701832
            ],
            [
              106.84428325,
              -6.316646489
            ],
            [
              106.84354298,
              -6.316110085
            ],
            [
              106.842694907,
              -6.314710077
            ],
            [
              106.841998926,
              -6.314833105
            ],
            [
              106.841284616,
              -6.313938109
            ],
            [
              106.84075504,
              -6.313902617
            ],
            [
              106.839637383,
              -6.312288315
            ],
            [
              106.838273976,
              -6.311942399
            ],
            [
              106.840834506,
              -6.295284396
            ],
            [
              106.843686691,
              -6.296092374
            ],
            [
              106.844829192,
              -6.296917842
            ],
            [
              106.848992174,
              -6.29774689
            ],
            [
              106.852104509,
              -6.29791066
            ]
          ]
        ]
      }
    },
    {
      "type": "Feature",
      "id": "0a2b9078-3e31-53c6-bb80-63cf37d443a6",
      "properties": {
        "id": "0a2b9078-3e31-53c6-bb80-63cf37d443a6",
        "code": "31.74.09.1006",
        "name": "Cipedak",
        "districtId": "88ff178d-384e-5035-b319-28f7303da873",
        "districtName": "Jagakarsa",
        "cityId": "6490a979-96ad-5c1d-9c86-556a8c940379",
        "cityName": "Kota Administrasi Jakarta Selatan",
        "cityShortName": "JAKARTA SELATAN"
      },
      "geometry": {
        "type": "Polygon",
        "coordinates": [
          [
            [
              106.815621727,
              -6.345178421
            ],
            [
              106.813774454,
              -6.347381654
            ],
            [
              106.810774229,
              -6.354262049
            ],
            [
              106.807671144,
              -6.359049645
            ],
            [
              106.807013129,
              -6.362313203
            ],
            [
              106.807112738,
              -6.3635146
            ],
            [
              106.803312004,
              -6.363602266
            ],
            [
              106.80071725,
              -6.36438284
            ],
            [
              106.800769105,
              -6.364681699
            ],
            [
              106.800347863,
              -6.364742976
            ],
            [
              106.800233156,
              -6.364420413
            ],
            [
              106.794577963,
              -6.364594416
            ],
            [
              106.79437825,
              -6.364182603
            ],
            [
              106.793807533,
              -6.364305205
            ],
            [
              106.793712431,
              -6.363837835
            ],
            [
              106.792975044,
              -6.363357153
            ],
            [
              106.793140199,
              -6.362713642
            ],
            [
              106.793680255,
              -6.362436649
            ],
            [
              106.79363334,
              -6.360113265
            ],
            [
              106.79248828,
              -6.359175259
            ],
            [
              106.79250236,
              -6.358062777
            ],
            [
              106.792973718,
              -6.357800977
            ],
            [
              106.793219845,
              -6.356874801
            ],
            [
              106.793092776,
              -6.35506733
            ],
            [
              106.794023074,
              -6.354412195
            ],
            [
              106.793800575,
              -6.354033184
            ],
            [
              106.793253254,
              -6.353936399
            ],
            [
              106.793283647,
              -6.353218595
            ],
            [
              106.792491561,
              -6.352354121
            ],
            [
              106.793062582,
              -6.351526789
            ],
            [
              106.793779195,
              -6.351421315
            ],
            [
              106.794036722,
              -6.350965226
            ],
            [
              106.793507586,
              -6.349668034
            ],
            [
              106.793014375,
              -6.349543819
            ],
            [
              106.792407619,
              -6.348382418
            ],
            [
              106.79428213,
              -6.34655507
            ],
            [
              106.795509558,
              -6.345956822
            ],
            [
              106.796228201,
              -6.346585382
            ],
            [
              106.796689595,
              -6.346533298
            ],
            [
              106.797306814,
              -6.345738482
            ],
            [
              106.797421419,
              -6.344893905
            ],
            [
              106.798221822,
              -6.344711703
            ],
            [
              106.798303987,
              -6.344271829
            ],
            [
              106.799253826,
              -6.343718135
            ],
            [
              106.803991028,
              -6.344409561
            ],
            [
              106.803968018,
              -6.344673296
            ],
            [
              106.80600958,
              -6.345078769
            ],
            [
              106.808841326,
              -6.344997252
            ],
            [
              106.811491,
              -6.346025242
            ],
            [
              106.812325835,
              -6.344024168
            ],
            [
              106.813878123,
              -6.344339433
            ],
            [
              106.815621727,
              -6.345178421
            ]
          ]
        ]
      }
    },
    {
      "type": "Feature",
      "id": "158c39c5-cccb-51a3-a0a4-46789def6e1f",
      "properties": {
        "id": "158c39c5-cccb-51a3-a0a4-46789def6e1f",
        "code": "31.74.10.1001",
        "name": "Pesanggrahan",
        "districtId": "daf18237-0997-52d1-ad19-7356bc04f5ad",
        "districtName": "Pesanggrahan",
        "cityId": "6490a979-96ad-5c1d-9c86-556a8c940379",
        "cityName": "Kota Administrasi Jakarta Selatan",
        "cityShortName": "JAKARTA SELATAN"
      },
      "geometry": {
        "type": "Polygon",
        "coordinates": [
          [
            [
              106.766684071,
              -6.249101043
            ],
            [
              106.767600572,
              -6.249879197
            ],
            [
              106.767625811,
              -6.250284038
            ],
            [
              106.766315746,
              -6.251574338
            ],
            [
              106.766163766,
              -6.252196235
            ],
            [
              106.766602567,
              -6.252749236
            ],
            [
              106.767913679,
              -6.253076038
            ],
            [
              106.767610134,
              -6.254241004
            ],
            [
              106.762544272,
              -6.25694883
            ],
            [
              106.761847666,
              -6.258229163
            ],
            [
              106.761006805,
              -6.261404118
            ],
            [
              106.760267704,
              -6.262599397
            ],
            [
              106.756962172,
              -6.26506058
            ],
            [
              106.753203995,
              -6.268888436
            ],
            [
              106.752305462,
              -6.268015419
            ],
            [
              106.752600538,
              -6.267778185
            ],
            [
              106.752783923,
              -6.266184128
            ],
            [
              106.752479563,
              -6.264662506
            ],
            [
              106.754875472,
              -6.26349718
            ],
            [
              106.755682538,
              -6.262651165
            ],
            [
              106.756518667,
              -6.262453986
            ],
            [
              106.756323611,
              -6.261607222
            ],
            [
              106.753514618,
              -6.262281614
            ],
            [
              106.751483712,
              -6.261774033
            ],
            [
              106.751572389,
              -6.260583524
            ],
            [
              106.752498998,
              -6.259737114
            ],
            [
              106.754378106,
              -6.259536456
            ],
            [
              106.754498038,
              -6.256967233
            ],
            [
              106.754868778,
              -6.257016832
            ],
            [
              106.754941983,
              -6.256565025
            ],
            [
              106.754828955,
              -6.255829744
            ],
            [
              106.754163921,
              -6.255353488
            ],
            [
              106.754249417,
              -6.254106172
            ],
            [
              106.753584604,
              -6.25279856
            ],
            [
              106.753565796,
              -6.251638315
            ],
            [
              106.752564778,
              -6.251674549
            ],
            [
              106.751956124,
              -6.25107549
            ],
            [
              106.751830763,
              -6.250035513
            ],
            [
              106.753435256,
              -6.2499856
            ],
            [
              106.753444772,
              -6.250330159
            ],
            [
              106.756438486,
              -6.250263577
            ],
            [
              106.756653807,
              -6.249679629
            ],
            [
              106.760674776,
              -6.249452174
            ],
            [
              106.760577795,
              -6.248805886
            ],
            [
              106.761661783,
              -6.248432973
            ],
            [
              106.762339931,
              -6.249614926
            ],
            [
              106.766684071,
              -6.249101043
            ]
          ]
        ]
      }
    },
    {
      "type": "Feature",
      "id": "e43a736b-0fbf-5db7-998d-0d23f3503a7c",
      "properties": {
        "id": "e43a736b-0fbf-5db7-998d-0d23f3503a7c",
        "code": "31.74.10.1002",
        "name": "Bintaro",
        "districtId": "daf18237-0997-52d1-ad19-7356bc04f5ad",
        "districtName": "Pesanggrahan",
        "cityId": "6490a979-96ad-5c1d-9c86-556a8c940379",
        "cityName": "Kota Administrasi Jakarta Selatan",
        "cityShortName": "JAKARTA SELATAN"
      },
      "geometry": {
        "type": "Polygon",
        "coordinates": [
          [
            [
              106.768671943,
              -6.254594442
            ],
            [
              106.770163293,
              -6.254281142
            ],
            [
              106.770561513,
              -6.254788058
            ],
            [
              106.771568762,
              -6.254844636
            ],
            [
              106.772052951,
              -6.255573316
            ],
            [
              106.771251805,
              -6.256211347
            ],
            [
              106.770038878,
              -6.256156907
            ],
            [
              106.769114716,
              -6.258134316
            ],
            [
              106.770209957,
              -6.258338091
            ],
            [
              106.770295893,
              -6.258854024
            ],
            [
              106.770689632,
              -6.258971734
            ],
            [
              106.771183027,
              -6.258297466
            ],
            [
              106.772101801,
              -6.258112013
            ],
            [
              106.772757953,
              -6.25908057
            ],
            [
              106.772533757,
              -6.260406285
            ],
            [
              106.773088014,
              -6.262530102
            ],
            [
              106.772295998,
              -6.262957876
            ],
            [
              106.771734283,
              -6.262394512
            ],
            [
              106.770826304,
              -6.262997072
            ],
            [
              106.770579151,
              -6.263446625
            ],
            [
              106.771332847,
              -6.264411022
            ],
            [
              106.771451237,
              -6.265318949
            ],
            [
              106.769996936,
              -6.264504669
            ],
            [
              106.76946352,
              -6.264872827
            ],
            [
              106.769204328,
              -6.265957816
            ],
            [
              106.769669731,
              -6.267231832
            ],
            [
              106.769154018,
              -6.26815379
            ],
            [
              106.769880388,
              -6.269583787
            ],
            [
              106.77123959,
              -6.27027307
            ],
            [
              106.7709437,
              -6.271542473
            ],
            [
              106.771663294,
              -6.272319784
            ],
            [
              106.770497656,
              -6.274354154
            ],
            [
              106.76920155,
              -6.273732949
            ],
            [
              106.768793333,
              -6.273761255
            ],
            [
              106.768393334,
              -6.274335336
            ],
            [
              106.768433416,
              -6.274710963
            ],
            [
              106.76936977,
              -6.275464239
            ],
            [
              106.769366505,
              -6.276256744
            ],
            [
              106.77008163,
              -6.277032111
            ],
            [
              106.770362127,
              -6.278143076
            ],
            [
              106.769363701,
              -6.278040315
            ],
            [
              106.767615491,
              -6.279336445
            ],
            [
              106.768122047,
              -6.280442722
            ],
            [
              106.769260222,
              -6.280963953
            ],
            [
              106.769524319,
              -6.281437471
            ],
            [
              106.769123424,
              -6.281764368
            ],
            [
              106.768387229,
              -6.281542912
            ],
            [
              106.767728719,
              -6.281952045
            ],
            [
              106.767235209,
              -6.28275454
            ],
            [
              106.765680085,
              -6.284052124
            ],
            [
              106.76607809,
              -6.284593958
            ],
            [
              106.767328379,
              -6.285047619
            ],
            [
              106.768004885,
              -6.285991318
            ],
            [
              106.767896618,
              -6.28646123
            ],
            [
              106.766969153,
              -6.286080223
            ],
            [
              106.766201386,
              -6.286591669
            ],
            [
              106.767314701,
              -6.288507331
            ],
            [
              106.766516538,
              -6.28885755
            ],
            [
              106.763097145,
              -6.288803046
            ],
            [
              106.762968729,
              -6.286880012
            ],
            [
              106.76011069,
              -6.286440475
            ],
            [
              106.761472882,
              -6.281809634
            ],
            [
              106.762197739,
              -6.277844824
            ],
            [
              106.759473152,
              -6.278150046
            ],
            [
              106.75717016,
              -6.277625477
            ],
            [
              106.757204091,
              -6.275265879
            ],
            [
              106.756910944,
              -6.274294958
            ],
            [
              106.751526298,
              -6.274537279
            ],
            [
              106.751528193,
              -6.27242001
            ],
            [
              106.750620397,
              -6.271510503
            ],
            [
              106.756669388,
              -6.265325128
            ],
            [
              106.760267704,
              -6.262599397
            ],
            [
              106.761006805,
              -6.261404118
            ],
            [
              106.762128694,
              -6.257525203
            ],
            [
              106.762714272,
              -6.256792933
            ],
            [
              106.767129305,
              -6.254388539
            ],
            [
              106.767613578,
              -6.254240019
            ],
            [
              106.7684444,
              -6.255357
            ],
            [
              106.768671943,
              -6.254594442
            ]
          ]
        ]
      }
    },
    {
      "type": "Feature",
      "id": "adb9d3ed-7f26-5cdf-98f9-38b114e3b900",
      "properties": {
        "id": "adb9d3ed-7f26-5cdf-98f9-38b114e3b900",
        "code": "31.74.10.1003",
        "name": "Petukangan Utara",
        "districtId": "daf18237-0997-52d1-ad19-7356bc04f5ad",
        "districtName": "Pesanggrahan",
        "cityId": "6490a979-96ad-5c1d-9c86-556a8c940379",
        "cityName": "Kota Administrasi Jakarta Selatan",
        "cityShortName": "JAKARTA SELATAN"
      },
      "geometry": {
        "type": "Polygon",
        "coordinates": [
          [
            [
              106.760142282,
              -6.222573823
            ],
            [
              106.760554006,
              -6.223850396
            ],
            [
              106.760018204,
              -6.22496785
            ],
            [
              106.760104351,
              -6.225769821
            ],
            [
              106.759689032,
              -6.226358454
            ],
            [
              106.758777197,
              -6.226609145
            ],
            [
              106.758292778,
              -6.228180881
            ],
            [
              106.758464876,
              -6.231251819
            ],
            [
              106.759342399,
              -6.230964025
            ],
            [
              106.759741942,
              -6.231709291
            ],
            [
              106.759560122,
              -6.233547576
            ],
            [
              106.760137767,
              -6.235050312
            ],
            [
              106.760610027,
              -6.235476874
            ],
            [
              106.760554223,
              -6.237531247
            ],
            [
              106.758520678,
              -6.237285093
            ],
            [
              106.757677945,
              -6.236333855
            ],
            [
              106.755812988,
              -6.235655253
            ],
            [
              106.753189222,
              -6.236692155
            ],
            [
              106.744001152,
              -6.236493819
            ],
            [
              106.744787108,
              -6.233830308
            ],
            [
              106.744477197,
              -6.232288236
            ],
            [
              106.745401982,
              -6.231800715
            ],
            [
              106.745449571,
              -6.230828645
            ],
            [
              106.743903496,
              -6.230498824
            ],
            [
              106.744421615,
              -6.229031766
            ],
            [
              106.74325528,
              -6.228766476
            ],
            [
              106.743308092,
              -6.22756412
            ],
            [
              106.742661708,
              -6.227291129
            ],
            [
              106.741557587,
              -6.227767274
            ],
            [
              106.740329032,
              -6.22766367
            ],
            [
              106.740402001,
              -6.226227986
            ],
            [
              106.739777334,
              -6.22619715
            ],
            [
              106.739559459,
              -6.225372488
            ],
            [
              106.737772487,
              -6.225390337
            ],
            [
              106.737428057,
              -6.223880088
            ],
            [
              106.744380475,
              -6.22291978
            ],
            [
              106.745060789,
              -6.223267363
            ],
            [
              106.749917956,
              -6.222717969
            ],
            [
              106.75787971,
              -6.22293757
            ],
            [
              106.758401127,
              -6.222896057
            ],
            [
              106.758399182,
              -6.222561978
            ],
            [
              106.760142282,
              -6.222573823
            ]
          ]
        ]
      }
    },
    {
      "type": "Feature",
      "id": "7c7ae41c-1cdd-5511-a0a4-87988a092b39",
      "properties": {
        "id": "7c7ae41c-1cdd-5511-a0a4-87988a092b39",
        "code": "31.74.10.1004",
        "name": "Petukangan Selatan",
        "districtId": "daf18237-0997-52d1-ad19-7356bc04f5ad",
        "districtName": "Pesanggrahan",
        "cityId": "6490a979-96ad-5c1d-9c86-556a8c940379",
        "cityName": "Kota Administrasi Jakarta Selatan",
        "cityShortName": "JAKARTA SELATAN"
      },
      "geometry": {
        "type": "Polygon",
        "coordinates": [
          [
            [
              106.760514053,
              -6.237525572
            ],
            [
              106.759995879,
              -6.238388276
            ],
            [
              106.760328979,
              -6.241977474
            ],
            [
              106.760800445,
              -6.243402428
            ],
            [
              106.760506523,
              -6.244412712
            ],
            [
              106.76063754,
              -6.245844829
            ],
            [
              106.760028074,
              -6.247613879
            ],
            [
              106.760674776,
              -6.249452174
            ],
            [
              106.756653807,
              -6.249679629
            ],
            [
              106.756438486,
              -6.250263577
            ],
            [
              106.753444772,
              -6.250330159
            ],
            [
              106.753435256,
              -6.2499856
            ],
            [
              106.74819884,
              -6.250081244
            ],
            [
              106.748174276,
              -6.249506575
            ],
            [
              106.74722739,
              -6.248744156
            ],
            [
              106.746658056,
              -6.247311667
            ],
            [
              106.747287706,
              -6.242601482
            ],
            [
              106.748635637,
              -6.240844577
            ],
            [
              106.747454404,
              -6.23879702
            ],
            [
              106.746830656,
              -6.236387267
            ],
            [
              106.753189222,
              -6.236692155
            ],
            [
              106.755920585,
              -6.235662447
            ],
            [
              106.757677945,
              -6.236333855
            ],
            [
              106.758520678,
              -6.237285093
            ],
            [
              106.760514053,
              -6.237525572
            ]
          ]
        ]
      }
    },
    {
      "type": "Feature",
      "id": "f89d0830-336d-53d2-b158-174f6a913289",
      "properties": {
        "id": "f89d0830-336d-53d2-b158-174f6a913289",
        "code": "31.74.10.1005",
        "name": "Ulujami",
        "districtId": "daf18237-0997-52d1-ad19-7356bc04f5ad",
        "districtName": "Pesanggrahan",
        "cityId": "6490a979-96ad-5c1d-9c86-556a8c940379",
        "cityName": "Kota Administrasi Jakarta Selatan",
        "cityShortName": "JAKARTA SELATAN"
      },
      "geometry": {
        "type": "Polygon",
        "coordinates": [
          [
            [
              106.765919279,
              -6.222470045
            ],
            [
              106.765561872,
              -6.223178756
            ],
            [
              106.766866543,
              -6.225401413
            ],
            [
              106.766231011,
              -6.225902622
            ],
            [
              106.765935442,
              -6.226896902
            ],
            [
              106.764606658,
              -6.227254989
            ],
            [
              106.764931145,
              -6.22865876
            ],
            [
              106.764757301,
              -6.229118934
            ],
            [
              106.764168631,
              -6.229107687
            ],
            [
              106.763997173,
              -6.229703683
            ],
            [
              106.76309177,
              -6.230027657
            ],
            [
              106.763546256,
              -6.230515701
            ],
            [
              106.764785496,
              -6.22951745
            ],
            [
              106.765254947,
              -6.229487705
            ],
            [
              106.765845677,
              -6.23023065
            ],
            [
              106.76587265,
              -6.230968188
            ],
            [
              106.764148781,
              -6.233310074
            ],
            [
              106.764755344,
              -6.234995811
            ],
            [
              106.765434375,
              -6.234700835
            ],
            [
              106.765988972,
              -6.233788324
            ],
            [
              106.766383022,
              -6.233799628
            ],
            [
              106.767159355,
              -6.234965533
            ],
            [
              106.7671904,
              -6.236154163
            ],
            [
              106.766843343,
              -6.236737771
            ],
            [
              106.765033667,
              -6.236739384
            ],
            [
              106.764441805,
              -6.237538131
            ],
            [
              106.764585518,
              -6.238799227
            ],
            [
              106.765228374,
              -6.238949923
            ],
            [
              106.765666909,
              -6.23819688
            ],
            [
              106.76613762,
              -6.2383099
            ],
            [
              106.765890084,
              -6.238904277
            ],
            [
              106.766638709,
              -6.239810707
            ],
            [
              106.766415414,
              -6.240130746
            ],
            [
              106.765893616,
              -6.239832137
            ],
            [
              106.765619111,
              -6.241590991
            ],
            [
              106.767365422,
              -6.242368095
            ],
            [
              106.768152404,
              -6.243230343
            ],
            [
              106.768202895,
              -6.244646581
            ],
            [
              106.768826511,
              -6.245931878
            ],
            [
              106.768311231,
              -6.246834384
            ],
            [
              106.766823147,
              -6.24801554
            ],
            [
              106.766684071,
              -6.249101043
            ],
            [
              106.762339931,
              -6.249614926
            ],
            [
              106.761661783,
              -6.248432973
            ],
            [
              106.760388724,
              -6.2486524
            ],
            [
              106.760028074,
              -6.247613879
            ],
            [
              106.76063754,
              -6.245844829
            ],
            [
              106.760506523,
              -6.244412712
            ],
            [
              106.760800445,
              -6.243402428
            ],
            [
              106.760328979,
              -6.241977474
            ],
            [
              106.759995879,
              -6.238388276
            ],
            [
              106.760554223,
              -6.237531247
            ],
            [
              106.760670504,
              -6.235876646
            ],
            [
              106.759611534,
              -6.233826206
            ],
            [
              106.759766109,
              -6.23204243
            ],
            [
              106.759527155,
              -6.231052075
            ],
            [
              106.758464876,
              -6.231251819
            ],
            [
              106.758301873,
              -6.228056713
            ],
            [
              106.758777197,
              -6.226609145
            ],
            [
              106.759689032,
              -6.226358454
            ],
            [
              106.760104351,
              -6.225769821
            ],
            [
              106.760018204,
              -6.22496785
            ],
            [
              106.760554006,
              -6.223850396
            ],
            [
              106.760178807,
              -6.223338529
            ],
            [
              106.760148645,
              -6.222554139
            ],
            [
              106.765919279,
              -6.222470045
            ]
          ]
        ]
      }
    },
    {
      "type": "Feature",
      "id": "a732e3f1-7fa4-5b1b-9262-5c190915e2df",
      "properties": {
        "id": "a732e3f1-7fa4-5b1b-9262-5c190915e2df",
        "code": "31.75.01.1001",
        "name": "Pisangan Baru",
        "districtId": "2c13a81b-68df-5425-93f4-0c8ee1898311",
        "districtName": "Matraman",
        "cityId": "f3d6211f-048a-5968-9d3f-a21df7eac6b6",
        "cityName": "Kota Administrasi Jakarta Timur",
        "cityShortName": "JAKARTA TIMUR"
      },
      "geometry": {
        "type": "Polygon",
        "coordinates": [
          [
            [
              106.874011736,
              -6.209753969
            ],
            [
              106.874215552,
              -6.214909047
            ],
            [
              106.867852076,
              -6.214985023
            ],
            [
              106.866938697,
              -6.21470753
            ],
            [
              106.863487233,
              -6.211489134
            ],
            [
              106.862407774,
              -6.209272201
            ],
            [
              106.867555113,
              -6.208601126
            ],
            [
              106.867784626,
              -6.208347476
            ],
            [
              106.870338204,
              -6.208682264
            ],
            [
              106.874011736,
              -6.209753969
            ]
          ]
        ]
      }
    },
    {
      "type": "Feature",
      "id": "d8bec2bb-1464-5d08-8d4c-92c9c048a36a",
      "properties": {
        "id": "d8bec2bb-1464-5d08-8d4c-92c9c048a36a",
        "code": "31.75.01.1002",
        "name": "Utan Kayu Utara",
        "districtId": "2c13a81b-68df-5425-93f4-0c8ee1898311",
        "districtName": "Matraman",
        "cityId": "f3d6211f-048a-5968-9d3f-a21df7eac6b6",
        "cityName": "Kota Administrasi Jakarta Timur",
        "cityShortName": "JAKARTA TIMUR"
      },
      "geometry": {
        "type": "Polygon",
        "coordinates": [
          [
            [
              106.875127662,
              -6.192299026
            ],
            [
              106.873607448,
              -6.199616778
            ],
            [
              106.871740571,
              -6.199274976
            ],
            [
              106.872038103,
              -6.198320686
            ],
            [
              106.870972909,
              -6.197839827
            ],
            [
              106.870345624,
              -6.199034616
            ],
            [
              106.86916203,
              -6.198633288
            ],
            [
              106.868853368,
              -6.197904601
            ],
            [
              106.867490619,
              -6.198906079
            ],
            [
              106.867354295,
              -6.198346181
            ],
            [
              106.866737438,
              -6.198339048
            ],
            [
              106.864261233,
              -6.198599478
            ],
            [
              106.864155062,
              -6.19893403
            ],
            [
              106.862351258,
              -6.198992062
            ],
            [
              106.860624294,
              -6.194643095
            ],
            [
              106.863159834,
              -6.193165079
            ],
            [
              106.865422775,
              -6.192558355
            ],
            [
              106.872419372,
              -6.191962012
            ],
            [
              106.875127662,
              -6.192299026
            ]
          ]
        ]
      }
    },
    {
      "type": "Feature",
      "id": "d2b3cfba-9647-5ef1-a554-1ea2fd44ab34",
      "properties": {
        "id": "d2b3cfba-9647-5ef1-a554-1ea2fd44ab34",
        "code": "31.75.01.1003",
        "name": "Kayu Manis",
        "districtId": "2c13a81b-68df-5425-93f4-0c8ee1898311",
        "districtName": "Matraman",
        "cityId": "f3d6211f-048a-5968-9d3f-a21df7eac6b6",
        "cityName": "Kota Administrasi Jakarta Timur",
        "cityShortName": "JAKARTA TIMUR"
      },
      "geometry": {
        "type": "Polygon",
        "coordinates": [
          [
            [
              106.860624294,
              -6.194643095
            ],
            [
              106.863508118,
              -6.201598526
            ],
            [
              106.866273723,
              -6.208808779
            ],
            [
              106.862407774,
              -6.209272201
            ],
            [
              106.85962391,
              -6.199312477
            ],
            [
              106.858365433,
              -6.196172837
            ],
            [
              106.860624294,
              -6.194643095
            ]
          ]
        ]
      }
    },
    {
      "type": "Feature",
      "id": "ff31f9fa-fbc8-57ff-bbc5-bfdafe953a0a",
      "properties": {
        "id": "ff31f9fa-fbc8-57ff-bbc5-bfdafe953a0a",
        "code": "31.75.01.1004",
        "name": "Palmeriam",
        "districtId": "2c13a81b-68df-5425-93f4-0c8ee1898311",
        "districtName": "Matraman",
        "cityId": "f3d6211f-048a-5968-9d3f-a21df7eac6b6",
        "cityName": "Kota Administrasi Jakarta Timur",
        "cityShortName": "JAKARTA TIMUR"
      },
      "geometry": {
        "type": "Polygon",
        "coordinates": [
          [
            [
              106.85962391,
              -6.199312477
            ],
            [
              106.862937261,
              -6.210766553
            ],
            [
              106.864134531,
              -6.21209438
            ],
            [
              106.862674304,
              -6.211522687
            ],
            [
              106.860793663,
              -6.212024143
            ],
            [
              106.856944175,
              -6.202630569
            ],
            [
              106.853879801,
              -6.199418721
            ],
            [
              106.858365433,
              -6.196172837
            ],
            [
              106.85962391,
              -6.199312477
            ]
          ]
        ]
      }
    },
    {
      "type": "Feature",
      "id": "2ffd614a-8578-55cb-9851-8f5414f24b6a",
      "properties": {
        "id": "2ffd614a-8578-55cb-9851-8f5414f24b6a",
        "code": "31.75.01.1005",
        "name": "Kebon Manggis",
        "districtId": "2c13a81b-68df-5425-93f4-0c8ee1898311",
        "districtName": "Matraman",
        "cityId": "f3d6211f-048a-5968-9d3f-a21df7eac6b6",
        "cityName": "Kota Administrasi Jakarta Timur",
        "cityShortName": "JAKARTA TIMUR"
      },
      "geometry": {
        "type": "Polygon",
        "coordinates": [
          [
            [
              106.853879801,
              -6.199418721
            ],
            [
              106.857057529,
              -6.202839027
            ],
            [
              106.860793663,
              -6.212024143
            ],
            [
              106.858130455,
              -6.21312909
            ],
            [
              106.856964777,
              -6.211851415
            ],
            [
              106.854629954,
              -6.211237793
            ],
            [
              106.853023147,
              -6.209762726
            ],
            [
              106.850960897,
              -6.208897834
            ],
            [
              106.849095891,
              -6.207584057
            ],
            [
              106.849475992,
              -6.206087583
            ],
            [
              106.8501287,
              -6.205567127
            ],
            [
              106.851452109,
              -6.205958289
            ],
            [
              106.852732464,
              -6.205911572
            ],
            [
              106.85380484,
              -6.206593461
            ],
            [
              106.855013433,
              -6.205911458
            ],
            [
              106.855709139,
              -6.204744944
            ],
            [
              106.855716237,
              -6.203337993
            ],
            [
              106.855321692,
              -6.202562755
            ],
            [
              106.852717927,
              -6.201884532
            ],
            [
              106.851505749,
              -6.202448086
            ],
            [
              106.851072575,
              -6.201615365
            ],
            [
              106.853879801,
              -6.199418721
            ]
          ]
        ]
      }
    },
    {
      "type": "Feature",
      "id": "1425c1e0-3344-5a83-a64c-29c71a1674a9",
      "properties": {
        "id": "1425c1e0-3344-5a83-a64c-29c71a1674a9",
        "code": "31.75.01.1006",
        "name": "Utan Kayu Selatan",
        "districtId": "2c13a81b-68df-5425-93f4-0c8ee1898311",
        "districtName": "Matraman",
        "cityId": "f3d6211f-048a-5968-9d3f-a21df7eac6b6",
        "cityName": "Kota Administrasi Jakarta Timur",
        "cityShortName": "JAKARTA TIMUR"
      },
      "geometry": {
        "type": "Polygon",
        "coordinates": [
          [
            [
              106.873607448,
              -6.199616778
            ],
            [
              106.873288257,
              -6.202315222
            ],
            [
              106.873828345,
              -6.205685492
            ],
            [
              106.874011736,
              -6.209753969
            ],
            [
              106.870338204,
              -6.208682264
            ],
            [
              106.867784626,
              -6.208347476
            ],
            [
              106.866274782,
              -6.208811277
            ],
            [
              106.862351258,
              -6.198992062
            ],
            [
              106.864155062,
              -6.19893403
            ],
            [
              106.864261233,
              -6.198599478
            ],
            [
              106.866737438,
              -6.198339048
            ],
            [
              106.867354295,
              -6.198346181
            ],
            [
              106.867490619,
              -6.198906079
            ],
            [
              106.868853368,
              -6.197904601
            ],
            [
              106.86916203,
              -6.198633288
            ],
            [
              106.870345624,
              -6.199034616
            ],
            [
              106.870972909,
              -6.197839827
            ],
            [
              106.872038103,
              -6.198320686
            ],
            [
              106.871740571,
              -6.199274976
            ],
            [
              106.873607448,
              -6.199616778
            ]
          ]
        ]
      }
    },
    {
      "type": "Feature",
      "id": "fd1237ea-e880-5a7e-b0fa-1085a065ca56",
      "properties": {
        "id": "fd1237ea-e880-5a7e-b0fa-1085a065ca56",
        "code": "31.75.02.1001",
        "name": "Pulo Gadung",
        "districtId": "abc08db1-f156-5f90-a892-38945c439df4",
        "districtName": "Pulogadung",
        "cityId": "f3d6211f-048a-5968-9d3f-a21df7eac6b6",
        "cityName": "Kota Administrasi Jakarta Timur",
        "cityShortName": "JAKARTA TIMUR"
      },
      "geometry": {
        "type": "Polygon",
        "coordinates": [
          [
            [
              106.901313196,
              -6.178546737
            ],
            [
              106.9103325,
              -6.182297484
            ],
            [
              106.906012744,
              -6.186294134
            ],
            [
              106.891143637,
              -6.188792373
            ],
            [
              106.891232278,
              -6.185069076
            ],
            [
              106.891709511,
              -6.181534071
            ],
            [
              106.892827963,
              -6.178286048
            ],
            [
              106.894320374,
              -6.176129521
            ],
            [
              106.896565755,
              -6.178076582
            ],
            [
              106.901313196,
              -6.178546737
            ]
          ]
        ]
      }
    },
    {
      "type": "Feature",
      "id": "2dcccf31-285e-5d12-b4a7-2030d720937a",
      "properties": {
        "id": "2dcccf31-285e-5d12-b4a7-2030d720937a",
        "code": "31.75.02.1002",
        "name": "Pisangan Timur",
        "districtId": "abc08db1-f156-5f90-a892-38945c439df4",
        "districtName": "Pulogadung",
        "cityId": "f3d6211f-048a-5968-9d3f-a21df7eac6b6",
        "cityName": "Kota Administrasi Jakarta Timur",
        "cityShortName": "JAKARTA TIMUR"
      },
      "geometry": {
        "type": "Polygon",
        "coordinates": [
          [
            [
              106.886006659,
              -6.201968225
            ],
            [
              106.885857708,
              -6.207034928
            ],
            [
              106.884911393,
              -6.208292273
            ],
            [
              106.884743246,
              -6.211799022
            ],
            [
              106.888447037,
              -6.21172804
            ],
            [
              106.889310531,
              -6.212059072
            ],
            [
              106.888071893,
              -6.213962651
            ],
            [
              106.874215552,
              -6.214909047
            ],
            [
              106.873828345,
              -6.205685492
            ],
            [
              106.873414357,
              -6.203482794
            ],
            [
              106.875386521,
              -6.203475405
            ],
            [
              106.875648632,
              -6.202780345
            ],
            [
              106.877560329,
              -6.202676507
            ],
            [
              106.879487311,
              -6.20199828
            ],
            [
              106.880870015,
              -6.201877569
            ],
            [
              106.883532298,
              -6.202242927
            ],
            [
              106.886006659,
              -6.201968225
            ]
          ]
        ]
      }
    },
    {
      "type": "Feature",
      "id": "0b343ebb-daa8-576d-82ef-9c4bd055919a",
      "properties": {
        "id": "0b343ebb-daa8-576d-82ef-9c4bd055919a",
        "code": "31.75.02.1003",
        "name": "Cipinang",
        "districtId": "abc08db1-f156-5f90-a892-38945c439df4",
        "districtName": "Pulogadung",
        "cityId": "f3d6211f-048a-5968-9d3f-a21df7eac6b6",
        "cityName": "Kota Administrasi Jakarta Timur",
        "cityShortName": "JAKARTA TIMUR"
      },
      "geometry": {
        "type": "Polygon",
        "coordinates": [
          [
            [
              106.886006659,
              -6.201968225
            ],
            [
              106.897747774,
              -6.202614426
            ],
            [
              106.897056652,
              -6.203781457
            ],
            [
              106.897313699,
              -6.205051513
            ],
            [
              106.896804676,
              -6.204918387
            ],
            [
              106.896662009,
              -6.205256145
            ],
            [
              106.897080877,
              -6.207144574
            ],
            [
              106.896709944,
              -6.208062702
            ],
            [
              106.896971695,
              -6.208918907
            ],
            [
              106.896743504,
              -6.210060589
            ],
            [
              106.897509414,
              -6.210188925
            ],
            [
              106.897647412,
              -6.210502861
            ],
            [
              106.895897041,
              -6.212401087
            ],
            [
              106.895792576,
              -6.213198824
            ],
            [
              106.891190827,
              -6.213192174
            ],
            [
              106.888071893,
              -6.213962651
            ],
            [
              106.889310531,
              -6.212059072
            ],
            [
              106.888447037,
              -6.21172804
            ],
            [
              106.884743246,
              -6.211799022
            ],
            [
              106.884911393,
              -6.208292273
            ],
            [
              106.885857708,
              -6.207034928
            ],
            [
              106.886006659,
              -6.201968225
            ]
          ]
        ]
      }
    },
    {
      "type": "Feature",
      "id": "c620d6b4-808d-5189-aabc-fa7843f5ca91",
      "properties": {
        "id": "c620d6b4-808d-5189-aabc-fa7843f5ca91",
        "code": "31.75.02.1004",
        "name": "Jatinegara Kaum",
        "districtId": "abc08db1-f156-5f90-a892-38945c439df4",
        "districtName": "Pulogadung",
        "cityId": "f3d6211f-048a-5968-9d3f-a21df7eac6b6",
        "cityName": "Kota Administrasi Jakarta Timur",
        "cityShortName": "JAKARTA TIMUR"
      },
      "geometry": {
        "type": "Polygon",
        "coordinates": [
          [
            [
              106.906471155,
              -6.189151433
            ],
            [
              106.904653321,
              -6.20190324
            ],
            [
              106.9023423,
              -6.207009707
            ],
            [
              106.900814995,
              -6.213304159
            ],
            [
              106.895792576,
              -6.213198824
            ],
            [
              106.895897041,
              -6.212401087
            ],
            [
              106.897647412,
              -6.210502861
            ],
            [
              106.897509414,
              -6.210188925
            ],
            [
              106.896743504,
              -6.210060589
            ],
            [
              106.896971695,
              -6.208918907
            ],
            [
              106.896709944,
              -6.208062702
            ],
            [
              106.897080877,
              -6.207144574
            ],
            [
              106.896662009,
              -6.205256145
            ],
            [
              106.896804676,
              -6.204918387
            ],
            [
              106.897332715,
              -6.204956373
            ],
            [
              106.897056652,
              -6.203781457
            ],
            [
              106.898269478,
              -6.202121144
            ],
            [
              106.900047426,
              -6.202058336
            ],
            [
              106.900824836,
              -6.201599665
            ],
            [
              106.900777651,
              -6.200463028
            ],
            [
              106.901621524,
              -6.198843321
            ],
            [
              106.901262714,
              -6.197825631
            ],
            [
              106.901408011,
              -6.196473944
            ],
            [
              106.902196202,
              -6.196192108
            ],
            [
              106.902607154,
              -6.195495434
            ],
            [
              106.901696304,
              -6.193841387
            ],
            [
              106.901858525,
              -6.19242504
            ],
            [
              106.904284652,
              -6.19154642
            ],
            [
              106.905212473,
              -6.18633929
            ],
            [
              106.906012744,
              -6.186294134
            ],
            [
              106.905824069,
              -6.18699142
            ],
            [
              106.906471155,
              -6.189151433
            ]
          ]
        ]
      }
    },
    {
      "type": "Feature",
      "id": "5bf2c5b2-d6e0-56dd-9c55-fd898a83b2e1",
      "properties": {
        "id": "5bf2c5b2-d6e0-56dd-9c55-fd898a83b2e1",
        "code": "31.75.02.1005",
        "name": "Rawamangun",
        "districtId": "abc08db1-f156-5f90-a892-38945c439df4",
        "districtName": "Pulogadung",
        "cityId": "f3d6211f-048a-5968-9d3f-a21df7eac6b6",
        "cityName": "Kota Administrasi Jakarta Timur",
        "cityShortName": "JAKARTA TIMUR"
      },
      "geometry": {
        "type": "Polygon",
        "coordinates": [
          [
            [
              106.891143637,
              -6.188792373
            ],
            [
              106.89123813,
              -6.196888033
            ],
            [
              106.890146364,
              -6.1987656
            ],
            [
              106.890542915,
              -6.200849682
            ],
            [
              106.890286751,
              -6.202063895
            ],
            [
              106.88723905,
              -6.20189428
            ],
            [
              106.883532298,
              -6.202242927
            ],
            [
              106.880769963,
              -6.201880499
            ],
            [
              106.878596557,
              -6.202171301
            ],
            [
              106.877560329,
              -6.202676507
            ],
            [
              106.875648632,
              -6.202780345
            ],
            [
              106.875386521,
              -6.203475405
            ],
            [
              106.873413031,
              -6.203482526
            ],
            [
              106.873339668,
              -6.201008911
            ],
            [
              106.875231118,
              -6.191700718
            ],
            [
              106.875478041,
              -6.188307026
            ],
            [
              106.878035965,
              -6.189357
            ],
            [
              106.881134448,
              -6.188752824
            ],
            [
              106.881504306,
              -6.189784124
            ],
            [
              106.882189241,
              -6.190074713
            ],
            [
              106.891143637,
              -6.188792373
            ]
          ]
        ]
      }
    },
    {
      "type": "Feature",
      "id": "200ba0e8-f5cf-5dc3-8d10-c6759bd21bc1",
      "properties": {
        "id": "200ba0e8-f5cf-5dc3-8d10-c6759bd21bc1",
        "code": "31.75.02.1006",
        "name": "Kayu Putih",
        "districtId": "abc08db1-f156-5f90-a892-38945c439df4",
        "districtName": "Pulogadung",
        "cityId": "f3d6211f-048a-5968-9d3f-a21df7eac6b6",
        "cityName": "Kota Administrasi Jakarta Timur",
        "cityShortName": "JAKARTA TIMUR"
      },
      "geometry": {
        "type": "Polygon",
        "coordinates": [
          [
            [
              106.891003849,
              -6.173132131
            ],
            [
              106.894320374,
              -6.176129521
            ],
            [
              106.892827963,
              -6.178286048
            ],
            [
              106.891709511,
              -6.181534071
            ],
            [
              106.891232278,
              -6.185069076
            ],
            [
              106.891143637,
              -6.188792373
            ],
            [
              106.882189241,
              -6.190074713
            ],
            [
              106.881504306,
              -6.189784124
            ],
            [
              106.881134448,
              -6.188752824
            ],
            [
              106.878035965,
              -6.189357
            ],
            [
              106.875478041,
              -6.188307026
            ],
            [
              106.876147732,
              -6.175687701
            ],
            [
              106.877953812,
              -6.168722561
            ],
            [
              106.878903404,
              -6.1664195
            ],
            [
              106.880221374,
              -6.166678998
            ],
            [
              106.882117163,
              -6.167695284
            ],
            [
              106.891003849,
              -6.173132131
            ]
          ]
        ]
      }
    },
    {
      "type": "Feature",
      "id": "3e7ad912-94bf-5fbc-83b6-023b926d9141",
      "properties": {
        "id": "3e7ad912-94bf-5fbc-83b6-023b926d9141",
        "code": "31.75.02.1007",
        "name": "Jati",
        "districtId": "abc08db1-f156-5f90-a892-38945c439df4",
        "districtName": "Pulogadung",
        "cityId": "f3d6211f-048a-5968-9d3f-a21df7eac6b6",
        "cityName": "Kota Administrasi Jakarta Timur",
        "cityShortName": "JAKARTA TIMUR"
      },
      "geometry": {
        "type": "Polygon",
        "coordinates": [
          [
            [
              106.897747774,
              -6.202614426
            ],
            [
              106.890286751,
              -6.202063895
            ],
            [
              106.890542915,
              -6.200849682
            ],
            [
              106.890146364,
              -6.1987656
            ],
            [
              106.89123813,
              -6.196888033
            ],
            [
              106.891143637,
              -6.188792373
            ],
            [
              106.905212473,
              -6.18633929
            ],
            [
              106.904284652,
              -6.19154642
            ],
            [
              106.901858525,
              -6.19242504
            ],
            [
              106.901696304,
              -6.193841387
            ],
            [
              106.902607154,
              -6.195495434
            ],
            [
              106.902196202,
              -6.196192108
            ],
            [
              106.901408011,
              -6.196473944
            ],
            [
              106.901262714,
              -6.197825631
            ],
            [
              106.901621524,
              -6.198843321
            ],
            [
              106.900777651,
              -6.200463028
            ],
            [
              106.900824836,
              -6.201599665
            ],
            [
              106.900047426,
              -6.202058336
            ],
            [
              106.898892668,
              -6.202259011
            ],
            [
              106.898435965,
              -6.202054526
            ],
            [
              106.897747774,
              -6.202614426
            ]
          ]
        ]
      }
    },
    {
      "type": "Feature",
      "id": "aede4565-ac42-50a1-a1ef-166fa4edbed2",
      "properties": {
        "id": "aede4565-ac42-50a1-a1ef-166fa4edbed2",
        "code": "31.75.03.1001",
        "name": "Kampung Melayu",
        "districtId": "4fbc2920-4380-5abd-aea8-1c4abd592461",
        "districtName": "Jatinegara",
        "cityId": "f3d6211f-048a-5968-9d3f-a21df7eac6b6",
        "cityName": "Kota Administrasi Jakarta Timur",
        "cityShortName": "JAKARTA TIMUR"
      },
      "geometry": {
        "type": "Polygon",
        "coordinates": [
          [
            [
              106.862083301,
              -6.214590942
            ],
            [
              106.863894598,
              -6.216345921
            ],
            [
              106.864274926,
              -6.218635779
            ],
            [
              106.866440215,
              -6.224639794
            ],
            [
              106.863587152,
              -6.225067933
            ],
            [
              106.863844725,
              -6.224477231
            ],
            [
              106.865287749,
              -6.224411704
            ],
            [
              106.865502514,
              -6.223635907
            ],
            [
              106.863732442,
              -6.221490947
            ],
            [
              106.862975795,
              -6.219789887
            ],
            [
              106.861751298,
              -6.219843356
            ],
            [
              106.86145484,
              -6.220286037
            ],
            [
              106.861765738,
              -6.221295767
            ],
            [
              106.861315298,
              -6.221851164
            ],
            [
              106.860097634,
              -6.22129492
            ],
            [
              106.861414102,
              -6.21885277
            ],
            [
              106.863498915,
              -6.216617782
            ],
            [
              106.863448674,
              -6.216201443
            ],
            [
              106.86264769,
              -6.216206284
            ],
            [
              106.86024002,
              -6.217302327
            ],
            [
              106.858640414,
              -6.216299047
            ],
            [
              106.857885526,
              -6.217544529
            ],
            [
              106.857491017,
              -6.217655814
            ],
            [
              106.85635224,
              -6.216550416
            ],
            [
              106.856868558,
              -6.214644152
            ],
            [
              106.857418445,
              -6.213899968
            ],
            [
              106.858260057,
              -6.213634323
            ],
            [
              106.858130455,
              -6.21312909
            ],
            [
              106.860793663,
              -6.212024143
            ],
            [
              106.862083301,
              -6.214590942
            ]
          ]
        ]
      }
    },
    {
      "type": "Feature",
      "id": "749eded6-fa44-506d-aa43-2e4f912138c1",
      "properties": {
        "id": "749eded6-fa44-506d-aa43-2e4f912138c1",
        "code": "31.75.03.1002",
        "name": "Bidara Cina",
        "districtId": "4fbc2920-4380-5abd-aea8-1c4abd592461",
        "districtName": "Jatinegara",
        "cityId": "f3d6211f-048a-5968-9d3f-a21df7eac6b6",
        "cityName": "Kota Administrasi Jakarta Timur",
        "cityShortName": "JAKARTA TIMUR"
      },
      "geometry": {
        "type": "Polygon",
        "coordinates": [
          [
            [
              106.86808444,
              -6.226976706
            ],
            [
              106.870516352,
              -6.226822422
            ],
            [
              106.869774072,
              -6.229988062
            ],
            [
              106.869698908,
              -6.23193698
            ],
            [
              106.869939777,
              -6.239029135
            ],
            [
              106.870323783,
              -6.241932731
            ],
            [
              106.869373605,
              -6.24481831
            ],
            [
              106.865281024,
              -6.243386722
            ],
            [
              106.862537955,
              -6.243114825
            ],
            [
              106.862583675,
              -6.240917568
            ],
            [
              106.86308208,
              -6.238810699
            ],
            [
              106.863982217,
              -6.23714527
            ],
            [
              106.865363058,
              -6.236933414
            ],
            [
              106.866134325,
              -6.238846378
            ],
            [
              106.866783534,
              -6.239183711
            ],
            [
              106.866919792,
              -6.238713521
            ],
            [
              106.866403172,
              -6.236779005
            ],
            [
              106.865276853,
              -6.235167553
            ],
            [
              106.865273249,
              -6.234923492
            ],
            [
              106.866431709,
              -6.234643454
            ],
            [
              106.866191347,
              -6.233846678
            ],
            [
              106.865265898,
              -6.232429028
            ],
            [
              106.863293167,
              -6.23100068
            ],
            [
              106.863601558,
              -6.230160796
            ],
            [
              106.864630853,
              -6.229328041
            ],
            [
              106.864903386,
              -6.228660438
            ],
            [
              106.864781315,
              -6.226829977
            ],
            [
              106.863587152,
              -6.225067933
            ],
            [
              106.866440215,
              -6.224639794
            ],
            [
              106.867152094,
              -6.226603597
            ],
            [
              106.86808444,
              -6.226976706
            ]
          ]
        ]
      }
    },
    {
      "type": "Feature",
      "id": "f25ad1ef-e99b-5304-ae6d-01c6beb379b5",
      "properties": {
        "id": "f25ad1ef-e99b-5304-ae6d-01c6beb379b5",
        "code": "31.75.03.1003",
        "name": "Bali Mester",
        "districtId": "4fbc2920-4380-5abd-aea8-1c4abd592461",
        "districtName": "Jatinegara",
        "cityId": "f3d6211f-048a-5968-9d3f-a21df7eac6b6",
        "cityName": "Kota Administrasi Jakarta Timur",
        "cityShortName": "JAKARTA TIMUR"
      },
      "geometry": {
        "type": "Polygon",
        "coordinates": [
          [
            [
              106.862464012,
              -6.211520315
            ],
            [
              106.866057155,
              -6.214928051
            ],
            [
              106.866742197,
              -6.215240258
            ],
            [
              106.86872586,
              -6.219539919
            ],
            [
              106.870218219,
              -6.224098033
            ],
            [
              106.87064157,
              -6.225795671
            ],
            [
              106.870516352,
              -6.226822422
            ],
            [
              106.868122197,
              -6.226979465
            ],
            [
              106.867152094,
              -6.226603597
            ],
            [
              106.864274926,
              -6.218635779
            ],
            [
              106.863894598,
              -6.216345921
            ],
            [
              106.862083301,
              -6.214590942
            ],
            [
              106.860793663,
              -6.212024143
            ],
            [
              106.862464012,
              -6.211520315
            ]
          ]
        ]
      }
    },
    {
      "type": "Feature",
      "id": "3ce579ae-aff1-5556-8f56-559684281701",
      "properties": {
        "id": "3ce579ae-aff1-5556-8f56-559684281701",
        "code": "31.75.03.1004",
        "name": "Rawa Bunga",
        "districtId": "4fbc2920-4380-5abd-aea8-1c4abd592461",
        "districtName": "Jatinegara",
        "cityId": "f3d6211f-048a-5968-9d3f-a21df7eac6b6",
        "cityName": "Kota Administrasi Jakarta Timur",
        "cityShortName": "JAKARTA TIMUR"
      },
      "geometry": {
        "type": "Polygon",
        "coordinates": [
          [
            [
              106.864134531,
              -6.21209438
            ],
            [
              106.866938697,
              -6.21470753
            ],
            [
              106.867569938,
              -6.214965903
            ],
            [
              106.874215552,
              -6.214909047
            ],
            [
              106.874551986,
              -6.222036788
            ],
            [
              106.875198163,
              -6.2266067
            ],
            [
              106.870516352,
              -6.226822422
            ],
            [
              106.87064157,
              -6.225795671
            ],
            [
              106.870218219,
              -6.224098033
            ],
            [
              106.86872586,
              -6.219539919
            ],
            [
              106.866742197,
              -6.215240258
            ],
            [
              106.866057155,
              -6.214928051
            ],
            [
              106.862464012,
              -6.211520315
            ],
            [
              106.864134531,
              -6.21209438
            ]
          ]
        ]
      }
    },
    {
      "type": "Feature",
      "id": "c7d59eee-bd9a-56ed-b59b-ed8e148cfd94",
      "properties": {
        "id": "c7d59eee-bd9a-56ed-b59b-ed8e148cfd94",
        "code": "31.75.03.1005",
        "name": "Cipinang Cempedak",
        "districtId": "4fbc2920-4380-5abd-aea8-1c4abd592461",
        "districtName": "Jatinegara",
        "cityId": "f3d6211f-048a-5968-9d3f-a21df7eac6b6",
        "cityName": "Kota Administrasi Jakarta Timur",
        "cityShortName": "JAKARTA TIMUR"
      },
      "geometry": {
        "type": "Polygon",
        "coordinates": [
          [
            [
              106.877958798,
              -6.240030494
            ],
            [
              106.877228336,
              -6.24299511
            ],
            [
              106.876250559,
              -6.244133541
            ],
            [
              106.875274198,
              -6.246407505
            ],
            [
              106.869373605,
              -6.24481831
            ],
            [
              106.870323783,
              -6.241932731
            ],
            [
              106.869939777,
              -6.239029135
            ],
            [
              106.869698908,
              -6.23193698
            ],
            [
              106.869774072,
              -6.229988062
            ],
            [
              106.870516352,
              -6.226822422
            ],
            [
              106.875198163,
              -6.2266067
            ],
            [
              106.87797968,
              -6.238078017
            ],
            [
              106.877958798,
              -6.240030494
            ]
          ]
        ]
      }
    },
    {
      "type": "Feature",
      "id": "1088e7c0-5c87-56ad-937b-b1ed3fc47722",
      "properties": {
        "id": "1088e7c0-5c87-56ad-937b-b1ed3fc47722",
        "code": "31.75.03.1006",
        "name": "Cipinang Muara",
        "districtId": "4fbc2920-4380-5abd-aea8-1c4abd592461",
        "districtName": "Jatinegara",
        "cityId": "f3d6211f-048a-5968-9d3f-a21df7eac6b6",
        "cityName": "Kota Administrasi Jakarta Timur",
        "cityShortName": "JAKARTA TIMUR"
      },
      "geometry": {
        "type": "Polygon",
        "coordinates": [
          [
            [
              106.895792576,
              -6.213198824
            ],
            [
              106.89619436,
              -6.21626028
            ],
            [
              106.895879362,
              -6.216974014
            ],
            [
              106.895294321,
              -6.217057198
            ],
            [
              106.895100486,
              -6.218173977
            ],
            [
              106.895922107,
              -6.218751191
            ],
            [
              106.896219883,
              -6.219490519
            ],
            [
              106.895990493,
              -6.220628311
            ],
            [
              106.895714154,
              -6.221393372
            ],
            [
              106.894702791,
              -6.221687883
            ],
            [
              106.893766568,
              -6.222560696
            ],
            [
              106.89326721,
              -6.224901229
            ],
            [
              106.893441815,
              -6.225203049
            ],
            [
              106.892839328,
              -6.226441751
            ],
            [
              106.89143775,
              -6.227296673
            ],
            [
              106.891308769,
              -6.227951402
            ],
            [
              106.891683063,
              -6.228459501
            ],
            [
              106.890376563,
              -6.229111299
            ],
            [
              106.889990924,
              -6.229851441
            ],
            [
              106.890050358,
              -6.231174267
            ],
            [
              106.891445127,
              -6.232422771
            ],
            [
              106.892075009,
              -6.234653119
            ],
            [
              106.891844618,
              -6.235064382
            ],
            [
              106.892036601,
              -6.235785797
            ],
            [
              106.892548146,
              -6.235198795
            ],
            [
              106.892948759,
              -6.235368664
            ],
            [
              106.892955721,
              -6.236430078
            ],
            [
              106.892203391,
              -6.237224525
            ],
            [
              106.892805643,
              -6.23804468
            ],
            [
              106.892221797,
              -6.238862095
            ],
            [
              106.892163779,
              -6.239520994
            ],
            [
              106.883571733,
              -6.239751377
            ],
            [
              106.88321662,
              -6.237931689
            ],
            [
              106.885397756,
              -6.237735493
            ],
            [
              106.885436999,
              -6.235826058
            ],
            [
              106.885375962,
              -6.235230265
            ],
            [
              106.884282021,
              -6.235050925
            ],
            [
              106.884174336,
              -6.234236199
            ],
            [
              106.883299199,
              -6.234221935
            ],
            [
              106.883105155,
              -6.230726118
            ],
            [
              106.882588619,
              -6.230090891
            ],
            [
              106.887238238,
              -6.218559952
            ],
            [
              106.886714723,
              -6.214162677
            ],
            [
              106.891190827,
              -6.213192174
            ],
            [
              106.895792576,
              -6.213198824
            ]
          ]
        ]
      }
    },
    {
      "type": "Feature",
      "id": "d0f6b633-c6bb-51f3-b74f-c59898c7f8cf",
      "properties": {
        "id": "d0f6b633-c6bb-51f3-b74f-c59898c7f8cf",
        "code": "31.75.03.1007",
        "name": "Cipinang Besar Selatan",
        "districtId": "4fbc2920-4380-5abd-aea8-1c4abd592461",
        "districtName": "Jatinegara",
        "cityId": "f3d6211f-048a-5968-9d3f-a21df7eac6b6",
        "cityName": "Kota Administrasi Jakarta Timur",
        "cityShortName": "JAKARTA TIMUR"
      },
      "geometry": {
        "type": "Polygon",
        "coordinates": [
          [
            [
              106.887136463,
              -6.21766661
            ],
            [
              106.887224596,
              -6.218605967
            ],
            [
              106.882588619,
              -6.230090891
            ],
            [
              106.883105155,
              -6.230726118
            ],
            [
              106.883299199,
              -6.234221935
            ],
            [
              106.884174336,
              -6.234236199
            ],
            [
              106.884282021,
              -6.235050925
            ],
            [
              106.885375962,
              -6.235230265
            ],
            [
              106.885397756,
              -6.237735493
            ],
            [
              106.88321662,
              -6.237931689
            ],
            [
              106.883571733,
              -6.239751377
            ],
            [
              106.877958798,
              -6.240030494
            ],
            [
              106.87797968,
              -6.238078017
            ],
            [
              106.875115621,
              -6.22615348
            ],
            [
              106.876331325,
              -6.226224996
            ],
            [
              106.876463908,
              -6.225252501
            ],
            [
              106.877084372,
              -6.225134001
            ],
            [
              106.877478741,
              -6.223515254
            ],
            [
              106.878299375,
              -6.222815648
            ],
            [
              106.878833809,
              -6.222868605
            ],
            [
              106.879153058,
              -6.223338754
            ],
            [
              106.87984526,
              -6.223327919
            ],
            [
              106.879633616,
              -6.222943899
            ],
            [
              106.88087448,
              -6.222146983
            ],
            [
              106.880895827,
              -6.220434953
            ],
            [
              106.881727932,
              -6.220729179
            ],
            [
              106.882108035,
              -6.220054379
            ],
            [
              106.883348956,
              -6.219899915
            ],
            [
              106.883718394,
              -6.220136761
            ],
            [
              106.884016026,
              -6.219684495
            ],
            [
              106.885192464,
              -6.220219153
            ],
            [
              106.885715989,
              -6.219239256
            ],
            [
              106.885558082,
              -6.218320449
            ],
            [
              106.885934638,
              -6.218069166
            ],
            [
              106.88583058,
              -6.217609765
            ],
            [
              106.886257397,
              -6.217828657
            ],
            [
              106.887136463,
              -6.21766661
            ]
          ]
        ]
      }
    },
    {
      "type": "Feature",
      "id": "86496f5b-cd54-5011-8be8-a6f8df445092",
      "properties": {
        "id": "86496f5b-cd54-5011-8be8-a6f8df445092",
        "code": "31.75.03.1008",
        "name": "Cipinang Besar Utara",
        "districtId": "4fbc2920-4380-5abd-aea8-1c4abd592461",
        "districtName": "Jatinegara",
        "cityId": "f3d6211f-048a-5968-9d3f-a21df7eac6b6",
        "cityName": "Kota Administrasi Jakarta Timur",
        "cityShortName": "JAKARTA TIMUR"
      },
      "geometry": {
        "type": "Polygon",
        "coordinates": [
          [
            [
              106.887136463,
              -6.21766661
            ],
            [
              106.886257397,
              -6.217828657
            ],
            [
              106.88583058,
              -6.217609765
            ],
            [
              106.885934638,
              -6.218069166
            ],
            [
              106.885558082,
              -6.218320449
            ],
            [
              106.885715989,
              -6.219239256
            ],
            [
              106.885192464,
              -6.220219153
            ],
            [
              106.884016026,
              -6.219684495
            ],
            [
              106.883718394,
              -6.220136761
            ],
            [
              106.883348956,
              -6.219899915
            ],
            [
              106.882108035,
              -6.220054379
            ],
            [
              106.881727932,
              -6.220729179
            ],
            [
              106.880895827,
              -6.220434953
            ],
            [
              106.88087448,
              -6.222146983
            ],
            [
              106.879633616,
              -6.222943899
            ],
            [
              106.87984526,
              -6.223327919
            ],
            [
              106.879153058,
              -6.223338754
            ],
            [
              106.878833809,
              -6.222868605
            ],
            [
              106.878299375,
              -6.222815648
            ],
            [
              106.877478741,
              -6.223515254
            ],
            [
              106.877084372,
              -6.225134001
            ],
            [
              106.876463908,
              -6.225252501
            ],
            [
              106.876331325,
              -6.226224996
            ],
            [
              106.875115621,
              -6.22615348
            ],
            [
              106.874551986,
              -6.222036788
            ],
            [
              106.874215552,
              -6.214909047
            ],
            [
              106.886714723,
              -6.214162677
            ],
            [
              106.887136463,
              -6.21766661
            ]
          ]
        ]
      }
    },
    {
      "type": "Feature",
      "id": "7960a2e1-b2fb-503a-9fc6-f6854dd76995",
      "properties": {
        "id": "7960a2e1-b2fb-503a-9fc6-f6854dd76995",
        "code": "31.75.04.1001",
        "name": "Kramatjati",
        "districtId": "14adbac1-23f3-59c7-a7cd-6bd47d563299",
        "districtName": "Kramatjati",
        "cityId": "f3d6211f-048a-5968-9d3f-a21df7eac6b6",
        "cityName": "Kota Administrasi Jakarta Timur",
        "cityShortName": "JAKARTA TIMUR"
      },
      "geometry": {
        "type": "Polygon",
        "coordinates": [
          [
            [
              106.872985237,
              -6.264767212
            ],
            [
              106.872622379,
              -6.270298094
            ],
            [
              106.872834292,
              -6.273632398
            ],
            [
              106.873566279,
              -6.276640043
            ],
            [
              106.874899807,
              -6.279994679
            ],
            [
              106.874534085,
              -6.280449239
            ],
            [
              106.876206642,
              -6.28448773
            ],
            [
              106.875878295,
              -6.284928122
            ],
            [
              106.874676466,
              -6.285356974
            ],
            [
              106.874708297,
              -6.285875333
            ],
            [
              106.87414917,
              -6.286363917
            ],
            [
              106.873450994,
              -6.286478376
            ],
            [
              106.8728237,
              -6.287229293
            ],
            [
              106.872256659,
              -6.287154123
            ],
            [
              106.872112642,
              -6.287429947
            ],
            [
              106.87064757,
              -6.287003493
            ],
            [
              106.870723,
              -6.28574
            ],
            [
              106.871837443,
              -6.281823677
            ],
            [
              106.870285001,
              -6.279434
            ],
            [
              106.869333,
              -6.278664001
            ],
            [
              106.867031,
              -6.274431
            ],
            [
              106.866919476,
              -6.271254261
            ],
            [
              106.867265,
              -6.270314
            ],
            [
              106.866025982,
              -6.268160043
            ],
            [
              106.865665947,
              -6.263227707
            ],
            [
              106.872985237,
              -6.264767212
            ]
          ]
        ]
      }
    },
    {
      "type": "Feature",
      "id": "7da7fd03-bc1b-5f91-a8cf-2f39ee78d4f2",
      "properties": {
        "id": "7da7fd03-bc1b-5f91-a8cf-2f39ee78d4f2",
        "code": "31.75.04.1002",
        "name": "Tengah",
        "districtId": "14adbac1-23f3-59c7-a7cd-6bd47d563299",
        "districtName": "Kramatjati",
        "cityId": "f3d6211f-048a-5968-9d3f-a21df7eac6b6",
        "cityName": "Kota Administrasi Jakarta Timur",
        "cityShortName": "JAKARTA TIMUR"
      },
      "geometry": {
        "type": "Polygon",
        "coordinates": [
          [
            [
              106.870723,
              -6.28574
            ],
            [
              106.870822105,
              -6.289043318
            ],
            [
              106.872021678,
              -6.293549571
            ],
            [
              106.870977822,
              -6.297482551
            ],
            [
              106.870044376,
              -6.299201127
            ],
            [
              106.869146952,
              -6.300054433
            ],
            [
              106.8667248,
              -6.29917999
            ],
            [
              106.866957896,
              -6.298325755
            ],
            [
              106.865531081,
              -6.297941234
            ],
            [
              106.865672061,
              -6.296412689
            ],
            [
              106.864841219,
              -6.293929203
            ],
            [
              106.862524008,
              -6.294083695
            ],
            [
              106.86230159,
              -6.293742742
            ],
            [
              106.861515715,
              -6.293693551
            ],
            [
              106.860297,
              -6.293897
            ],
            [
              106.859445,
              -6.292524
            ],
            [
              106.860265347,
              -6.291028188
            ],
            [
              106.860142749,
              -6.290076472
            ],
            [
              106.859011977,
              -6.288966756
            ],
            [
              106.858932647,
              -6.288476964
            ],
            [
              106.859753,
              -6.28629
            ],
            [
              106.860667542,
              -6.286317751
            ],
            [
              106.860857359,
              -6.286809327
            ],
            [
              106.862744,
              -6.286384
            ],
            [
              106.863011204,
              -6.2846586
            ],
            [
              106.864098237,
              -6.284548318
            ],
            [
              106.864390292,
              -6.283726531
            ],
            [
              106.863766312,
              -6.281532248
            ],
            [
              106.866858704,
              -6.281986242
            ],
            [
              106.867870804,
              -6.282443558
            ],
            [
              106.868465,
              -6.279558
            ],
            [
              106.868227001,
              -6.279005001
            ],
            [
              106.869333,
              -6.278664001
            ],
            [
              106.870285001,
              -6.279434
            ],
            [
              106.871837443,
              -6.281823677
            ],
            [
              106.870723,
              -6.28574
            ]
          ]
        ]
      }
    },
    {
      "type": "Feature",
      "id": "3f54c3c0-6115-50c2-87d7-4fae16fd9184",
      "properties": {
        "id": "3f54c3c0-6115-50c2-87d7-4fae16fd9184",
        "code": "31.75.04.1003",
        "name": "Dukuh",
        "districtId": "14adbac1-23f3-59c7-a7cd-6bd47d563299",
        "districtName": "Kramatjati",
        "cityId": "f3d6211f-048a-5968-9d3f-a21df7eac6b6",
        "cityName": "Kota Administrasi Jakarta Timur",
        "cityShortName": "JAKARTA TIMUR"
      },
      "geometry": {
        "type": "Polygon",
        "coordinates": [
          [
            [
              106.874901021,
              -6.279991576
            ],
            [
              106.88235114,
              -6.298074793
            ],
            [
              106.88415624,
              -6.305586686
            ],
            [
              106.87927068,
              -6.306412695
            ],
            [
              106.87920798,
              -6.30535284
            ],
            [
              106.878172429,
              -6.304953852
            ],
            [
              106.878144089,
              -6.303957829
            ],
            [
              106.877387188,
              -6.303699483
            ],
            [
              106.877104054,
              -6.302265836
            ],
            [
              106.875909117,
              -6.301660986
            ],
            [
              106.875066175,
              -6.301923071
            ],
            [
              106.87449941,
              -6.301276939
            ],
            [
              106.874541933,
              -6.299877381
            ],
            [
              106.873649173,
              -6.300724422
            ],
            [
              106.873069251,
              -6.300241978
            ],
            [
              106.872788665,
              -6.299040673
            ],
            [
              106.873207091,
              -6.29824491
            ],
            [
              106.874104493,
              -6.29803611
            ],
            [
              106.87384868,
              -6.297235938
            ],
            [
              106.874423673,
              -6.297264415
            ],
            [
              106.874151056,
              -6.296490093
            ],
            [
              106.875166066,
              -6.295878937
            ],
            [
              106.875255667,
              -6.295057014
            ],
            [
              106.874677293,
              -6.294627268
            ],
            [
              106.873836355,
              -6.294634617
            ],
            [
              106.87352663,
              -6.293693292
            ],
            [
              106.873730996,
              -6.292996979
            ],
            [
              106.87312835,
              -6.292688365
            ],
            [
              106.87328612,
              -6.292024359
            ],
            [
              106.873634861,
              -6.292073085
            ],
            [
              106.874091286,
              -6.291498355
            ],
            [
              106.873289609,
              -6.290893776
            ],
            [
              106.872776545,
              -6.289468929
            ],
            [
              106.872228198,
              -6.28920712
            ],
            [
              106.871822296,
              -6.288194862
            ],
            [
              106.872181628,
              -6.287193457
            ],
            [
              106.8728237,
              -6.287229293
            ],
            [
              106.873096052,
              -6.286703561
            ],
            [
              106.874708297,
              -6.285875333
            ],
            [
              106.874676466,
              -6.285356974
            ],
            [
              106.876188385,
              -6.284596882
            ],
            [
              106.874534085,
              -6.280449239
            ],
            [
              106.874901021,
              -6.279991576
            ]
          ]
        ]
      }
    },
    {
      "type": "Feature",
      "id": "947321f1-c5ec-5740-b899-d0531be5b270",
      "properties": {
        "id": "947321f1-c5ec-5740-b899-d0531be5b270",
        "code": "31.75.04.1004",
        "name": "Batu Ampar",
        "districtId": "14adbac1-23f3-59c7-a7cd-6bd47d563299",
        "districtName": "Kramatjati",
        "cityId": "f3d6211f-048a-5968-9d3f-a21df7eac6b6",
        "cityName": "Kota Administrasi Jakarta Timur",
        "cityShortName": "JAKARTA TIMUR"
      },
      "geometry": {
        "type": "Polygon",
        "coordinates": [
          [
            [
              106.869333,
              -6.278664001
            ],
            [
              106.868227001,
              -6.279005001
            ],
            [
              106.868465,
              -6.279558
            ],
            [
              106.867870804,
              -6.282443558
            ],
            [
              106.866858704,
              -6.281986242
            ],
            [
              106.863766312,
              -6.281532248
            ],
            [
              106.864387904,
              -6.283827156
            ],
            [
              106.864040777,
              -6.284613008
            ],
            [
              106.863011204,
              -6.2846586
            ],
            [
              106.86291,
              -6.286241
            ],
            [
              106.860857359,
              -6.286809327
            ],
            [
              106.860667542,
              -6.286317751
            ],
            [
              106.859753,
              -6.28629
            ],
            [
              106.858926532,
              -6.288549027
            ],
            [
              106.859011977,
              -6.288966756
            ],
            [
              106.860076042,
              -6.289912821
            ],
            [
              106.860243845,
              -6.290699777
            ],
            [
              106.859499,
              -6.292243
            ],
            [
              106.857841,
              -6.292209
            ],
            [
              106.857877,
              -6.292594
            ],
            [
              106.855730321,
              -6.292831293
            ],
            [
              106.855010153,
              -6.277940172
            ],
            [
              106.859136503,
              -6.269167568
            ],
            [
              106.863903652,
              -6.268912071
            ],
            [
              106.864351596,
              -6.269156316
            ],
            [
              106.864790557,
              -6.269037509
            ],
            [
              106.864880109,
              -6.268578084
            ],
            [
              106.865858843,
              -6.268775228
            ],
            [
              106.865793855,
              -6.268235135
            ],
            [
              106.866025982,
              -6.268160043
            ],
            [
              106.867265,
              -6.270314
            ],
            [
              106.866919476,
              -6.271254261
            ],
            [
              106.867031,
              -6.274431
            ],
            [
              106.869333,
              -6.278664001
            ]
          ]
        ]
      }
    },
    {
      "type": "Feature",
      "id": "15853ab7-752c-57dc-8392-0166af594518",
      "properties": {
        "id": "15853ab7-752c-57dc-8392-0166af594518",
        "code": "31.75.04.1005",
        "name": "Balekambang",
        "districtId": "14adbac1-23f3-59c7-a7cd-6bd47d563299",
        "districtName": "Kramatjati",
        "cityId": "f3d6211f-048a-5968-9d3f-a21df7eac6b6",
        "cityName": "Kota Administrasi Jakarta Timur",
        "cityShortName": "JAKARTA TIMUR"
      },
      "geometry": {
        "type": "Polygon",
        "coordinates": [
          [
            [
              106.855619142,
              -6.267581536
            ],
            [
              106.859914414,
              -6.267717748
            ],
            [
              106.855010153,
              -6.277940172
            ],
            [
              106.855864729,
              -6.294490894
            ],
            [
              106.855203079,
              -6.293452965
            ],
            [
              106.854526581,
              -6.293519682
            ],
            [
              106.854594776,
              -6.294338005
            ],
            [
              106.854331141,
              -6.294438124
            ],
            [
              106.853722221,
              -6.293764152
            ],
            [
              106.85241812,
              -6.294776351
            ],
            [
              106.852553722,
              -6.2938185
            ],
            [
              106.85425307,
              -6.291565347
            ],
            [
              106.854394473,
              -6.290429109
            ],
            [
              106.853801501,
              -6.290339947
            ],
            [
              106.851819168,
              -6.291131137
            ],
            [
              106.851522742,
              -6.292414742
            ],
            [
              106.851082883,
              -6.292934403
            ],
            [
              106.850102326,
              -6.292352758
            ],
            [
              106.84935813,
              -6.290444853
            ],
            [
              106.850797884,
              -6.289739011
            ],
            [
              106.851241581,
              -6.288428255
            ],
            [
              106.850297853,
              -6.287904777
            ],
            [
              106.84989094,
              -6.288451581
            ],
            [
              106.849369677,
              -6.288533039
            ],
            [
              106.848393008,
              -6.287997926
            ],
            [
              106.847654668,
              -6.286912138
            ],
            [
              106.847331007,
              -6.285551
            ],
            [
              106.848830775,
              -6.283685663
            ],
            [
              106.84760803,
              -6.28344528
            ],
            [
              106.847627387,
              -6.282906247
            ],
            [
              106.849216272,
              -6.280738429
            ],
            [
              106.85040408,
              -6.279757265
            ],
            [
              106.85000489,
              -6.279520728
            ],
            [
              106.847770673,
              -6.280044337
            ],
            [
              106.84672235,
              -6.279043656
            ],
            [
              106.848282155,
              -6.277799002
            ],
            [
              106.849194787,
              -6.276585177
            ],
            [
              106.850409765,
              -6.276806167
            ],
            [
              106.851611145,
              -6.276247693
            ],
            [
              106.851934698,
              -6.275150227
            ],
            [
              106.851328117,
              -6.273637866
            ],
            [
              106.852043122,
              -6.273207383
            ],
            [
              106.853397604,
              -6.273292634
            ],
            [
              106.853632004,
              -6.271946984
            ],
            [
              106.854383846,
              -6.271981847
            ],
            [
              106.855482574,
              -6.272625525
            ],
            [
              106.856666534,
              -6.272695264
            ],
            [
              106.856569596,
              -6.271768447
            ],
            [
              106.854937681,
              -6.270623202
            ],
            [
              106.85489094,
              -6.269936595
            ],
            [
              106.85525134,
              -6.269622465
            ],
            [
              106.855666051,
              -6.270339858
            ],
            [
              106.856262883,
              -6.270545356
            ],
            [
              106.85657678,
              -6.270297152
            ],
            [
              106.855619142,
              -6.267581536
            ]
          ]
        ]
      }
    },
    {
      "type": "Feature",
      "id": "e8d2f71e-5c9d-5892-a92d-988502503371",
      "properties": {
        "id": "e8d2f71e-5c9d-5892-a92d-988502503371",
        "code": "31.75.04.1006",
        "name": "Cililitan",
        "districtId": "14adbac1-23f3-59c7-a7cd-6bd47d563299",
        "districtName": "Kramatjati",
        "cityId": "f3d6211f-048a-5968-9d3f-a21df7eac6b6",
        "cityName": "Kota Administrasi Jakarta Timur",
        "cityShortName": "JAKARTA TIMUR"
      },
      "geometry": {
        "type": "Polygon",
        "coordinates": [
          [
            [
              106.871221781,
              -6.255710584
            ],
            [
              106.8726462,
              -6.256733946
            ],
            [
              106.873235714,
              -6.259598658
            ],
            [
              106.872985237,
              -6.264767212
            ],
            [
              106.865665947,
              -6.263227707
            ],
            [
              106.865858843,
              -6.268775228
            ],
            [
              106.864880109,
              -6.268578084
            ],
            [
              106.864790557,
              -6.269037509
            ],
            [
              106.864351596,
              -6.269156316
            ],
            [
              106.863903652,
              -6.268912071
            ],
            [
              106.85930794,
              -6.269228358
            ],
            [
              106.859914414,
              -6.267717748
            ],
            [
              106.855613566,
              -6.267579587
            ],
            [
              106.855306594,
              -6.266126884
            ],
            [
              106.853988539,
              -6.265262454
            ],
            [
              106.85432428,
              -6.264649333
            ],
            [
              106.856740527,
              -6.264297098
            ],
            [
              106.85716959,
              -6.263939732
            ],
            [
              106.854583935,
              -6.262786712
            ],
            [
              106.854349949,
              -6.262176773
            ],
            [
              106.855242571,
              -6.261752581
            ],
            [
              106.856710722,
              -6.262815062
            ],
            [
              106.859127512,
              -6.262933314
            ],
            [
              106.860392002,
              -6.258181721
            ],
            [
              106.863801071,
              -6.258093472
            ],
            [
              106.863539467,
              -6.255893906
            ],
            [
              106.868055408,
              -6.256263693
            ],
            [
              106.867994784,
              -6.258033331
            ],
            [
              106.86958266,
              -6.258295094
            ],
            [
              106.871221781,
              -6.255710584
            ]
          ]
        ]
      }
    },
    {
      "type": "Feature",
      "id": "9ab62ddc-ab0a-59d3-a587-8217a11d5ac4",
      "properties": {
        "id": "9ab62ddc-ab0a-59d3-a587-8217a11d5ac4",
        "code": "31.75.04.1007",
        "name": "Cawang",
        "districtId": "14adbac1-23f3-59c7-a7cd-6bd47d563299",
        "districtName": "Kramatjati",
        "cityId": "f3d6211f-048a-5968-9d3f-a21df7eac6b6",
        "cityName": "Kota Administrasi Jakarta Timur",
        "cityShortName": "JAKARTA TIMUR"
      },
      "geometry": {
        "type": "Polygon",
        "coordinates": [
          [
            [
              106.865281024,
              -6.243386722
            ],
            [
              106.875274198,
              -6.246407505
            ],
            [
              106.872491894,
              -6.253817759
            ],
            [
              106.8726462,
              -6.256733946
            ],
            [
              106.871221781,
              -6.255710584
            ],
            [
              106.86958266,
              -6.258295094
            ],
            [
              106.867994784,
              -6.258033331
            ],
            [
              106.868055408,
              -6.256263693
            ],
            [
              106.863539467,
              -6.255893906
            ],
            [
              106.863801071,
              -6.258093472
            ],
            [
              106.860392002,
              -6.258181721
            ],
            [
              106.860416543,
              -6.25726711
            ],
            [
              106.859420562,
              -6.257022862
            ],
            [
              106.859327538,
              -6.25675529
            ],
            [
              106.860734209,
              -6.255459978
            ],
            [
              106.860559782,
              -6.254847277
            ],
            [
              106.859402967,
              -6.254424654
            ],
            [
              106.857889697,
              -6.255277886
            ],
            [
              106.857544741,
              -6.254378227
            ],
            [
              106.858032926,
              -6.252509041
            ],
            [
              106.859026884,
              -6.251461943
            ],
            [
              106.860142173,
              -6.250994363
            ],
            [
              106.860639562,
              -6.251458529
            ],
            [
              106.861232736,
              -6.254069003
            ],
            [
              106.862758262,
              -6.25346114
            ],
            [
              106.862877792,
              -6.253032827
            ],
            [
              106.86217224,
              -6.250608997
            ],
            [
              106.864042043,
              -6.249445986
            ],
            [
              106.862061972,
              -6.246385765
            ],
            [
              106.862537955,
              -6.243114825
            ],
            [
              106.865281024,
              -6.243386722
            ]
          ]
        ]
      }
    },
    {
      "type": "Feature",
      "id": "7a6740a6-340c-531e-bbc8-27c558f4549d",
      "properties": {
        "id": "7a6740a6-340c-531e-bbc8-27c558f4549d",
        "code": "31.75.05.1001",
        "name": "Gedong",
        "districtId": "cc0750f1-41cc-511a-b6cd-2d39bda73d03",
        "districtName": "Pasar Rebo",
        "cityId": "f3d6211f-048a-5968-9d3f-a21df7eac6b6",
        "cityName": "Kota Administrasi Jakarta Timur",
        "cityShortName": "JAKARTA TIMUR"
      },
      "geometry": {
        "type": "Polygon",
        "coordinates": [
          [
            [
              106.857950001,
              -6.292213
            ],
            [
              106.859499,
              -6.292243
            ],
            [
              106.859671,
              -6.293079
            ],
            [
              106.860381,
              -6.293982
            ],
            [
              106.861515715,
              -6.293693551
            ],
            [
              106.86230159,
              -6.293742742
            ],
            [
              106.862524008,
              -6.294083695
            ],
            [
              106.864841219,
              -6.293929203
            ],
            [
              106.865672061,
              -6.296412689
            ],
            [
              106.865531081,
              -6.297941234
            ],
            [
              106.866957896,
              -6.298325755
            ],
            [
              106.8667248,
              -6.29917999
            ],
            [
              106.869146952,
              -6.300054433
            ],
            [
              106.865616503,
              -6.304783466
            ],
            [
              106.862486917,
              -6.310290133
            ],
            [
              106.861261854,
              -6.313213517
            ],
            [
              106.860641277,
              -6.313242271
            ],
            [
              106.858453978,
              -6.315600327
            ],
            [
              106.858078762,
              -6.314586778
            ],
            [
              106.857293153,
              -6.314267389
            ],
            [
              106.858541424,
              -6.313179805
            ],
            [
              106.858785269,
              -6.311808737
            ],
            [
              106.8581201,
              -6.31065224
            ],
            [
              106.85726744,
              -6.310741481
            ],
            [
              106.856829441,
              -6.310024092
            ],
            [
              106.85770911,
              -6.307860165
            ],
            [
              106.857402845,
              -6.306398209
            ],
            [
              106.85851514,
              -6.305785433
            ],
            [
              106.85848217,
              -6.305331719
            ],
            [
              106.855245863,
              -6.303676029
            ],
            [
              106.854627659,
              -6.303082741
            ],
            [
              106.854429969,
              -6.302512697
            ],
            [
              106.855044205,
              -6.301333779
            ],
            [
              106.854714677,
              -6.299495664
            ],
            [
              106.852495877,
              -6.299922344
            ],
            [
              106.852023092,
              -6.300950014
            ],
            [
              106.851587086,
              -6.301105152
            ],
            [
              106.849887543,
              -6.299775101
            ],
            [
              106.849598773,
              -6.298968506
            ],
            [
              106.850474664,
              -6.298782329
            ],
            [
              106.851600572,
              -6.299371722
            ],
            [
              106.852147022,
              -6.298964515
            ],
            [
              106.852098526,
              -6.29789809
            ],
            [
              106.850724567,
              -6.297013988
            ],
            [
              106.850490046,
              -6.295997983
            ],
            [
              106.851577148,
              -6.295648923
            ],
            [
              106.854173852,
              -6.296137416
            ],
            [
              106.854526581,
              -6.293519682
            ],
            [
              106.855203079,
              -6.293452965
            ],
            [
              106.855864729,
              -6.294490894
            ],
            [
              106.855730321,
              -6.292831293
            ],
            [
              106.857877,
              -6.292594
            ],
            [
              106.857950001,
              -6.292213
            ]
          ]
        ]
      }
    },
    {
      "type": "Feature",
      "id": "3418f9ff-e45d-574c-8c3f-bebd4bc93051",
      "properties": {
        "id": "3418f9ff-e45d-574c-8c3f-bebd4bc93051",
        "code": "31.75.05.1002",
        "name": "Baru",
        "districtId": "cc0750f1-41cc-511a-b6cd-2d39bda73d03",
        "districtName": "Pasar Rebo",
        "cityId": "f3d6211f-048a-5968-9d3f-a21df7eac6b6",
        "cityName": "Kota Administrasi Jakarta Timur",
        "cityShortName": "JAKARTA TIMUR"
      },
      "geometry": {
        "type": "Polygon",
        "coordinates": [
          [
            [
              106.848601127,
              -6.316896183
            ],
            [
              106.848052445,
              -6.317513289
            ],
            [
              106.846841065,
              -6.3177693
            ],
            [
              106.846841277,
              -6.318088303
            ],
            [
              106.849257808,
              -6.318852293
            ],
            [
              106.849510404,
              -6.317512701
            ],
            [
              106.851393081,
              -6.316480066
            ],
            [
              106.85178781,
              -6.315984157
            ],
            [
              106.851694934,
              -6.315640346
            ],
            [
              106.853161451,
              -6.315899356
            ],
            [
              106.853814419,
              -6.317863057
            ],
            [
              106.852132514,
              -6.318641864
            ],
            [
              106.850416492,
              -6.320066931
            ],
            [
              106.851938391,
              -6.321491986
            ],
            [
              106.851424427,
              -6.322156101
            ],
            [
              106.851703646,
              -6.32309226
            ],
            [
              106.855218181,
              -6.324468262
            ],
            [
              106.854905995,
              -6.325439083
            ],
            [
              106.854430102,
              -6.325876904
            ],
            [
              106.854617591,
              -6.326605974
            ],
            [
              106.855944736,
              -6.326616891
            ],
            [
              106.8549369,
              -6.330094784
            ],
            [
              106.854449009,
              -6.329696414
            ],
            [
              106.854373696,
              -6.330076868
            ],
            [
              106.84772646,
              -6.329825925
            ],
            [
              106.847169216,
              -6.32991631
            ],
            [
              106.847234835,
              -6.330320384
            ],
            [
              106.846636996,
              -6.330781405
            ],
            [
              106.845599228,
              -6.330479228
            ],
            [
              106.845717638,
              -6.331387277
            ],
            [
              106.845175967,
              -6.331638536
            ],
            [
              106.843463879,
              -6.331675997
            ],
            [
              106.843122046,
              -6.33122956
            ],
            [
              106.841920136,
              -6.330941769
            ],
            [
              106.840213446,
              -6.32930806
            ],
            [
              106.841307324,
              -6.326775174
            ],
            [
              106.842019847,
              -6.327653021
            ],
            [
              106.842984225,
              -6.327091735
            ],
            [
              106.842999559,
              -6.325710655
            ],
            [
              106.841437764,
              -6.323552011
            ],
            [
              106.840054009,
              -6.322761006
            ],
            [
              106.840154749,
              -6.32207742
            ],
            [
              106.840953593,
              -6.321660055
            ],
            [
              106.840824042,
              -6.321336255
            ],
            [
              106.838888085,
              -6.321616929
            ],
            [
              106.838326711,
              -6.320818227
            ],
            [
              106.840077918,
              -6.318553118
            ],
            [
              106.842316123,
              -6.317991802
            ],
            [
              106.843661947,
              -6.318488261
            ],
            [
              106.844093741,
              -6.317955772
            ],
            [
              106.84428325,
              -6.316646489
            ],
            [
              106.846330396,
              -6.316954411
            ],
            [
              106.847137259,
              -6.315699128
            ],
            [
              106.847887945,
              -6.315202401
            ],
            [
              106.848819796,
              -6.31544989
            ],
            [
              106.848601127,
              -6.316896183
            ]
          ]
        ]
      }
    },
    {
      "type": "Feature",
      "id": "aef12d79-f70f-55bc-9e8e-c0e483102041",
      "properties": {
        "id": "aef12d79-f70f-55bc-9e8e-c0e483102041",
        "code": "31.75.05.1003",
        "name": "Cijantung",
        "districtId": "cc0750f1-41cc-511a-b6cd-2d39bda73d03",
        "districtName": "Pasar Rebo",
        "cityId": "f3d6211f-048a-5968-9d3f-a21df7eac6b6",
        "cityName": "Kota Administrasi Jakarta Timur",
        "cityShortName": "JAKARTA TIMUR"
      },
      "geometry": {
        "type": "Polygon",
        "coordinates": [
          [
            [
              106.854952292,
              -6.313829737
            ],
            [
              106.855998278,
              -6.313467725
            ],
            [
              106.858343161,
              -6.311085724
            ],
            [
              106.858785269,
              -6.311808737
            ],
            [
              106.85867772,
              -6.3129142
            ],
            [
              106.857293153,
              -6.314267389
            ],
            [
              106.858078762,
              -6.314586778
            ],
            [
              106.858453978,
              -6.315600327
            ],
            [
              106.860641277,
              -6.313242271
            ],
            [
              106.861261854,
              -6.313213517
            ],
            [
              106.861767545,
              -6.311695276
            ],
            [
              106.86221554,
              -6.311409938
            ],
            [
              106.862840148,
              -6.314241497
            ],
            [
              106.864768939,
              -6.319407871
            ],
            [
              106.864987849,
              -6.320759405
            ],
            [
              106.863532405,
              -6.326786084
            ],
            [
              106.8638567,
              -6.327696001
            ],
            [
              106.866564631,
              -6.330542064
            ],
            [
              106.867300328,
              -6.332754319
            ],
            [
              106.865288216,
              -6.33280278
            ],
            [
              106.864823757,
              -6.333064292
            ],
            [
              106.864318122,
              -6.332793033
            ],
            [
              106.86371244,
              -6.333220178
            ],
            [
              106.86345413,
              -6.332861282
            ],
            [
              106.862412766,
              -6.332864407
            ],
            [
              106.862424641,
              -6.332479086
            ],
            [
              106.861955887,
              -6.332433876
            ],
            [
              106.861820257,
              -6.331696243
            ],
            [
              106.862242519,
              -6.331280556
            ],
            [
              106.862178533,
              -6.330806238
            ],
            [
              106.861844062,
              -6.329827633
            ],
            [
              106.861170418,
              -6.329165044
            ],
            [
              106.860485392,
              -6.32992944
            ],
            [
              106.859925755,
              -6.329584917
            ],
            [
              106.859739237,
              -6.32991513
            ],
            [
              106.859021932,
              -6.329572812
            ],
            [
              106.858217675,
              -6.330020151
            ],
            [
              106.85674205,
              -6.329601154
            ],
            [
              106.856922934,
              -6.328486924
            ],
            [
              106.855382783,
              -6.328212143
            ],
            [
              106.855944736,
              -6.326616891
            ],
            [
              106.854617591,
              -6.326605974
            ],
            [
              106.854441524,
              -6.326019672
            ],
            [
              106.855218181,
              -6.324468262
            ],
            [
              106.851703646,
              -6.32309226
            ],
            [
              106.851424427,
              -6.322156101
            ],
            [
              106.851938391,
              -6.321491986
            ],
            [
              106.850416492,
              -6.320066931
            ],
            [
              106.852132514,
              -6.318641864
            ],
            [
              106.853814419,
              -6.317863057
            ],
            [
              106.853161451,
              -6.315899356
            ],
            [
              106.851694934,
              -6.315640346
            ],
            [
              106.851217581,
              -6.314957082
            ],
            [
              106.851729106,
              -6.313258532
            ],
            [
              106.852227113,
              -6.312630287
            ],
            [
              106.852438268,
              -6.311051965
            ],
            [
              106.852841345,
              -6.311017045
            ],
            [
              106.85464364,
              -6.312381981
            ],
            [
              106.854952292,
              -6.313829737
            ]
          ]
        ]
      }
    },
    {
      "type": "Feature",
      "id": "46ed56a8-7d96-5a0e-8ddf-3442940ff457",
      "properties": {
        "id": "46ed56a8-7d96-5a0e-8ddf-3442940ff457",
        "code": "31.75.05.1004",
        "name": "Kalisari",
        "districtId": "cc0750f1-41cc-511a-b6cd-2d39bda73d03",
        "districtName": "Pasar Rebo",
        "cityId": "f3d6211f-048a-5968-9d3f-a21df7eac6b6",
        "cityName": "Kota Administrasi Jakarta Timur",
        "cityShortName": "JAKARTA TIMUR"
      },
      "geometry": {
        "type": "Polygon",
        "coordinates": [
          [
            [
              106.862424641,
              -6.332479086
            ],
            [
              106.862736802,
              -6.334817413
            ],
            [
              106.862335026,
              -6.334853331
            ],
            [
              106.861782884,
              -6.339221126
            ],
            [
              106.860961338,
              -6.338790711
            ],
            [
              106.860896846,
              -6.34006845
            ],
            [
              106.860484318,
              -6.340334073
            ],
            [
              106.859752488,
              -6.340140305
            ],
            [
              106.859296937,
              -6.340840215
            ],
            [
              106.858272647,
              -6.340797522
            ],
            [
              106.858197356,
              -6.341544068
            ],
            [
              106.857472717,
              -6.341662552
            ],
            [
              106.858105671,
              -6.343851783
            ],
            [
              106.856978638,
              -6.344013511
            ],
            [
              106.85577225,
              -6.344022078
            ],
            [
              106.855041488,
              -6.343486428
            ],
            [
              106.854197575,
              -6.343618548
            ],
            [
              106.853915215,
              -6.342889923
            ],
            [
              106.852071564,
              -6.342851063
            ],
            [
              106.851562977,
              -6.341296671
            ],
            [
              106.850593342,
              -6.340944884
            ],
            [
              106.849296277,
              -6.33929168
            ],
            [
              106.849444175,
              -6.338523239
            ],
            [
              106.847980278,
              -6.3380175
            ],
            [
              106.84805946,
              -6.337768634
            ],
            [
              106.848976769,
              -6.337696587
            ],
            [
              106.849012939,
              -6.336942897
            ],
            [
              106.841785574,
              -6.336825076
            ],
            [
              106.841615434,
              -6.336045204
            ],
            [
              106.8400446,
              -6.335894268
            ],
            [
              106.839704898,
              -6.335271363
            ],
            [
              106.839854634,
              -6.33283427
            ],
            [
              106.840185683,
              -6.332186656
            ],
            [
              106.841790626,
              -6.332294549
            ],
            [
              106.843463879,
              -6.331675997
            ],
            [
              106.845175967,
              -6.331638536
            ],
            [
              106.845717638,
              -6.331387277
            ],
            [
              106.845599228,
              -6.330479228
            ],
            [
              106.846636996,
              -6.330781405
            ],
            [
              106.847234835,
              -6.330320384
            ],
            [
              106.847169216,
              -6.32991631
            ],
            [
              106.84772646,
              -6.329825925
            ],
            [
              106.854373696,
              -6.330076868
            ],
            [
              106.854449009,
              -6.329696414
            ],
            [
              106.8549369,
              -6.330094784
            ],
            [
              106.855394685,
              -6.328213225
            ],
            [
              106.856922934,
              -6.328486924
            ],
            [
              106.85674205,
              -6.329601154
            ],
            [
              106.858217675,
              -6.330020151
            ],
            [
              106.859021932,
              -6.329572812
            ],
            [
              106.859739237,
              -6.32991513
            ],
            [
              106.859925755,
              -6.329584917
            ],
            [
              106.860485392,
              -6.32992944
            ],
            [
              106.861170418,
              -6.329165044
            ],
            [
              106.861844062,
              -6.329827633
            ],
            [
              106.862178533,
              -6.330806238
            ],
            [
              106.862242519,
              -6.331280556
            ],
            [
              106.861820257,
              -6.331696243
            ],
            [
              106.861955887,
              -6.332433876
            ],
            [
              106.862424641,
              -6.332479086
            ]
          ]
        ]
      }
    },
    {
      "type": "Feature",
      "id": "b10a6e98-486c-5013-97f1-6158a0c9e39a",
      "properties": {
        "id": "b10a6e98-486c-5013-97f1-6158a0c9e39a",
        "code": "31.75.05.1005",
        "name": "Pekayon",
        "districtId": "cc0750f1-41cc-511a-b6cd-2d39bda73d03",
        "districtName": "Pasar Rebo",
        "cityId": "f3d6211f-048a-5968-9d3f-a21df7eac6b6",
        "cityName": "Kota Administrasi Jakarta Timur",
        "cityShortName": "JAKARTA TIMUR"
      },
      "geometry": {
        "type": "Polygon",
        "coordinates": [
          [
            [
              106.872872424,
              -6.339660698
            ],
            [
              106.872098469,
              -6.339788616
            ],
            [
              106.872461739,
              -6.340380793
            ],
            [
              106.871591817,
              -6.340510975
            ],
            [
              106.871376616,
              -6.340982068
            ],
            [
              106.872008896,
              -6.341071742
            ],
            [
              106.872121063,
              -6.341811994
            ],
            [
              106.872533636,
              -6.342117035
            ],
            [
              106.872166041,
              -6.343404672
            ],
            [
              106.872529287,
              -6.343691771
            ],
            [
              106.873076345,
              -6.343503294
            ],
            [
              106.873242292,
              -6.343857707
            ],
            [
              106.871861318,
              -6.34578699
            ],
            [
              106.870157362,
              -6.346424205
            ],
            [
              106.870305398,
              -6.347110615
            ],
            [
              106.869632759,
              -6.347083752
            ],
            [
              106.869871409,
              -6.348177524
            ],
            [
              106.868737823,
              -6.348593955
            ],
            [
              106.869380055,
              -6.349674235
            ],
            [
              106.869311922,
              -6.350022388
            ],
            [
              106.868863501,
              -6.350090617
            ],
            [
              106.868551478,
              -6.351131492
            ],
            [
              106.869312051,
              -6.3516375
            ],
            [
              106.869746123,
              -6.351547737
            ],
            [
              106.869439374,
              -6.353060507
            ],
            [
              106.869032974,
              -6.353635208
            ],
            [
              106.868370906,
              -6.353005536
            ],
            [
              106.867802143,
              -6.353756358
            ],
            [
              106.867847728,
              -6.354461901
            ],
            [
              106.86608401,
              -6.356042356
            ],
            [
              106.862763889,
              -6.356273611
            ],
            [
              106.862265,
              -6.357206667
            ],
            [
              106.860561047,
              -6.355408378
            ],
            [
              106.860652623,
              -6.354941562
            ],
            [
              106.862127778,
              -6.354078889
            ],
            [
              106.861128291,
              -6.352567945
            ],
            [
              106.860616168,
              -6.3527815
            ],
            [
              106.860131944,
              -6.351888889
            ],
            [
              106.859597576,
              -6.351787598
            ],
            [
              106.859116,
              -6.350992
            ],
            [
              106.859133146,
              -6.350300096
            ],
            [
              106.858297444,
              -6.350295921
            ],
            [
              106.8583075,
              -6.350810556
            ],
            [
              106.857157897,
              -6.350576315
            ],
            [
              106.857537778,
              -6.350180278
            ],
            [
              106.857805315,
              -6.348083666
            ],
            [
              106.856740062,
              -6.347075568
            ],
            [
              106.856451417,
              -6.347585944
            ],
            [
              106.855902345,
              -6.347509175
            ],
            [
              106.854126485,
              -6.346472756
            ],
            [
              106.853962152,
              -6.345317888
            ],
            [
              106.854841273,
              -6.344427216
            ],
            [
              106.854495589,
              -6.343568396
            ],
            [
              106.855041488,
              -6.343486428
            ],
            [
              106.855841588,
              -6.344029319
            ],
            [
              106.858105671,
              -6.343851783
            ],
            [
              106.857472717,
              -6.341662552
            ],
            [
              106.858197356,
              -6.341544068
            ],
            [
              106.858272647,
              -6.340797522
            ],
            [
              106.859296937,
              -6.340840215
            ],
            [
              106.859752488,
              -6.340140305
            ],
            [
              106.860484318,
              -6.340334073
            ],
            [
              106.860896846,
              -6.34006845
            ],
            [
              106.860961338,
              -6.338790711
            ],
            [
              106.861782884,
              -6.339221126
            ],
            [
              106.862335026,
              -6.334853331
            ],
            [
              106.862736802,
              -6.334817413
            ],
            [
              106.862410226,
              -6.332864941
            ],
            [
              106.86345413,
              -6.332861282
            ],
            [
              106.86371244,
              -6.333220178
            ],
            [
              106.864318122,
              -6.332793033
            ],
            [
              106.864823757,
              -6.333064292
            ],
            [
              106.865288216,
              -6.33280278
            ],
            [
              106.867300328,
              -6.332754319
            ],
            [
              106.867604128,
              -6.335696878
            ],
            [
              106.868157353,
              -6.337706332
            ],
            [
              106.871374446,
              -6.338508654
            ],
            [
              106.872872424,
              -6.339660698
            ]
          ]
        ]
      }
    },
    {
      "type": "Feature",
      "id": "675328f3-b7ca-567e-aa18-c8107064392a",
      "properties": {
        "id": "675328f3-b7ca-567e-aa18-c8107064392a",
        "code": "31.75.06.1001",
        "name": "Jatinegara",
        "districtId": "72a86d08-eb2b-58fe-b57b-abdd2bf23034",
        "districtName": "Cakung",
        "cityId": "f3d6211f-048a-5968-9d3f-a21df7eac6b6",
        "cityName": "Kota Administrasi Jakarta Timur",
        "cityShortName": "JAKARTA TIMUR"
      },
      "geometry": {
        "type": "Polygon",
        "coordinates": [
          [
            [
              106.932343947,
              -6.19394482
            ],
            [
              106.932211857,
              -6.195485687
            ],
            [
              106.933098936,
              -6.196756624
            ],
            [
              106.932757379,
              -6.199191514
            ],
            [
              106.932354453,
              -6.199590335
            ],
            [
              106.930922432,
              -6.199691006
            ],
            [
              106.928466763,
              -6.20122261
            ],
            [
              106.92794462,
              -6.202036815
            ],
            [
              106.927791054,
              -6.20669476
            ],
            [
              106.925953993,
              -6.208550281
            ],
            [
              106.924700408,
              -6.211265721
            ],
            [
              106.924745482,
              -6.215771679
            ],
            [
              106.907075202,
              -6.213597571
            ],
            [
              106.900814995,
              -6.213304159
            ],
            [
              106.9023423,
              -6.207009707
            ],
            [
              106.904653321,
              -6.20190324
            ],
            [
              106.906187755,
              -6.190446475
            ],
            [
              106.909036031,
              -6.191321292
            ],
            [
              106.90902537,
              -6.192465865
            ],
            [
              106.917262742,
              -6.192860571
            ],
            [
              106.921074838,
              -6.192678098
            ],
            [
              106.921452449,
              -6.193578685
            ],
            [
              106.921355,
              -6.19476
            ],
            [
              106.921742,
              -6.194821001
            ],
            [
              106.9218132,
              -6.1945907
            ],
            [
              106.922587255,
              -6.194746318
            ],
            [
              106.922679663,
              -6.194293506
            ],
            [
              106.927006896,
              -6.194674037
            ],
            [
              106.927340566,
              -6.194660268
            ],
            [
              106.927578815,
              -6.194016123
            ],
            [
              106.932343947,
              -6.19394482
            ]
          ]
        ]
      }
    },
    {
      "type": "Feature",
      "id": "7c5a1b21-5e94-579e-baf6-caa39e7ba644",
      "properties": {
        "id": "7c5a1b21-5e94-579e-baf6-caa39e7ba644",
        "code": "31.75.06.1002",
        "name": "Rawa Terate",
        "districtId": "72a86d08-eb2b-58fe-b57b-abdd2bf23034",
        "districtName": "Cakung",
        "cityId": "f3d6211f-048a-5968-9d3f-a21df7eac6b6",
        "cityName": "Kota Administrasi Jakarta Timur",
        "cityShortName": "JAKARTA TIMUR"
      },
      "geometry": {
        "type": "Polygon",
        "coordinates": [
          [
            [
              106.923887632,
              -6.168692105
            ],
            [
              106.925659441,
              -6.168712998
            ],
            [
              106.925907702,
              -6.169684276
            ],
            [
              106.92535255,
              -6.170222435
            ],
            [
              106.925995381,
              -6.170699437
            ],
            [
              106.925294892,
              -6.171902366
            ],
            [
              106.925958464,
              -6.171941918
            ],
            [
              106.92678659,
              -6.172599898
            ],
            [
              106.926238374,
              -6.173471044
            ],
            [
              106.926810798,
              -6.175704868
            ],
            [
              106.926658566,
              -6.176579392
            ],
            [
              106.92706647,
              -6.177361585
            ],
            [
              106.927640405,
              -6.177296753
            ],
            [
              106.927925478,
              -6.17905815
            ],
            [
              106.927502501,
              -6.181106608
            ],
            [
              106.926323465,
              -6.18288032
            ],
            [
              106.926333064,
              -6.183848342
            ],
            [
              106.927105262,
              -6.18412041
            ],
            [
              106.927166565,
              -6.183760808
            ],
            [
              106.928804867,
              -6.183594903
            ],
            [
              106.929286607,
              -6.186709516
            ],
            [
              106.930676124,
              -6.188972664
            ],
            [
              106.931816937,
              -6.190155683
            ],
            [
              106.932474291,
              -6.192818747
            ],
            [
              106.932343947,
              -6.19394482
            ],
            [
              106.927578815,
              -6.194016123
            ],
            [
              106.927340566,
              -6.194660268
            ],
            [
              106.927006896,
              -6.194674037
            ],
            [
              106.922679663,
              -6.194293506
            ],
            [
              106.922587255,
              -6.194746318
            ],
            [
              106.9218132,
              -6.1945907
            ],
            [
              106.921742,
              -6.194821001
            ],
            [
              106.921355,
              -6.19476
            ],
            [
              106.921452449,
              -6.193578685
            ],
            [
              106.921074838,
              -6.192678098
            ],
            [
              106.917262742,
              -6.192860571
            ],
            [
              106.90902537,
              -6.192465865
            ],
            [
              106.909036031,
              -6.191321292
            ],
            [
              106.906187755,
              -6.190446475
            ],
            [
              106.906471155,
              -6.189151433
            ],
            [
              106.90585625,
              -6.18654231
            ],
            [
              106.9103325,
              -6.182297484
            ],
            [
              106.91203486,
              -6.182701424
            ],
            [
              106.913818988,
              -6.182449897
            ],
            [
              106.922503706,
              -6.183116057
            ],
            [
              106.921636708,
              -6.180496071
            ],
            [
              106.922118933,
              -6.179785331
            ],
            [
              106.921810372,
              -6.178967058
            ],
            [
              106.921924966,
              -6.178033856
            ],
            [
              106.921218103,
              -6.175898429
            ],
            [
              106.920388684,
              -6.17014156
            ],
            [
              106.921141334,
              -6.167568
            ],
            [
              106.921056908,
              -6.166710205
            ],
            [
              106.922051904,
              -6.162243121
            ],
            [
              106.923731447,
              -6.163337373
            ],
            [
              106.923669362,
              -6.165139808
            ],
            [
              106.924194998,
              -6.165867784
            ],
            [
              106.923504468,
              -6.168187091
            ],
            [
              106.923887632,
              -6.168692105
            ]
          ]
        ]
      }
    },
    {
      "type": "Feature",
      "id": "294a4284-32f3-537a-956c-f1904e4ab8a0",
      "properties": {
        "id": "294a4284-32f3-537a-956c-f1904e4ab8a0",
        "code": "31.75.06.1003",
        "name": "Penggilingan",
        "districtId": "72a86d08-eb2b-58fe-b57b-abdd2bf23034",
        "districtName": "Cakung",
        "cityId": "f3d6211f-048a-5968-9d3f-a21df7eac6b6",
        "cityName": "Kota Administrasi Jakarta Timur",
        "cityShortName": "JAKARTA TIMUR"
      },
      "geometry": {
        "type": "Polygon",
        "coordinates": [
          [
            [
              106.939110673,
              -6.192883687
            ],
            [
              106.941751189,
              -6.193805028
            ],
            [
              106.941766305,
              -6.197990771
            ],
            [
              106.941392021,
              -6.19799632
            ],
            [
              106.941129615,
              -6.198767521
            ],
            [
              106.940154677,
              -6.198852059
            ],
            [
              106.940158306,
              -6.200013236
            ],
            [
              106.940581515,
              -6.200144203
            ],
            [
              106.940799088,
              -6.200671545
            ],
            [
              106.940155482,
              -6.205814324
            ],
            [
              106.941219599,
              -6.205930031
            ],
            [
              106.941183245,
              -6.206446867
            ],
            [
              106.941967127,
              -6.206554149
            ],
            [
              106.941860175,
              -6.207112868
            ],
            [
              106.94349691,
              -6.207516119
            ],
            [
              106.943444,
              -6.208396234
            ],
            [
              106.943723733,
              -6.208741457
            ],
            [
              106.943248908,
              -6.210697646
            ],
            [
              106.942181543,
              -6.210448175
            ],
            [
              106.941861654,
              -6.211749299
            ],
            [
              106.942201905,
              -6.211836416
            ],
            [
              106.941798859,
              -6.213974278
            ],
            [
              106.942392229,
              -6.214129259
            ],
            [
              106.942139222,
              -6.215141988
            ],
            [
              106.942690692,
              -6.215340646
            ],
            [
              106.942392097,
              -6.217918716
            ],
            [
              106.924742248,
              -6.215805401
            ],
            [
              106.924700408,
              -6.211265721
            ],
            [
              106.925953993,
              -6.208550281
            ],
            [
              106.927791054,
              -6.20669476
            ],
            [
              106.927939394,
              -6.202047783
            ],
            [
              106.928466763,
              -6.20122261
            ],
            [
              106.930973933,
              -6.199661448
            ],
            [
              106.932583105,
              -6.199451974
            ],
            [
              106.933042532,
              -6.198152245
            ],
            [
              106.933082845,
              -6.196674109
            ],
            [
              106.93218709,
              -6.195362847
            ],
            [
              106.93248318,
              -6.192926907
            ],
            [
              106.932104045,
              -6.191019942
            ],
            [
              106.931761583,
              -6.190056977
            ],
            [
              106.930676124,
              -6.188972664
            ],
            [
              106.929643986,
              -6.187232577
            ],
            [
              106.931790678,
              -6.188174714
            ],
            [
              106.932850419,
              -6.188138492
            ],
            [
              106.93367452,
              -6.18852805
            ],
            [
              106.934141196,
              -6.18809361
            ],
            [
              106.934264316,
              -6.186305029
            ],
            [
              106.935712757,
              -6.186292575
            ],
            [
              106.937168121,
              -6.18686856
            ],
            [
              106.938741302,
              -6.19005211
            ],
            [
              106.939281009,
              -6.192224318
            ],
            [
              106.939110673,
              -6.192883687
            ]
          ]
        ]
      }
    },
    {
      "type": "Feature",
      "id": "e91cdec6-4917-5134-a658-cb35654fa0d0",
      "properties": {
        "id": "e91cdec6-4917-5134-a658-cb35654fa0d0",
        "code": "31.75.06.1004",
        "name": "Cakung Timur",
        "districtId": "72a86d08-eb2b-58fe-b57b-abdd2bf23034",
        "districtName": "Cakung",
        "cityId": "f3d6211f-048a-5968-9d3f-a21df7eac6b6",
        "cityName": "Kota Administrasi Jakarta Timur",
        "cityShortName": "JAKARTA TIMUR"
      },
      "geometry": {
        "type": "Polygon",
        "coordinates": [
          [
            [
              106.968546674,
              -6.154520123
            ],
            [
              106.971508668,
              -6.15433276
            ],
            [
              106.971485,
              -6.160468
            ],
            [
              106.971789,
              -6.160452
            ],
            [
              106.971832,
              -6.162155
            ],
            [
              106.972039,
              -6.162182
            ],
            [
              106.971753,
              -6.165344
            ],
            [
              106.972144,
              -6.165402
            ],
            [
              106.971535,
              -6.166967
            ],
            [
              106.97179,
              -6.167099
            ],
            [
              106.971614,
              -6.167772
            ],
            [
              106.972059,
              -6.167981
            ],
            [
              106.971581,
              -6.168941
            ],
            [
              106.972625,
              -6.169388
            ],
            [
              106.972018,
              -6.170737
            ],
            [
              106.972333,
              -6.171645
            ],
            [
              106.972148,
              -6.171926
            ],
            [
              106.972611,
              -6.172481
            ],
            [
              106.972381,
              -6.172882
            ],
            [
              106.973025,
              -6.173217
            ],
            [
              106.972746932,
              -6.173712307
            ],
            [
              106.967314319,
              -6.173452198
            ],
            [
              106.96759453,
              -6.173925808
            ],
            [
              106.966856912,
              -6.173852519
            ],
            [
              106.966817741,
              -6.173566221
            ],
            [
              106.96488694,
              -6.173683392
            ],
            [
              106.964746249,
              -6.17313777
            ],
            [
              106.963534837,
              -6.1731539
            ],
            [
              106.96359686,
              -6.173773931
            ],
            [
              106.961332163,
              -6.179819604
            ],
            [
              106.959718201,
              -6.182370507
            ],
            [
              106.958917229,
              -6.185204243
            ],
            [
              106.958325424,
              -6.185154566
            ],
            [
              106.95790051,
              -6.187055612
            ],
            [
              106.948546546,
              -6.185242589
            ],
            [
              106.948077218,
              -6.191535622
            ],
            [
              106.948890241,
              -6.191628322
            ],
            [
              106.948666219,
              -6.193730286
            ],
            [
              106.943925764,
              -6.193314153
            ],
            [
              106.943378637,
              -6.192804407
            ],
            [
              106.942914523,
              -6.185127474
            ],
            [
              106.943030243,
              -6.177362811
            ],
            [
              106.942493447,
              -6.171394819
            ],
            [
              106.940800775,
              -6.161299484
            ],
            [
              106.940384079,
              -6.155225241
            ],
            [
              106.944331132,
              -6.155017813
            ],
            [
              106.944713091,
              -6.158230953
            ],
            [
              106.944382069,
              -6.162936177
            ],
            [
              106.948674458,
              -6.163139772
            ],
            [
              106.948792245,
              -6.16230339
            ],
            [
              106.950892943,
              -6.162189781
            ],
            [
              106.951089961,
              -6.161483676
            ],
            [
              106.951529686,
              -6.161493194
            ],
            [
              106.951770982,
              -6.161094448
            ],
            [
              106.952199147,
              -6.159890738
            ],
            [
              106.952691992,
              -6.160063619
            ],
            [
              106.953235873,
              -6.158318809
            ],
            [
              106.954270969,
              -6.157656027
            ],
            [
              106.956994528,
              -6.158375167
            ],
            [
              106.958603616,
              -6.15951506
            ],
            [
              106.958625218,
              -6.158883806
            ],
            [
              106.960999455,
              -6.158333631
            ],
            [
              106.960982826,
              -6.15573191
            ],
            [
              106.963475232,
              -6.156291975
            ],
            [
              106.963941827,
              -6.156191415
            ],
            [
              106.963984954,
              -6.155864785
            ],
            [
              106.968546674,
              -6.154520123
            ]
          ]
        ]
      }
    },
    {
      "type": "Feature",
      "id": "a625d718-3357-5ed9-9638-1d3f23aae81e",
      "properties": {
        "id": "a625d718-3357-5ed9-9638-1d3f23aae81e",
        "code": "31.75.06.1005",
        "name": "Pulo Gebang",
        "districtId": "72a86d08-eb2b-58fe-b57b-abdd2bf23034",
        "districtName": "Cakung",
        "cityId": "f3d6211f-048a-5968-9d3f-a21df7eac6b6",
        "cityName": "Kota Administrasi Jakarta Timur",
        "cityShortName": "JAKARTA TIMUR"
      },
      "geometry": {
        "type": "Polygon",
        "coordinates": [
          [
            [
              106.967563801,
              -6.198645537
            ],
            [
              106.966064185,
              -6.201124541
            ],
            [
              106.966461164,
              -6.202213083
            ],
            [
              106.966231531,
              -6.202879377
            ],
            [
              106.966524681,
              -6.2030783
            ],
            [
              106.966151582,
              -6.20441175
            ],
            [
              106.965694725,
              -6.204868606
            ],
            [
              106.966311481,
              -6.205272163
            ],
            [
              106.965852721,
              -6.205808018
            ],
            [
              106.966333372,
              -6.206224899
            ],
            [
              106.966238194,
              -6.20692922
            ],
            [
              106.965119292,
              -6.207897153
            ],
            [
              106.962978967,
              -6.211115374
            ],
            [
              106.962820733,
              -6.212170665
            ],
            [
              106.961337139,
              -6.211693583
            ],
            [
              106.960320796,
              -6.211778046
            ],
            [
              106.960279536,
              -6.21233484
            ],
            [
              106.95902318,
              -6.212338409
            ],
            [
              106.958303669,
              -6.215074491
            ],
            [
              106.958238234,
              -6.216578212
            ],
            [
              106.957611246,
              -6.217767942
            ],
            [
              106.957035416,
              -6.218149846
            ],
            [
              106.955840927,
              -6.217940453
            ],
            [
              106.954984321,
              -6.217412213
            ],
            [
              106.954064659,
              -6.217481217
            ],
            [
              106.953628028,
              -6.21795354
            ],
            [
              106.953789919,
              -6.219205569
            ],
            [
              106.942392097,
              -6.217918716
            ],
            [
              106.942690692,
              -6.215340646
            ],
            [
              106.942139222,
              -6.215141988
            ],
            [
              106.942392229,
              -6.214129259
            ],
            [
              106.941798859,
              -6.213974278
            ],
            [
              106.942201905,
              -6.211836416
            ],
            [
              106.941861654,
              -6.211749299
            ],
            [
              106.942181543,
              -6.210448175
            ],
            [
              106.943248908,
              -6.210697646
            ],
            [
              106.943723733,
              -6.208741457
            ],
            [
              106.943444,
              -6.208396234
            ],
            [
              106.94349691,
              -6.207516119
            ],
            [
              106.941860175,
              -6.207112868
            ],
            [
              106.941967127,
              -6.206554149
            ],
            [
              106.941183245,
              -6.206446867
            ],
            [
              106.941219599,
              -6.205930031
            ],
            [
              106.940155482,
              -6.205814324
            ],
            [
              106.940799088,
              -6.200671545
            ],
            [
              106.940581515,
              -6.200144203
            ],
            [
              106.940158306,
              -6.200013236
            ],
            [
              106.940154677,
              -6.198852059
            ],
            [
              106.941129615,
              -6.198767521
            ],
            [
              106.941392021,
              -6.19799632
            ],
            [
              106.941766305,
              -6.197990771
            ],
            [
              106.941751189,
              -6.193805028
            ],
            [
              106.940628669,
              -6.193379548
            ],
            [
              106.942999977,
              -6.192549496
            ],
            [
              106.944362808,
              -6.193438892
            ],
            [
              106.949430509,
              -6.193847252
            ],
            [
              106.953093887,
              -6.193529707
            ],
            [
              106.955980114,
              -6.194568581
            ],
            [
              106.957185941,
              -6.195479704
            ],
            [
              106.958483556,
              -6.195212633
            ],
            [
              106.961107599,
              -6.196090128
            ],
            [
              106.961952593,
              -6.195765983
            ],
            [
              106.962769863,
              -6.194362521
            ],
            [
              106.964719019,
              -6.192534362
            ],
            [
              106.965946957,
              -6.192118942
            ],
            [
              106.967075939,
              -6.19276779
            ],
            [
              106.966882649,
              -6.194459946
            ],
            [
              106.966352009,
              -6.195232644
            ],
            [
              106.966533343,
              -6.197340031
            ],
            [
              106.967515653,
              -6.19781757
            ],
            [
              106.967111433,
              -6.198555202
            ],
            [
              106.967563801,
              -6.198645537
            ]
          ]
        ]
      }
    },
    {
      "type": "Feature",
      "id": "1321c78a-0971-5e14-8ee5-3a4c1ac7f94e",
      "properties": {
        "id": "1321c78a-0971-5e14-8ee5-3a4c1ac7f94e",
        "code": "31.75.06.1006",
        "name": "Ujung Menteng",
        "districtId": "72a86d08-eb2b-58fe-b57b-abdd2bf23034",
        "districtName": "Cakung",
        "cityId": "f3d6211f-048a-5968-9d3f-a21df7eac6b6",
        "cityName": "Kota Administrasi Jakarta Timur",
        "cityShortName": "JAKARTA TIMUR"
      },
      "geometry": {
        "type": "Polygon",
        "coordinates": [
          [
            [
              106.972746932,
              -6.173712307
            ],
            [
              106.973022,
              -6.175032
            ],
            [
              106.972762,
              -6.175629
            ],
            [
              106.973158,
              -6.176781
            ],
            [
              106.972908465,
              -6.179037598
            ],
            [
              106.973391,
              -6.179231
            ],
            [
              106.972984,
              -6.180226
            ],
            [
              106.973199,
              -6.182833
            ],
            [
              106.972472,
              -6.18536
            ],
            [
              106.973210656,
              -6.185583297
            ],
            [
              106.973004059,
              -6.189441714
            ],
            [
              106.971953139,
              -6.189560667
            ],
            [
              106.972233231,
              -6.189907208
            ],
            [
              106.972139619,
              -6.190970391
            ],
            [
              106.971406297,
              -6.192461159
            ],
            [
              106.971258596,
              -6.19261866
            ],
            [
              106.970637035,
              -6.192121591
            ],
            [
              106.970586751,
              -6.19521176
            ],
            [
              106.97001806,
              -6.195337872
            ],
            [
              106.970518461,
              -6.197898732
            ],
            [
              106.969759512,
              -6.197939251
            ],
            [
              106.968584346,
              -6.198628565
            ],
            [
              106.967111433,
              -6.198555202
            ],
            [
              106.967515653,
              -6.19781757
            ],
            [
              106.966533343,
              -6.197340031
            ],
            [
              106.966352009,
              -6.195232644
            ],
            [
              106.966882649,
              -6.194459946
            ],
            [
              106.967075939,
              -6.19276779
            ],
            [
              106.965946957,
              -6.192118942
            ],
            [
              106.964657283,
              -6.192585438
            ],
            [
              106.962769863,
              -6.194362521
            ],
            [
              106.961952593,
              -6.195765983
            ],
            [
              106.961203851,
              -6.196084632
            ],
            [
              106.9601836,
              -6.195981621
            ],
            [
              106.958483556,
              -6.195212633
            ],
            [
              106.957185941,
              -6.195479704
            ],
            [
              106.955980114,
              -6.194568581
            ],
            [
              106.953122428,
              -6.193533971
            ],
            [
              106.948666219,
              -6.193730286
            ],
            [
              106.948890241,
              -6.191628322
            ],
            [
              106.948077218,
              -6.191535622
            ],
            [
              106.948546546,
              -6.185242589
            ],
            [
              106.95790051,
              -6.187055612
            ],
            [
              106.958325424,
              -6.185154566
            ],
            [
              106.958917229,
              -6.185204243
            ],
            [
              106.959718201,
              -6.182370507
            ],
            [
              106.961332163,
              -6.179819604
            ],
            [
              106.96359686,
              -6.173773931
            ],
            [
              106.963534837,
              -6.1731539
            ],
            [
              106.964746249,
              -6.17313777
            ],
            [
              106.96488694,
              -6.173683392
            ],
            [
              106.966817741,
              -6.173566221
            ],
            [
              106.966856912,
              -6.173852519
            ],
            [
              106.96759453,
              -6.173925808
            ],
            [
              106.967314319,
              -6.173452198
            ],
            [
              106.972746932,
              -6.173712307
            ]
          ]
        ]
      }
    },
    {
      "type": "Feature",
      "id": "de80dd7f-19a5-5091-a22f-76513018209a",
      "properties": {
        "id": "de80dd7f-19a5-5091-a22f-76513018209a",
        "code": "31.75.06.1007",
        "name": "Cakung Barat",
        "districtId": "72a86d08-eb2b-58fe-b57b-abdd2bf23034",
        "districtName": "Cakung",
        "cityId": "f3d6211f-048a-5968-9d3f-a21df7eac6b6",
        "cityName": "Kota Administrasi Jakarta Timur",
        "cityShortName": "JAKARTA TIMUR"
      },
      "geometry": {
        "type": "Polygon",
        "coordinates": [
          [
            [
              106.940156211,
              -6.151346375
            ],
            [
              106.940707219,
              -6.160536646
            ],
            [
              106.942422464,
              -6.170833335
            ],
            [
              106.943030243,
              -6.177362811
            ],
            [
              106.942914523,
              -6.185127474
            ],
            [
              106.94338117,
              -6.192615819
            ],
            [
              106.94068715,
              -6.193385462
            ],
            [
              106.939110673,
              -6.192883687
            ],
            [
              106.939281009,
              -6.192224318
            ],
            [
              106.938762319,
              -6.190118651
            ],
            [
              106.937226815,
              -6.186905424
            ],
            [
              106.935712757,
              -6.186292575
            ],
            [
              106.934264316,
              -6.186305029
            ],
            [
              106.934141196,
              -6.18809361
            ],
            [
              106.93375543,
              -6.188493707
            ],
            [
              106.932850419,
              -6.188138492
            ],
            [
              106.931790678,
              -6.188174714
            ],
            [
              106.929643986,
              -6.187232577
            ],
            [
              106.929349553,
              -6.186818837
            ],
            [
              106.928804867,
              -6.183594903
            ],
            [
              106.927166565,
              -6.183760808
            ],
            [
              106.927105262,
              -6.18412041
            ],
            [
              106.926345107,
              -6.183873416
            ],
            [
              106.926323465,
              -6.18288032
            ],
            [
              106.927502501,
              -6.181106608
            ],
            [
              106.927925478,
              -6.17905815
            ],
            [
              106.927640405,
              -6.177296753
            ],
            [
              106.92706647,
              -6.177361585
            ],
            [
              106.926658566,
              -6.176579392
            ],
            [
              106.926810798,
              -6.175704868
            ],
            [
              106.926238374,
              -6.173471044
            ],
            [
              106.92678659,
              -6.172599898
            ],
            [
              106.925958464,
              -6.171941918
            ],
            [
              106.925294892,
              -6.171902366
            ],
            [
              106.925995381,
              -6.170699437
            ],
            [
              106.92535255,
              -6.170222435
            ],
            [
              106.925907702,
              -6.169684276
            ],
            [
              106.925613064,
              -6.168645188
            ],
            [
              106.923887632,
              -6.168692105
            ],
            [
              106.923536913,
              -6.168433609
            ],
            [
              106.924185193,
              -6.166595995
            ],
            [
              106.924184751,
              -6.165799981
            ],
            [
              106.923669362,
              -6.165139808
            ],
            [
              106.923745344,
              -6.163396382
            ],
            [
              106.922042886,
              -6.162290359
            ],
            [
              106.921995951,
              -6.161622426
            ],
            [
              106.922156104,
              -6.161228193
            ],
            [
              106.924238149,
              -6.161206466
            ],
            [
              106.927935683,
              -6.160540048
            ],
            [
              106.929764173,
              -6.159615426
            ],
            [
              106.933130354,
              -6.159104718
            ],
            [
              106.933096075,
              -6.158471136
            ],
            [
              106.933540558,
              -6.158333366
            ],
            [
              106.933528304,
              -6.157995483
            ],
            [
              106.933797182,
              -6.157997863
            ],
            [
              106.933788101,
              -6.158321394
            ],
            [
              106.935765876,
              -6.158525133
            ],
            [
              106.938713655,
              -6.152853399
            ],
            [
              106.940156211,
              -6.151346375
            ]
          ]
        ]
      }
    },
    {
      "type": "Feature",
      "id": "9db32204-9078-500c-a3fa-620d08ea746e",
      "properties": {
        "id": "9db32204-9078-500c-a3fa-620d08ea746e",
        "code": "31.75.07.1001",
        "name": "Duren Sawit",
        "districtId": "199ea551-69cd-5dbe-aa07-87e51814f080",
        "districtName": "Duren Sawit",
        "cityId": "f3d6211f-048a-5968-9d3f-a21df7eac6b6",
        "cityName": "Kota Administrasi Jakarta Timur",
        "cityShortName": "JAKARTA TIMUR"
      },
      "geometry": {
        "type": "Polygon",
        "coordinates": [
          [
            [
              106.924664278,
              -6.225519557
            ],
            [
              106.923229094,
              -6.229490835
            ],
            [
              106.923830939,
              -6.234122959
            ],
            [
              106.922180155,
              -6.239951013
            ],
            [
              106.922355236,
              -6.240957128
            ],
            [
              106.92170985,
              -6.241668988
            ],
            [
              106.921314568,
              -6.242892338
            ],
            [
              106.920454424,
              -6.243727232
            ],
            [
              106.920087338,
              -6.244741674
            ],
            [
              106.92103748,
              -6.247852881
            ],
            [
              106.914101593,
              -6.248372139
            ],
            [
              106.909780708,
              -6.24747709
            ],
            [
              106.910104042,
              -6.24649579
            ],
            [
              106.909858948,
              -6.246420259
            ],
            [
              106.909959302,
              -6.245548878
            ],
            [
              106.909694265,
              -6.245543439
            ],
            [
              106.910760005,
              -6.242249878
            ],
            [
              106.910936024,
              -6.240598535
            ],
            [
              106.910596501,
              -6.240549078
            ],
            [
              106.910603572,
              -6.239181015
            ],
            [
              106.909885257,
              -6.23916451
            ],
            [
              106.910119173,
              -6.233429475
            ],
            [
              106.908400173,
              -6.233322728
            ],
            [
              106.908434711,
              -6.232825387
            ],
            [
              106.909110029,
              -6.232000628
            ],
            [
              106.908745812,
              -6.2319043
            ],
            [
              106.908754332,
              -6.230547707
            ],
            [
              106.904905413,
              -6.230506454
            ],
            [
              106.904985992,
              -6.228088363
            ],
            [
              106.90328452,
              -6.227455044
            ],
            [
              106.90566599,
              -6.22291162
            ],
            [
              106.907664907,
              -6.223112773
            ],
            [
              106.9089232,
              -6.222883145
            ],
            [
              106.911235756,
              -6.22471471
            ],
            [
              106.912337896,
              -6.225113475
            ],
            [
              106.915619196,
              -6.220920148
            ],
            [
              106.916370775,
              -6.221323018
            ],
            [
              106.916683766,
              -6.220910077
            ],
            [
              106.918111696,
              -6.220701632
            ],
            [
              106.924169834,
              -6.220373146
            ],
            [
              106.924664278,
              -6.225519557
            ]
          ]
        ]
      }
    },
    {
      "type": "Feature",
      "id": "0db8386c-2f17-5da4-bd36-75d194a8bb39",
      "properties": {
        "id": "0db8386c-2f17-5da4-bd36-75d194a8bb39",
        "code": "31.75.07.1002",
        "name": "Pondok Bambu",
        "districtId": "199ea551-69cd-5dbe-aa07-87e51814f080",
        "districtName": "Duren Sawit",
        "cityId": "f3d6211f-048a-5968-9d3f-a21df7eac6b6",
        "cityName": "Kota Administrasi Jakarta Timur",
        "cityShortName": "JAKARTA TIMUR"
      },
      "geometry": {
        "type": "Polygon",
        "coordinates": [
          [
            [
              106.90566599,
              -6.22291162
            ],
            [
              106.90328452,
              -6.227455044
            ],
            [
              106.904985992,
              -6.228088363
            ],
            [
              106.904905413,
              -6.230506454
            ],
            [
              106.908754332,
              -6.230547707
            ],
            [
              106.908745812,
              -6.2319043
            ],
            [
              106.909110029,
              -6.232000628
            ],
            [
              106.908434711,
              -6.232825387
            ],
            [
              106.908400173,
              -6.233322728
            ],
            [
              106.910119173,
              -6.233429475
            ],
            [
              106.909885257,
              -6.23916451
            ],
            [
              106.910603572,
              -6.239181015
            ],
            [
              106.910596501,
              -6.240549078
            ],
            [
              106.910936024,
              -6.240598535
            ],
            [
              106.910760005,
              -6.242249878
            ],
            [
              106.909694265,
              -6.245543439
            ],
            [
              106.909959302,
              -6.245548878
            ],
            [
              106.909858948,
              -6.246420259
            ],
            [
              106.910104042,
              -6.24649579
            ],
            [
              106.909780708,
              -6.24747709
            ],
            [
              106.906372417,
              -6.24660672
            ],
            [
              106.899388765,
              -6.244102489
            ],
            [
              106.894496038,
              -6.240259147
            ],
            [
              106.892163779,
              -6.239520994
            ],
            [
              106.892221797,
              -6.238862095
            ],
            [
              106.892805643,
              -6.23804468
            ],
            [
              106.892203391,
              -6.237224525
            ],
            [
              106.892955721,
              -6.236430078
            ],
            [
              106.892948759,
              -6.235368664
            ],
            [
              106.892548146,
              -6.235198795
            ],
            [
              106.892079298,
              -6.235849207
            ],
            [
              106.891844618,
              -6.235064382
            ],
            [
              106.892075009,
              -6.234653119
            ],
            [
              106.891445127,
              -6.232422771
            ],
            [
              106.890020424,
              -6.231112091
            ],
            [
              106.890133332,
              -6.22941056
            ],
            [
              106.891683063,
              -6.228459501
            ],
            [
              106.891325854,
              -6.228028426
            ],
            [
              106.891401163,
              -6.227363124
            ],
            [
              106.8919787,
              -6.226742328
            ],
            [
              106.892752111,
              -6.226554969
            ],
            [
              106.893410073,
              -6.225279484
            ],
            [
              106.893562035,
              -6.223161126
            ],
            [
              106.899295739,
              -6.223277736
            ],
            [
              106.899138197,
              -6.224407951
            ],
            [
              106.900261616,
              -6.224434506
            ],
            [
              106.903182922,
              -6.224021313
            ],
            [
              106.90451482,
              -6.222743916
            ],
            [
              106.90566599,
              -6.22291162
            ]
          ]
        ]
      }
    },
    {
      "type": "Feature",
      "id": "78775702-adce-583f-b40d-4c76a7e30448",
      "properties": {
        "id": "78775702-adce-583f-b40d-4c76a7e30448",
        "code": "31.75.07.1003",
        "name": "Klender",
        "districtId": "199ea551-69cd-5dbe-aa07-87e51814f080",
        "districtName": "Duren Sawit",
        "cityId": "f3d6211f-048a-5968-9d3f-a21df7eac6b6",
        "cityName": "Kota Administrasi Jakarta Timur",
        "cityShortName": "JAKARTA TIMUR"
      },
      "geometry": {
        "type": "Polygon",
        "coordinates": [
          [
            [
              106.895792576,
              -6.213198824
            ],
            [
              106.907075202,
              -6.213597571
            ],
            [
              106.924745482,
              -6.215771679
            ],
            [
              106.924749307,
              -6.219138624
            ],
            [
              106.924169834,
              -6.220373146
            ],
            [
              106.918111696,
              -6.220701632
            ],
            [
              106.916683766,
              -6.220910077
            ],
            [
              106.916370775,
              -6.221323018
            ],
            [
              106.915619196,
              -6.220920148
            ],
            [
              106.912337896,
              -6.225113475
            ],
            [
              106.911235756,
              -6.22471471
            ],
            [
              106.908859648,
              -6.222868305
            ],
            [
              106.907664907,
              -6.223112773
            ],
            [
              106.90451482,
              -6.222743916
            ],
            [
              106.903182922,
              -6.224021313
            ],
            [
              106.900261616,
              -6.224434506
            ],
            [
              106.899138197,
              -6.224407951
            ],
            [
              106.899295739,
              -6.223277736
            ],
            [
              106.893611042,
              -6.223167559
            ],
            [
              106.894007342,
              -6.222222149
            ],
            [
              106.895714154,
              -6.221393372
            ],
            [
              106.896248333,
              -6.21974588
            ],
            [
              106.895922107,
              -6.218751191
            ],
            [
              106.895100486,
              -6.218173977
            ],
            [
              106.895294321,
              -6.217057198
            ],
            [
              106.895879362,
              -6.216974014
            ],
            [
              106.89619436,
              -6.21626028
            ],
            [
              106.895792576,
              -6.213198824
            ]
          ]
        ]
      }
    },
    {
      "type": "Feature",
      "id": "3c8a2c06-df97-5f1a-aec0-eae89a0df27d",
      "properties": {
        "id": "3c8a2c06-df97-5f1a-aec0-eae89a0df27d",
        "code": "31.75.07.1004",
        "name": "Pondok Kelapa",
        "districtId": "199ea551-69cd-5dbe-aa07-87e51814f080",
        "districtName": "Duren Sawit",
        "cityId": "f3d6211f-048a-5968-9d3f-a21df7eac6b6",
        "cityName": "Kota Administrasi Jakarta Timur",
        "cityShortName": "JAKARTA TIMUR"
      },
      "geometry": {
        "type": "Polygon",
        "coordinates": [
          [
            [
              106.929850411,
              -6.232392995
            ],
            [
              106.934809796,
              -6.232639765
            ],
            [
              106.934744018,
              -6.233155327
            ],
            [
              106.935371741,
              -6.233262043
            ],
            [
              106.935611144,
              -6.232695419
            ],
            [
              106.939146691,
              -6.232796467
            ],
            [
              106.939215735,
              -6.232365644
            ],
            [
              106.939645496,
              -6.232484414
            ],
            [
              106.939290492,
              -6.236064766
            ],
            [
              106.940404338,
              -6.236962932
            ],
            [
              106.942403083,
              -6.237195141
            ],
            [
              106.94277915,
              -6.23751233
            ],
            [
              106.942802086,
              -6.238690851
            ],
            [
              106.943228961,
              -6.238697989
            ],
            [
              106.943263225,
              -6.239183399
            ],
            [
              106.943618717,
              -6.239167695
            ],
            [
              106.943707637,
              -6.243834178
            ],
            [
              106.944914499,
              -6.243798962
            ],
            [
              106.944989135,
              -6.245498452
            ],
            [
              106.944008946,
              -6.24531449
            ],
            [
              106.94406,
              -6.246591528
            ],
            [
              106.944427216,
              -6.246670426
            ],
            [
              106.943732889,
              -6.249356838
            ],
            [
              106.944002521,
              -6.252396329
            ],
            [
              106.943489986,
              -6.252389381
            ],
            [
              106.943430499,
              -6.252765812
            ],
            [
              106.941765833,
              -6.2526715
            ],
            [
              106.94160636,
              -6.253290052
            ],
            [
              106.941084068,
              -6.253219858
            ],
            [
              106.940834224,
              -6.253585105
            ],
            [
              106.93585659,
              -6.253127703
            ],
            [
              106.935815694,
              -6.253501583
            ],
            [
              106.935162977,
              -6.253241918
            ],
            [
              106.934784048,
              -6.253341855
            ],
            [
              106.934783017,
              -6.253661416
            ],
            [
              106.931111244,
              -6.253610759
            ],
            [
              106.930957617,
              -6.254275417
            ],
            [
              106.92721255,
              -6.254085732
            ],
            [
              106.926810956,
              -6.254515284
            ],
            [
              106.925741547,
              -6.254279083
            ],
            [
              106.925682656,
              -6.254750811
            ],
            [
              106.92505078,
              -6.254327792
            ],
            [
              106.92234954,
              -6.254748675
            ],
            [
              106.921764444,
              -6.255102806
            ],
            [
              106.921085333,
              -6.253643034
            ],
            [
              106.920681617,
              -6.253681621
            ],
            [
              106.920388056,
              -6.252981667
            ],
            [
              106.92063498,
              -6.252383387
            ],
            [
              106.920522667,
              -6.250412084
            ],
            [
              106.921031829,
              -6.250514233
            ],
            [
              106.921183525,
              -6.25026383
            ],
            [
              106.920815978,
              -6.249254211
            ],
            [
              106.92098478,
              -6.247531172
            ],
            [
              106.920076439,
              -6.244826803
            ],
            [
              106.920454424,
              -6.243727232
            ],
            [
              106.921314568,
              -6.242892338
            ],
            [
              106.92170985,
              -6.241668988
            ],
            [
              106.922355236,
              -6.240957128
            ],
            [
              106.922180155,
              -6.239951013
            ],
            [
              106.923830939,
              -6.234122959
            ],
            [
              106.923229094,
              -6.229490835
            ],
            [
              106.924447863,
              -6.226676387
            ],
            [
              106.925186978,
              -6.22702579
            ],
            [
              106.925797627,
              -6.228435018
            ],
            [
              106.926341428,
              -6.22848737
            ],
            [
              106.926297425,
              -6.230898832
            ],
            [
              106.926976658,
              -6.231311998
            ],
            [
              106.928120984,
              -6.231332484
            ],
            [
              106.928803243,
              -6.232044159
            ],
            [
              106.929116883,
              -6.231797565
            ],
            [
              106.929850411,
              -6.232392995
            ]
          ]
        ]
      }
    },
    {
      "type": "Feature",
      "id": "a89fcf25-1cbd-5b52-903c-3a9a711e6e1e",
      "properties": {
        "id": "a89fcf25-1cbd-5b52-903c-3a9a711e6e1e",
        "code": "31.75.07.1005",
        "name": "Malaka Sari",
        "districtId": "199ea551-69cd-5dbe-aa07-87e51814f080",
        "districtName": "Duren Sawit",
        "cityId": "f3d6211f-048a-5968-9d3f-a21df7eac6b6",
        "cityName": "Kota Administrasi Jakarta Timur",
        "cityShortName": "JAKARTA TIMUR"
      },
      "geometry": {
        "type": "Polygon",
        "coordinates": [
          [
            [
              106.931378897,
              -6.216606527
            ],
            [
              106.931149893,
              -6.219116398
            ],
            [
              106.932334085,
              -6.222200717
            ],
            [
              106.932158301,
              -6.225030685
            ],
            [
              106.931427939,
              -6.225810803
            ],
            [
              106.932220538,
              -6.228825711
            ],
            [
              106.932079447,
              -6.232515673
            ],
            [
              106.929850411,
              -6.232392995
            ],
            [
              106.929116883,
              -6.231797565
            ],
            [
              106.928803243,
              -6.232044159
            ],
            [
              106.928120984,
              -6.231332484
            ],
            [
              106.926976658,
              -6.231311998
            ],
            [
              106.9262509,
              -6.230846328
            ],
            [
              106.926341428,
              -6.22848737
            ],
            [
              106.925797627,
              -6.228435018
            ],
            [
              106.925186978,
              -6.22702579
            ],
            [
              106.924447863,
              -6.226676387
            ],
            [
              106.924664278,
              -6.225519557
            ],
            [
              106.924170205,
              -6.220433916
            ],
            [
              106.924766763,
              -6.219050245
            ],
            [
              106.924742248,
              -6.215805401
            ],
            [
              106.931378897,
              -6.216606527
            ]
          ]
        ]
      }
    },
    {
      "type": "Feature",
      "id": "fb682c21-eca1-53ff-a907-00152ff95af4",
      "properties": {
        "id": "fb682c21-eca1-53ff-a907-00152ff95af4",
        "code": "31.75.07.1006",
        "name": "Malaka Jaya",
        "districtId": "199ea551-69cd-5dbe-aa07-87e51814f080",
        "districtName": "Duren Sawit",
        "cityId": "f3d6211f-048a-5968-9d3f-a21df7eac6b6",
        "cityName": "Kota Administrasi Jakarta Timur",
        "cityShortName": "JAKARTA TIMUR"
      },
      "geometry": {
        "type": "Polygon",
        "coordinates": [
          [
            [
              106.939175405,
              -6.217522144
            ],
            [
              106.938865862,
              -6.218532387
            ],
            [
              106.939161378,
              -6.220537123
            ],
            [
              106.938966004,
              -6.222962224
            ],
            [
              106.938658732,
              -6.223724254
            ],
            [
              106.93781548,
              -6.224324968
            ],
            [
              106.937936564,
              -6.22662707
            ],
            [
              106.936952339,
              -6.226524922
            ],
            [
              106.937079,
              -6.227288
            ],
            [
              106.936166559,
              -6.227356894
            ],
            [
              106.935416624,
              -6.228442407
            ],
            [
              106.934809796,
              -6.232639765
            ],
            [
              106.932079447,
              -6.232515673
            ],
            [
              106.932220538,
              -6.228825711
            ],
            [
              106.931427939,
              -6.225810803
            ],
            [
              106.932158301,
              -6.225030685
            ],
            [
              106.932334085,
              -6.222200717
            ],
            [
              106.931149893,
              -6.219116398
            ],
            [
              106.931378897,
              -6.216606527
            ],
            [
              106.939175405,
              -6.217522144
            ]
          ]
        ]
      }
    },
    {
      "type": "Feature",
      "id": "78d51714-d8de-5c11-9ea2-c6b266466e00",
      "properties": {
        "id": "78d51714-d8de-5c11-9ea2-c6b266466e00",
        "code": "31.75.07.1007",
        "name": "Pondok Kopi",
        "districtId": "199ea551-69cd-5dbe-aa07-87e51814f080",
        "districtName": "Duren Sawit",
        "cityId": "f3d6211f-048a-5968-9d3f-a21df7eac6b6",
        "cityName": "Kota Administrasi Jakarta Timur",
        "cityShortName": "JAKARTA TIMUR"
      },
      "geometry": {
        "type": "Polygon",
        "coordinates": [
          [
            [
              106.939175405,
              -6.217522144
            ],
            [
              106.951575259,
              -6.21907932
            ],
            [
              106.951492894,
              -6.219443848
            ],
            [
              106.950787622,
              -6.219347718
            ],
            [
              106.948815525,
              -6.222009859
            ],
            [
              106.947499041,
              -6.225555883
            ],
            [
              106.946877724,
              -6.228263218
            ],
            [
              106.946995745,
              -6.230289567
            ],
            [
              106.945534716,
              -6.236871989
            ],
            [
              106.94456698,
              -6.236667643
            ],
            [
              106.94277915,
              -6.23751233
            ],
            [
              106.942403083,
              -6.237195141
            ],
            [
              106.940404338,
              -6.236962932
            ],
            [
              106.939290492,
              -6.236064766
            ],
            [
              106.939645496,
              -6.232484414
            ],
            [
              106.939215735,
              -6.232365644
            ],
            [
              106.939146691,
              -6.232796467
            ],
            [
              106.935611144,
              -6.232695419
            ],
            [
              106.935411866,
              -6.233250332
            ],
            [
              106.934744018,
              -6.233155327
            ],
            [
              106.935343987,
              -6.228587106
            ],
            [
              106.936166559,
              -6.227356894
            ],
            [
              106.937079,
              -6.227288
            ],
            [
              106.936952339,
              -6.226524922
            ],
            [
              106.937936564,
              -6.22662707
            ],
            [
              106.93781548,
              -6.224324968
            ],
            [
              106.938881855,
              -6.223458479
            ],
            [
              106.939165586,
              -6.220819992
            ],
            [
              106.938865862,
              -6.218532387
            ],
            [
              106.939175405,
              -6.217522144
            ]
          ]
        ]
      }
    },
    {
      "type": "Feature",
      "id": "982eda3c-2f74-5d6e-a0bc-0d1606044455",
      "properties": {
        "id": "982eda3c-2f74-5d6e-a0bc-0d1606044455",
        "code": "31.75.08.1001",
        "name": "Makasar",
        "districtId": "52e62a0c-bb68-589d-a30c-b65d7b3ab744",
        "districtName": "Makasar",
        "cityId": "f3d6211f-048a-5968-9d3f-a21df7eac6b6",
        "cityName": "Kota Administrasi Jakarta Timur",
        "cityShortName": "JAKARTA TIMUR"
      },
      "geometry": {
        "type": "Polygon",
        "coordinates": [
          [
            [
              106.877091577,
              -6.265603701
            ],
            [
              106.87772689,
              -6.270400293
            ],
            [
              106.877059948,
              -6.272697413
            ],
            [
              106.877565815,
              -6.273928443
            ],
            [
              106.8783693,
              -6.274150895
            ],
            [
              106.882116982,
              -6.272402167
            ],
            [
              106.882346878,
              -6.272737475
            ],
            [
              106.88218556,
              -6.273616834
            ],
            [
              106.881912957,
              -6.273620451
            ],
            [
              106.881586621,
              -6.27431319
            ],
            [
              106.881527469,
              -6.276078055
            ],
            [
              106.881118777,
              -6.276310638
            ],
            [
              106.881128857,
              -6.277786366
            ],
            [
              106.881479975,
              -6.277943655
            ],
            [
              106.881926007,
              -6.280632563
            ],
            [
              106.881278924,
              -6.28203453
            ],
            [
              106.880340099,
              -6.282903038
            ],
            [
              106.880302394,
              -6.284655012
            ],
            [
              106.879453755,
              -6.286570293
            ],
            [
              106.877990405,
              -6.287410295
            ],
            [
              106.873566279,
              -6.276640043
            ],
            [
              106.872834292,
              -6.273632398
            ],
            [
              106.872626011,
              -6.270811343
            ],
            [
              106.872985237,
              -6.264767212
            ],
            [
              106.87542006,
              -6.265029591
            ],
            [
              106.877091577,
              -6.265603701
            ]
          ]
        ]
      }
    },
    {
      "type": "Feature",
      "id": "48a06947-ae99-54a3-a240-09d35b0b9de5",
      "properties": {
        "id": "48a06947-ae99-54a3-a240-09d35b0b9de5",
        "code": "31.75.08.1002",
        "name": "Pinangranti",
        "districtId": "52e62a0c-bb68-589d-a30c-b65d7b3ab744",
        "districtName": "Makasar",
        "cityId": "f3d6211f-048a-5968-9d3f-a21df7eac6b6",
        "cityName": "Kota Administrasi Jakarta Timur",
        "cityShortName": "JAKARTA TIMUR"
      },
      "geometry": {
        "type": "Polygon",
        "coordinates": [
          [
            [
              106.888138663,
              -6.290581159
            ],
            [
              106.889409386,
              -6.293333572
            ],
            [
              106.889592897,
              -6.294565794
            ],
            [
              106.890610289,
              -6.296333459
            ],
            [
              106.892805824,
              -6.297183613
            ],
            [
              106.892797291,
              -6.298309245
            ],
            [
              106.89478829,
              -6.298313977
            ],
            [
              106.894971581,
              -6.299000194
            ],
            [
              106.892136405,
              -6.298973655
            ],
            [
              106.892266912,
              -6.301673207
            ],
            [
              106.892536741,
              -6.301698714
            ],
            [
              106.892575923,
              -6.302547146
            ],
            [
              106.889428169,
              -6.302588072
            ],
            [
              106.889376403,
              -6.302086747
            ],
            [
              106.883348091,
              -6.30211645
            ],
            [
              106.88235114,
              -6.298074793
            ],
            [
              106.877990405,
              -6.287410295
            ],
            [
              106.879453755,
              -6.286570293
            ],
            [
              106.880302394,
              -6.284655012
            ],
            [
              106.880340099,
              -6.282903038
            ],
            [
              106.881278924,
              -6.28203453
            ],
            [
              106.881926007,
              -6.280632563
            ],
            [
              106.881479975,
              -6.277943655
            ],
            [
              106.881128857,
              -6.277786366
            ],
            [
              106.881118777,
              -6.276310638
            ],
            [
              106.881527469,
              -6.276078055
            ],
            [
              106.881632549,
              -6.275212252
            ],
            [
              106.883272697,
              -6.275234322
            ],
            [
              106.884755172,
              -6.279265787
            ],
            [
              106.884710543,
              -6.281159068
            ],
            [
              106.885356248,
              -6.281674939
            ],
            [
              106.885576056,
              -6.28264847
            ],
            [
              106.886244235,
              -6.283630926
            ],
            [
              106.885970796,
              -6.284227653
            ],
            [
              106.886841057,
              -6.28797373
            ],
            [
              106.886729092,
              -6.289117782
            ],
            [
              106.887685912,
              -6.29058375
            ],
            [
              106.888138663,
              -6.290581159
            ]
          ]
        ]
      }
    },
    {
      "type": "Feature",
      "id": "8c698f51-da61-56b4-8fa8-cf467cea96b0",
      "properties": {
        "id": "8c698f51-da61-56b4-8fa8-cf467cea96b0",
        "code": "31.75.08.1003",
        "name": "Kebon Pala",
        "districtId": "52e62a0c-bb68-589d-a30c-b65d7b3ab744",
        "districtName": "Makasar",
        "cityId": "f3d6211f-048a-5968-9d3f-a21df7eac6b6",
        "cityName": "Kota Administrasi Jakarta Timur",
        "cityShortName": "JAKARTA TIMUR"
      },
      "geometry": {
        "type": "Polygon",
        "coordinates": [
          [
            [
              106.878851313,
              -6.23998033
            ],
            [
              106.878868689,
              -6.241138562
            ],
            [
              106.879424541,
              -6.241876637
            ],
            [
              106.8790381,
              -6.244143918
            ],
            [
              106.87988839,
              -6.245833336
            ],
            [
              106.879632572,
              -6.246531039
            ],
            [
              106.881564871,
              -6.247808863
            ],
            [
              106.88196079,
              -6.248621757
            ],
            [
              106.881413007,
              -6.250000005
            ],
            [
              106.88170306,
              -6.252739521
            ],
            [
              106.881131856,
              -6.253540558
            ],
            [
              106.882353852,
              -6.256218716
            ],
            [
              106.882129029,
              -6.256698462
            ],
            [
              106.882548985,
              -6.257115714
            ],
            [
              106.882091427,
              -6.257882281
            ],
            [
              106.882318577,
              -6.258259343
            ],
            [
              106.881735348,
              -6.258728123
            ],
            [
              106.882764371,
              -6.258870946
            ],
            [
              106.882476391,
              -6.259927071
            ],
            [
              106.882668573,
              -6.260648073
            ],
            [
              106.882134424,
              -6.262564304
            ],
            [
              106.884239961,
              -6.264093493
            ],
            [
              106.88325733,
              -6.265597452
            ],
            [
              106.883687889,
              -6.26689668
            ],
            [
              106.882249579,
              -6.267036808
            ],
            [
              106.880025589,
              -6.265554715
            ],
            [
              106.877676259,
              -6.266043068
            ],
            [
              106.877251765,
              -6.266516702
            ],
            [
              106.877091577,
              -6.265603701
            ],
            [
              106.87542006,
              -6.265029591
            ],
            [
              106.872985237,
              -6.264767212
            ],
            [
              106.873235714,
              -6.259598658
            ],
            [
              106.872412657,
              -6.255682444
            ],
            [
              106.872491894,
              -6.253817759
            ],
            [
              106.876250559,
              -6.244133541
            ],
            [
              106.877228336,
              -6.24299511
            ],
            [
              106.877958798,
              -6.240030494
            ],
            [
              106.878851313,
              -6.23998033
            ]
          ]
        ]
      }
    },
    {
      "type": "Feature",
      "id": "8bb787a2-0f73-5383-b5b8-1339ed0dbaf0",
      "properties": {
        "id": "8bb787a2-0f73-5383-b5b8-1339ed0dbaf0",
        "code": "31.75.08.1004",
        "name": "Halim Perdana Kusuma",
        "districtId": "52e62a0c-bb68-589d-a30c-b65d7b3ab744",
        "districtName": "Makasar",
        "cityId": "f3d6211f-048a-5968-9d3f-a21df7eac6b6",
        "cityName": "Kota Administrasi Jakarta Timur",
        "cityShortName": "JAKARTA TIMUR"
      },
      "geometry": {
        "type": "Polygon",
        "coordinates": [
          [
            [
              106.90536904,
              -6.260229434
            ],
            [
              106.904348122,
              -6.262099554
            ],
            [
              106.905558791,
              -6.263327356
            ],
            [
              106.905050539,
              -6.263377325
            ],
            [
              106.905298954,
              -6.264526605
            ],
            [
              106.904770714,
              -6.264657951
            ],
            [
              106.90500057,
              -6.26554311
            ],
            [
              106.904566556,
              -6.266165577
            ],
            [
              106.905076237,
              -6.266462534
            ],
            [
              106.904906343,
              -6.267670348
            ],
            [
              106.905537376,
              -6.267768858
            ],
            [
              106.905628748,
              -6.268829622
            ],
            [
              106.904924903,
              -6.269176547
            ],
            [
              106.904241046,
              -6.270335821
            ],
            [
              106.905497401,
              -6.270307267
            ],
            [
              106.905691565,
              -6.271312351
            ],
            [
              106.906129862,
              -6.271754931
            ],
            [
              106.906562448,
              -6.27160217
            ],
            [
              106.907077839,
              -6.272270322
            ],
            [
              106.908388446,
              -6.27200763
            ],
            [
              106.908556912,
              -6.272831399
            ],
            [
              106.909404952,
              -6.272662933
            ],
            [
              106.90964623,
              -6.272233203
            ],
            [
              106.910063111,
              -6.272701481
            ],
            [
              106.909296449,
              -6.273619477
            ],
            [
              106.909137977,
              -6.274387567
            ],
            [
              106.909343562,
              -6.275932313
            ],
            [
              106.908602531,
              -6.278992716
            ],
            [
              106.908950884,
              -6.280872966
            ],
            [
              106.908746726,
              -6.281601081
            ],
            [
              106.907934378,
              -6.282439127
            ],
            [
              106.908489744,
              -6.282746078
            ],
            [
              106.908739816,
              -6.28437119
            ],
            [
              106.900096693,
              -6.285363526
            ],
            [
              106.897454814,
              -6.288560055
            ],
            [
              106.89625994,
              -6.289458509
            ],
            [
              106.887747083,
              -6.29064715
            ],
            [
              106.886729092,
              -6.289117782
            ],
            [
              106.886841057,
              -6.28797373
            ],
            [
              106.885970796,
              -6.284227653
            ],
            [
              106.886244235,
              -6.283630926
            ],
            [
              106.885576056,
              -6.28264847
            ],
            [
              106.885356248,
              -6.281674939
            ],
            [
              106.884710543,
              -6.281159068
            ],
            [
              106.884755172,
              -6.279265787
            ],
            [
              106.883272697,
              -6.275234322
            ],
            [
              106.881632549,
              -6.275212252
            ],
            [
              106.881586621,
              -6.27431319
            ],
            [
              106.881912957,
              -6.273620451
            ],
            [
              106.88218556,
              -6.273616834
            ],
            [
              106.882310996,
              -6.272608269
            ],
            [
              106.882116982,
              -6.272402167
            ],
            [
              106.878193546,
              -6.274190391
            ],
            [
              106.877565815,
              -6.273928443
            ],
            [
              106.877070719,
              -6.272812265
            ],
            [
              106.87772689,
              -6.270400293
            ],
            [
              106.877328359,
              -6.26630152
            ],
            [
              106.880025589,
              -6.265554715
            ],
            [
              106.882249579,
              -6.267036808
            ],
            [
              106.883687889,
              -6.26689668
            ],
            [
              106.88325733,
              -6.265597452
            ],
            [
              106.884239961,
              -6.264093493
            ],
            [
              106.882134424,
              -6.262564304
            ],
            [
              106.882668573,
              -6.260648073
            ],
            [
              106.882476391,
              -6.259927071
            ],
            [
              106.882764371,
              -6.258870946
            ],
            [
              106.881735348,
              -6.258728123
            ],
            [
              106.882318577,
              -6.258259343
            ],
            [
              106.882091427,
              -6.257882281
            ],
            [
              106.882548985,
              -6.257115714
            ],
            [
              106.882129029,
              -6.256698462
            ],
            [
              106.882353852,
              -6.256218716
            ],
            [
              106.881131856,
              -6.253540558
            ],
            [
              106.88170306,
              -6.252739521
            ],
            [
              106.881413007,
              -6.250000005
            ],
            [
              106.88196079,
              -6.248621757
            ],
            [
              106.881564871,
              -6.247808863
            ],
            [
              106.879632572,
              -6.246531039
            ],
            [
              106.87988839,
              -6.245833336
            ],
            [
              106.8790381,
              -6.244143918
            ],
            [
              106.879344401,
              -6.243403048
            ],
            [
              106.879376421,
              -6.241731166
            ],
            [
              106.887051673,
              -6.241093362
            ],
            [
              106.890461816,
              -6.241234387
            ],
            [
              106.893597879,
              -6.241910737
            ],
            [
              106.893682101,
              -6.242136377
            ],
            [
              106.893244556,
              -6.242369727
            ],
            [
              106.893339577,
              -6.2432869
            ],
            [
              106.89534982,
              -6.243892069
            ],
            [
              106.899234775,
              -6.245854016
            ],
            [
              106.8997549,
              -6.246248752
            ],
            [
              106.900300342,
              -6.248158107
            ],
            [
              106.901154023,
              -6.248463067
            ],
            [
              106.901060877,
              -6.249245515
            ],
            [
              106.901745978,
              -6.249514605
            ],
            [
              106.90173961,
              -6.25045918
            ],
            [
              106.902327415,
              -6.252256635
            ],
            [
              106.902982337,
              -6.252407702
            ],
            [
              106.903524757,
              -6.253001393
            ],
            [
              106.903267387,
              -6.253964938
            ],
            [
              106.904504941,
              -6.254811799
            ],
            [
              106.904379575,
              -6.255985469
            ],
            [
              106.903956384,
              -6.256315734
            ],
            [
              106.904229058,
              -6.256861245
            ],
            [
              106.904516014,
              -6.256961699
            ],
            [
              106.904885368,
              -6.256383792
            ],
            [
              106.905172372,
              -6.256810858
            ],
            [
              106.905699549,
              -6.256286764
            ],
            [
              106.9065605,
              -6.257126497
            ],
            [
              106.905717724,
              -6.257905469
            ],
            [
              106.905265768,
              -6.257761969
            ],
            [
              106.905495458,
              -6.258680759
            ],
            [
              106.90611956,
              -6.258687844
            ],
            [
              106.906442437,
              -6.25913644
            ],
            [
              106.90536904,
              -6.260229434
            ]
          ]
        ]
      }
    },
    {
      "type": "Feature",
      "id": "4112a8bf-d99d-5108-b141-15c293cf432b",
      "properties": {
        "id": "4112a8bf-d99d-5108-b141-15c293cf432b",
        "code": "31.75.08.1005",
        "name": "Cipinang Melayu",
        "districtId": "52e62a0c-bb68-589d-a30c-b65d7b3ab744",
        "districtName": "Makasar",
        "cityId": "f3d6211f-048a-5968-9d3f-a21df7eac6b6",
        "cityName": "Kota Administrasi Jakarta Timur",
        "cityShortName": "JAKARTA TIMUR"
      },
      "geometry": {
        "type": "Polygon",
        "coordinates": [
          [
            [
              106.892163779,
              -6.239520994
            ],
            [
              106.894496038,
              -6.240259147
            ],
            [
              106.898969097,
              -6.243908732
            ],
            [
              106.906372417,
              -6.24660672
            ],
            [
              106.913642948,
              -6.248349912
            ],
            [
              106.92103748,
              -6.247852881
            ],
            [
              106.920815978,
              -6.249254211
            ],
            [
              106.921183525,
              -6.25026383
            ],
            [
              106.921031829,
              -6.250514233
            ],
            [
              106.920522667,
              -6.250412084
            ],
            [
              106.920489365,
              -6.251218424
            ],
            [
              106.919243641,
              -6.251178347
            ],
            [
              106.917821058,
              -6.25177919
            ],
            [
              106.917605455,
              -6.252311039
            ],
            [
              106.918577063,
              -6.252578235
            ],
            [
              106.918700795,
              -6.253813176
            ],
            [
              106.918316513,
              -6.25379295
            ],
            [
              106.918267734,
              -6.254869894
            ],
            [
              106.91712919,
              -6.254838336
            ],
            [
              106.916961139,
              -6.256283223
            ],
            [
              106.916572075,
              -6.256120181
            ],
            [
              106.915611645,
              -6.256962433
            ],
            [
              106.914774075,
              -6.25693269
            ],
            [
              106.91475918,
              -6.256210392
            ],
            [
              106.913037465,
              -6.256098954
            ],
            [
              106.911975593,
              -6.255090673
            ],
            [
              106.911439895,
              -6.255470634
            ],
            [
              106.91009,
              -6.255397
            ],
            [
              106.910409492,
              -6.258042788
            ],
            [
              106.90536904,
              -6.260229434
            ],
            [
              106.906442437,
              -6.25913644
            ],
            [
              106.90611956,
              -6.258687844
            ],
            [
              106.905495458,
              -6.258680759
            ],
            [
              106.905265768,
              -6.257761969
            ],
            [
              106.905717724,
              -6.257905469
            ],
            [
              106.9065605,
              -6.257126497
            ],
            [
              106.905699549,
              -6.256286764
            ],
            [
              106.905172372,
              -6.256810858
            ],
            [
              106.904885368,
              -6.256383792
            ],
            [
              106.904516014,
              -6.256961699
            ],
            [
              106.904229058,
              -6.256861245
            ],
            [
              106.903956384,
              -6.256315734
            ],
            [
              106.904379575,
              -6.255985469
            ],
            [
              106.904504941,
              -6.254811799
            ],
            [
              106.903267387,
              -6.253964938
            ],
            [
              106.903524757,
              -6.253001393
            ],
            [
              106.902982337,
              -6.252407702
            ],
            [
              106.902327415,
              -6.252256635
            ],
            [
              106.90173961,
              -6.25045918
            ],
            [
              106.901745978,
              -6.249514605
            ],
            [
              106.901060877,
              -6.249245515
            ],
            [
              106.901154023,
              -6.248463067
            ],
            [
              106.900300342,
              -6.248158107
            ],
            [
              106.8997549,
              -6.246248752
            ],
            [
              106.899234775,
              -6.245854016
            ],
            [
              106.89534982,
              -6.243892069
            ],
            [
              106.893339577,
              -6.2432869
            ],
            [
              106.893244556,
              -6.242369727
            ],
            [
              106.893682101,
              -6.242136377
            ],
            [
              106.893597879,
              -6.241910737
            ],
            [
              106.890461816,
              -6.241234387
            ],
            [
              106.887856583,
              -6.241071751
            ],
            [
              106.879376421,
              -6.241731166
            ],
            [
              106.878868689,
              -6.241138562
            ],
            [
              106.878851313,
              -6.23998033
            ],
            [
              106.892163779,
              -6.239520994
            ]
          ]
        ]
      }
    },
    {
      "type": "Feature",
      "id": "7ec87ba7-0475-5933-97c6-604e89d3ddc5",
      "properties": {
        "id": "7ec87ba7-0475-5933-97c6-604e89d3ddc5",
        "code": "31.75.09.1001",
        "name": "Ciracas",
        "districtId": "9fa7044a-db6c-5e95-aca3-7f23a2e623e0",
        "districtName": "Ciracas",
        "cityId": "f3d6211f-048a-5968-9d3f-a21df7eac6b6",
        "cityName": "Kota Administrasi Jakarta Timur",
        "cityShortName": "JAKARTA TIMUR"
      },
      "geometry": {
        "type": "Polygon",
        "coordinates": [
          [
            [
              106.886953238,
              -6.319411317
            ],
            [
              106.887403472,
              -6.331770816
            ],
            [
              106.886762459,
              -6.331884362
            ],
            [
              106.886464076,
              -6.329340411
            ],
            [
              106.880317304,
              -6.327891675
            ],
            [
              106.880930292,
              -6.329308268
            ],
            [
              106.880480453,
              -6.330272525
            ],
            [
              106.880840649,
              -6.330923914
            ],
            [
              106.879584737,
              -6.331314309
            ],
            [
              106.87931832,
              -6.330867211
            ],
            [
              106.878340611,
              -6.33105519
            ],
            [
              106.878244681,
              -6.331950466
            ],
            [
              106.87767161,
              -6.332161859
            ],
            [
              106.877422968,
              -6.333160313
            ],
            [
              106.876597652,
              -6.334198984
            ],
            [
              106.876056058,
              -6.334158506
            ],
            [
              106.875264778,
              -6.335124475
            ],
            [
              106.874839971,
              -6.335078644
            ],
            [
              106.874903646,
              -6.335846366
            ],
            [
              106.874360724,
              -6.335848279
            ],
            [
              106.874105861,
              -6.336780732
            ],
            [
              106.874511458,
              -6.337255771
            ],
            [
              106.873684637,
              -6.337916247
            ],
            [
              106.873407133,
              -6.338777922
            ],
            [
              106.872845638,
              -6.339022951
            ],
            [
              106.872880541,
              -6.339667102
            ],
            [
              106.871374446,
              -6.338508654
            ],
            [
              106.868157353,
              -6.337706332
            ],
            [
              106.867604128,
              -6.335696878
            ],
            [
              106.867254675,
              -6.332088713
            ],
            [
              106.866564631,
              -6.330542064
            ],
            [
              106.8638567,
              -6.327696001
            ],
            [
              106.863532405,
              -6.326786084
            ],
            [
              106.863732279,
              -6.325141876
            ],
            [
              106.864835246,
              -6.321899272
            ],
            [
              106.866377789,
              -6.322096305
            ],
            [
              106.866693511,
              -6.32126469
            ],
            [
              106.868693009,
              -6.322371798
            ],
            [
              106.868959439,
              -6.321957624
            ],
            [
              106.870058206,
              -6.322299995
            ],
            [
              106.870254195,
              -6.320843103
            ],
            [
              106.87089446,
              -6.319586365
            ],
            [
              106.872474373,
              -6.32013319
            ],
            [
              106.873379708,
              -6.3159828
            ],
            [
              106.874722419,
              -6.314198522
            ],
            [
              106.875526923,
              -6.314617039
            ],
            [
              106.875713057,
              -6.314317039
            ],
            [
              106.876019407,
              -6.314404447
            ],
            [
              106.878014274,
              -6.315391622
            ],
            [
              106.878783932,
              -6.316260679
            ],
            [
              106.880711603,
              -6.317063525
            ],
            [
              106.881495099,
              -6.318184908
            ],
            [
              106.883694318,
              -6.318902148
            ],
            [
              106.8852384,
              -6.31840324
            ],
            [
              106.886953238,
              -6.319411317
            ]
          ]
        ]
      }
    },
    {
      "type": "Feature",
      "id": "7a68a51f-2d74-5679-84c7-faadb3a25a5e",
      "properties": {
        "id": "7a68a51f-2d74-5679-84c7-faadb3a25a5e",
        "code": "31.75.09.1002",
        "name": "Cibubur",
        "districtId": "9fa7044a-db6c-5e95-aca3-7f23a2e623e0",
        "districtName": "Ciracas",
        "cityId": "f3d6211f-048a-5968-9d3f-a21df7eac6b6",
        "cityName": "Kota Administrasi Jakarta Timur",
        "cityShortName": "JAKARTA TIMUR"
      },
      "geometry": {
        "type": "Polygon",
        "coordinates": [
          [
            [
              106.872880541,
              -6.339667102
            ],
            [
              106.873925417,
              -6.34062044
            ],
            [
              106.879249258,
              -6.339906027
            ],
            [
              106.876680214,
              -6.349634358
            ],
            [
              106.878456137,
              -6.351204719
            ],
            [
              106.879732982,
              -6.351633514
            ],
            [
              106.888987005,
              -6.352291844
            ],
            [
              106.891544516,
              -6.351333241
            ],
            [
              106.89285793,
              -6.356122709
            ],
            [
              106.895649582,
              -6.371431773
            ],
            [
              106.893318,
              -6.370062
            ],
            [
              106.889742023,
              -6.368714765
            ],
            [
              106.889088773,
              -6.367932515
            ],
            [
              106.887418889,
              -6.372612222
            ],
            [
              106.884677102,
              -6.372512971
            ],
            [
              106.884785,
              -6.372007222
            ],
            [
              106.883881111,
              -6.37211
            ],
            [
              106.883112366,
              -6.371595373
            ],
            [
              106.883630509,
              -6.370340315
            ],
            [
              106.882660679,
              -6.369952728
            ],
            [
              106.883099527,
              -6.368332798
            ],
            [
              106.883900978,
              -6.367791627
            ],
            [
              106.88375288,
              -6.366521905
            ],
            [
              106.883219584,
              -6.36584566
            ],
            [
              106.883599982,
              -6.364918488
            ],
            [
              106.882380378,
              -6.364883463
            ],
            [
              106.882062408,
              -6.365225512
            ],
            [
              106.882202543,
              -6.366279966
            ],
            [
              106.881009388,
              -6.366614439
            ],
            [
              106.880649193,
              -6.366195918
            ],
            [
              106.880889835,
              -6.365301551
            ],
            [
              106.880664746,
              -6.364556001
            ],
            [
              106.880086291,
              -6.364281806
            ],
            [
              106.87993697,
              -6.36464477
            ],
            [
              106.879517541,
              -6.36470371
            ],
            [
              106.878876221,
              -6.363909436
            ],
            [
              106.878290534,
              -6.363995817
            ],
            [
              106.87792641,
              -6.363152689
            ],
            [
              106.878344268,
              -6.361965173
            ],
            [
              106.879045053,
              -6.361725254
            ],
            [
              106.878687694,
              -6.361427527
            ],
            [
              106.878990189,
              -6.361103478
            ],
            [
              106.877362658,
              -6.361329477
            ],
            [
              106.876801499,
              -6.361537247
            ],
            [
              106.87663559,
              -6.361942134
            ],
            [
              106.875847411,
              -6.36152875
            ],
            [
              106.875161618,
              -6.361655635
            ],
            [
              106.874012688,
              -6.361327285
            ],
            [
              106.873676453,
              -6.360919435
            ],
            [
              106.872709265,
              -6.36125546
            ],
            [
              106.871327563,
              -6.360035647
            ],
            [
              106.872300878,
              -6.35874989
            ],
            [
              106.872008424,
              -6.357884964
            ],
            [
              106.872944705,
              -6.35759929
            ],
            [
              106.874270566,
              -6.355946245
            ],
            [
              106.873238855,
              -6.355629425
            ],
            [
              106.873045025,
              -6.354926814
            ],
            [
              106.872474175,
              -6.355098729
            ],
            [
              106.872050834,
              -6.35374387
            ],
            [
              106.871050938,
              -6.353627877
            ],
            [
              106.871049797,
              -6.353312107
            ],
            [
              106.871621062,
              -6.353178077
            ],
            [
              106.871035719,
              -6.352704726
            ],
            [
              106.870235117,
              -6.352839
            ],
            [
              106.869306262,
              -6.354451847
            ],
            [
              106.868677303,
              -6.353449227
            ],
            [
              106.869032974,
              -6.353635208
            ],
            [
              106.869439374,
              -6.353060507
            ],
            [
              106.869789185,
              -6.351709244
            ],
            [
              106.868551478,
              -6.351131492
            ],
            [
              106.868863501,
              -6.350090617
            ],
            [
              106.869311922,
              -6.350022388
            ],
            [
              106.869380055,
              -6.349674235
            ],
            [
              106.868737823,
              -6.348593955
            ],
            [
              106.869871409,
              -6.348177524
            ],
            [
              106.869632759,
              -6.347083752
            ],
            [
              106.870305398,
              -6.347110615
            ],
            [
              106.870157362,
              -6.346424205
            ],
            [
              106.871861318,
              -6.34578699
            ],
            [
              106.873242292,
              -6.343857707
            ],
            [
              106.873076345,
              -6.343503294
            ],
            [
              106.872529287,
              -6.343691771
            ],
            [
              106.872166041,
              -6.343404672
            ],
            [
              106.872533636,
              -6.342117035
            ],
            [
              106.872121063,
              -6.341811994
            ],
            [
              106.872008896,
              -6.341071742
            ],
            [
              106.871376616,
              -6.340982068
            ],
            [
              106.871591817,
              -6.340510975
            ],
            [
              106.872461739,
              -6.340380793
            ],
            [
              106.872098469,
              -6.339788616
            ],
            [
              106.872880541,
              -6.339667102
            ]
          ]
        ]
      }
    },
    {
      "type": "Feature",
      "id": "76c4f955-d211-5695-b575-0446cd473e46",
      "properties": {
        "id": "76c4f955-d211-5695-b575-0446cd473e46",
        "code": "31.75.09.1003",
        "name": "Kelapa Dua Wetan",
        "districtId": "9fa7044a-db6c-5e95-aca3-7f23a2e623e0",
        "districtName": "Ciracas",
        "cityId": "f3d6211f-048a-5968-9d3f-a21df7eac6b6",
        "cityName": "Kota Administrasi Jakarta Timur",
        "cityShortName": "JAKARTA TIMUR"
      },
      "geometry": {
        "type": "Polygon",
        "coordinates": [
          [
            [
              106.887403472,
              -6.331770816
            ],
            [
              106.890073239,
              -6.345900564
            ],
            [
              106.891544516,
              -6.351333241
            ],
            [
              106.888987005,
              -6.352291844
            ],
            [
              106.879732982,
              -6.351633514
            ],
            [
              106.878456137,
              -6.351204719
            ],
            [
              106.876680214,
              -6.349634358
            ],
            [
              106.879249258,
              -6.339906027
            ],
            [
              106.873925417,
              -6.34062044
            ],
            [
              106.872880541,
              -6.339667102
            ],
            [
              106.872845638,
              -6.339022951
            ],
            [
              106.873407133,
              -6.338777922
            ],
            [
              106.873684637,
              -6.337916247
            ],
            [
              106.874511458,
              -6.337255771
            ],
            [
              106.874105861,
              -6.336780732
            ],
            [
              106.874360724,
              -6.335848279
            ],
            [
              106.874903646,
              -6.335846366
            ],
            [
              106.874839971,
              -6.335078644
            ],
            [
              106.875264778,
              -6.335124475
            ],
            [
              106.876056058,
              -6.334158506
            ],
            [
              106.876597652,
              -6.334198984
            ],
            [
              106.877422968,
              -6.333160313
            ],
            [
              106.87767161,
              -6.332161859
            ],
            [
              106.878244681,
              -6.331950466
            ],
            [
              106.878340611,
              -6.33105519
            ],
            [
              106.87931832,
              -6.330867211
            ],
            [
              106.879584737,
              -6.331314309
            ],
            [
              106.880840649,
              -6.330923914
            ],
            [
              106.880480453,
              -6.330272525
            ],
            [
              106.880930292,
              -6.329308268
            ],
            [
              106.880223461,
              -6.327925028
            ],
            [
              106.886464076,
              -6.329340411
            ],
            [
              106.886762459,
              -6.331884362
            ],
            [
              106.887403472,
              -6.331770816
            ]
          ]
        ]
      }
    },
    {
      "type": "Feature",
      "id": "d41a1c6a-f505-5d50-9cea-57548a2f9764",
      "properties": {
        "id": "d41a1c6a-f505-5d50-9cea-57548a2f9764",
        "code": "31.75.09.1004",
        "name": "Susukan",
        "districtId": "9fa7044a-db6c-5e95-aca3-7f23a2e623e0",
        "districtName": "Ciracas",
        "cityId": "f3d6211f-048a-5968-9d3f-a21df7eac6b6",
        "cityName": "Kota Administrasi Jakarta Timur",
        "cityShortName": "JAKARTA TIMUR"
      },
      "geometry": {
        "type": "Polygon",
        "coordinates": [
          [
            [
              106.8669625,
              -6.303022162
            ],
            [
              106.868382231,
              -6.303653054
            ],
            [
              106.871788629,
              -6.304177067
            ],
            [
              106.872780548,
              -6.305171176
            ],
            [
              106.873375314,
              -6.307576977
            ],
            [
              106.874947482,
              -6.308738597
            ],
            [
              106.876351131,
              -6.309192968
            ],
            [
              106.876015772,
              -6.312060939
            ],
            [
              106.875049306,
              -6.312333484
            ],
            [
              106.875411795,
              -6.312928249
            ],
            [
              106.873379708,
              -6.3159828
            ],
            [
              106.872574415,
              -6.319939329
            ],
            [
              106.872474373,
              -6.32013319
            ],
            [
              106.87089446,
              -6.319586365
            ],
            [
              106.870254195,
              -6.320843103
            ],
            [
              106.870058206,
              -6.322299995
            ],
            [
              106.868959439,
              -6.321957624
            ],
            [
              106.868693009,
              -6.322371798
            ],
            [
              106.866693511,
              -6.32126469
            ],
            [
              106.866377789,
              -6.322096305
            ],
            [
              106.864835246,
              -6.321899272
            ],
            [
              106.864768939,
              -6.319407871
            ],
            [
              106.862916885,
              -6.314497972
            ],
            [
              106.862252476,
              -6.31170259
            ],
            [
              106.862486917,
              -6.310290133
            ],
            [
              106.865797342,
              -6.304486034
            ],
            [
              106.8669625,
              -6.303022162
            ]
          ]
        ]
      }
    },
    {
      "type": "Feature",
      "id": "6a808be6-856d-5c1d-89c5-4b8133fdf5f1",
      "properties": {
        "id": "6a808be6-856d-5c1d-89c5-4b8133fdf5f1",
        "code": "31.75.09.1005",
        "name": "Rambutan",
        "districtId": "9fa7044a-db6c-5e95-aca3-7f23a2e623e0",
        "districtName": "Ciracas",
        "cityId": "f3d6211f-048a-5968-9d3f-a21df7eac6b6",
        "cityName": "Kota Administrasi Jakarta Timur",
        "cityShortName": "JAKARTA TIMUR"
      },
      "geometry": {
        "type": "Polygon",
        "coordinates": [
          [
            [
              106.872111973,
              -6.287429722
            ],
            [
              106.871821905,
              -6.288286175
            ],
            [
              106.872154553,
              -6.289079417
            ],
            [
              106.872726319,
              -6.289386383
            ],
            [
              106.873289609,
              -6.290893776
            ],
            [
              106.874091286,
              -6.291498355
            ],
            [
              106.873634861,
              -6.292073085
            ],
            [
              106.87328612,
              -6.292024359
            ],
            [
              106.87312835,
              -6.292688365
            ],
            [
              106.873730996,
              -6.292996979
            ],
            [
              106.87352663,
              -6.293693292
            ],
            [
              106.873836355,
              -6.294634617
            ],
            [
              106.874677293,
              -6.294627268
            ],
            [
              106.875255667,
              -6.295057014
            ],
            [
              106.875166066,
              -6.295878937
            ],
            [
              106.874151056,
              -6.296490093
            ],
            [
              106.874423673,
              -6.297264415
            ],
            [
              106.87384868,
              -6.297235938
            ],
            [
              106.874104493,
              -6.29803611
            ],
            [
              106.873207091,
              -6.29824491
            ],
            [
              106.872788665,
              -6.299040673
            ],
            [
              106.873121842,
              -6.300376321
            ],
            [
              106.873649173,
              -6.300724422
            ],
            [
              106.874541933,
              -6.299877381
            ],
            [
              106.87449941,
              -6.301276939
            ],
            [
              106.875066175,
              -6.301923071
            ],
            [
              106.875909117,
              -6.301660986
            ],
            [
              106.877098311,
              -6.302260149
            ],
            [
              106.877387188,
              -6.303699483
            ],
            [
              106.878144089,
              -6.303957829
            ],
            [
              106.878172429,
              -6.304953852
            ],
            [
              106.87920798,
              -6.30535284
            ],
            [
              106.87927068,
              -6.306412695
            ],
            [
              106.88415624,
              -6.305586686
            ],
            [
              106.886524884,
              -6.316020065
            ],
            [
              106.886953238,
              -6.319411317
            ],
            [
              106.8852384,
              -6.31840324
            ],
            [
              106.883694318,
              -6.318902148
            ],
            [
              106.881495099,
              -6.318184908
            ],
            [
              106.880711603,
              -6.317063525
            ],
            [
              106.878783932,
              -6.316260679
            ],
            [
              106.878014274,
              -6.315391622
            ],
            [
              106.876019407,
              -6.314404447
            ],
            [
              106.875713057,
              -6.314317039
            ],
            [
              106.875526923,
              -6.314617039
            ],
            [
              106.874715275,
              -6.31419514
            ],
            [
              106.875411795,
              -6.312928249
            ],
            [
              106.875049306,
              -6.312333484
            ],
            [
              106.876015772,
              -6.312060939
            ],
            [
              106.876351131,
              -6.309192968
            ],
            [
              106.874947482,
              -6.308738597
            ],
            [
              106.873375314,
              -6.307576977
            ],
            [
              106.872780548,
              -6.305171176
            ],
            [
              106.871788629,
              -6.304177067
            ],
            [
              106.868382231,
              -6.303653054
            ],
            [
              106.8669625,
              -6.303022162
            ],
            [
              106.870044376,
              -6.299201127
            ],
            [
              106.871595729,
              -6.295779459
            ],
            [
              106.872009442,
              -6.293136955
            ],
            [
              106.870822105,
              -6.289043318
            ],
            [
              106.87064757,
              -6.287003493
            ],
            [
              106.872111973,
              -6.287429722
            ]
          ]
        ]
      }
    },
    {
      "type": "Feature",
      "id": "2a9e1353-6526-5b25-a4ed-26b7aaccb9e0",
      "properties": {
        "id": "2a9e1353-6526-5b25-a4ed-26b7aaccb9e0",
        "code": "31.75.10.1001",
        "name": "Cipayung",
        "districtId": "7fc295bb-9a6c-59b9-b8d2-b663692fc73f",
        "districtName": "Cipayung",
        "cityId": "f3d6211f-048a-5968-9d3f-a21df7eac6b6",
        "cityName": "Kota Administrasi Jakarta Timur",
        "cityShortName": "JAKARTA TIMUR"
      },
      "geometry": {
        "type": "Polygon",
        "coordinates": [
          [
            [
              106.890180714,
              -6.319278237
            ],
            [
              106.894421956,
              -6.321278115
            ],
            [
              106.894234539,
              -6.32228068
            ],
            [
              106.89489159,
              -6.323314277
            ],
            [
              106.894596814,
              -6.32366194
            ],
            [
              106.895635471,
              -6.325261972
            ],
            [
              106.895808928,
              -6.326340768
            ],
            [
              106.897855482,
              -6.327466977
            ],
            [
              106.898037785,
              -6.327865829
            ],
            [
              106.899137008,
              -6.325256946
            ],
            [
              106.899215795,
              -6.324298634
            ],
            [
              106.901048468,
              -6.321416298
            ],
            [
              106.902354691,
              -6.321726932
            ],
            [
              106.902210847,
              -6.322266758
            ],
            [
              106.902696904,
              -6.322426478
            ],
            [
              106.903609899,
              -6.32250703
            ],
            [
              106.903875991,
              -6.322228143
            ],
            [
              106.904445732,
              -6.322571512
            ],
            [
              106.907067689,
              -6.322904909
            ],
            [
              106.906291905,
              -6.324427928
            ],
            [
              106.901944635,
              -6.327658794
            ],
            [
              106.899982886,
              -6.331119004
            ],
            [
              106.89849775,
              -6.331119208
            ],
            [
              106.897296188,
              -6.332454531
            ],
            [
              106.896087304,
              -6.332705931
            ],
            [
              106.895104473,
              -6.333380819
            ],
            [
              106.894937861,
              -6.333631725
            ],
            [
              106.896299957,
              -6.333730329
            ],
            [
              106.897347528,
              -6.334325988
            ],
            [
              106.897534188,
              -6.33497981
            ],
            [
              106.8963492,
              -6.3359261
            ],
            [
              106.8958095,
              -6.3360091
            ],
            [
              106.8949656,
              -6.3371025
            ],
            [
              106.8945927,
              -6.3370378
            ],
            [
              106.893726599,
              -6.338858
            ],
            [
              106.8919703,
              -6.3392354
            ],
            [
              106.891563401,
              -6.3399212
            ],
            [
              106.88903044,
              -6.340449506
            ],
            [
              106.887281147,
              -6.33081347
            ],
            [
              106.887007623,
              -6.321791589
            ],
            [
              106.888636007,
              -6.32222175
            ],
            [
              106.88970865,
              -6.320628292
            ],
            [
              106.890180714,
              -6.319278237
            ]
          ]
        ]
      }
    },
    {
      "type": "Feature",
      "id": "54e36c9f-04be-5ebd-9cf9-2e104afd1c01",
      "properties": {
        "id": "54e36c9f-04be-5ebd-9cf9-2e104afd1c01",
        "code": "31.75.10.1002",
        "name": "Cilangkap",
        "districtId": "7fc295bb-9a6c-59b9-b8d2-b663692fc73f",
        "districtName": "Cipayung",
        "cityId": "f3d6211f-048a-5968-9d3f-a21df7eac6b6",
        "cityName": "Kota Administrasi Jakarta Timur",
        "cityShortName": "JAKARTA TIMUR"
      },
      "geometry": {
        "type": "Polygon",
        "coordinates": [
          [
            [
              106.92091343,
              -6.324567764
            ],
            [
              106.920562693,
              -6.325039221
            ],
            [
              106.919038303,
              -6.325262807
            ],
            [
              106.919234609,
              -6.326339513
            ],
            [
              106.918319384,
              -6.327251689
            ],
            [
              106.919241756,
              -6.327267905
            ],
            [
              106.920036972,
              -6.327679076
            ],
            [
              106.919982431,
              -6.328464335
            ],
            [
              106.920503554,
              -6.32895875
            ],
            [
              106.920297255,
              -6.329262131
            ],
            [
              106.920521186,
              -6.330426461
            ],
            [
              106.920954248,
              -6.330780525
            ],
            [
              106.92060875,
              -6.333008652
            ],
            [
              106.919713121,
              -6.333660625
            ],
            [
              106.919487612,
              -6.335089697
            ],
            [
              106.919667499,
              -6.336741995
            ],
            [
              106.919080248,
              -6.33717696
            ],
            [
              106.919583433,
              -6.33865739
            ],
            [
              106.918285675,
              -6.339166356
            ],
            [
              106.918193421,
              -6.339568005
            ],
            [
              106.919200409,
              -6.340231399
            ],
            [
              106.919679156,
              -6.341559138
            ],
            [
              106.91891297,
              -6.341539151
            ],
            [
              106.918727934,
              -6.341850502
            ],
            [
              106.918023374,
              -6.341307237
            ],
            [
              106.916175834,
              -6.340991712
            ],
            [
              106.915731048,
              -6.341264562
            ],
            [
              106.911644899,
              -6.340303349
            ],
            [
              106.911131721,
              -6.339133373
            ],
            [
              106.910231365,
              -6.338864678
            ],
            [
              106.909406462,
              -6.340727226
            ],
            [
              106.909865955,
              -6.342697591
            ],
            [
              106.909184474,
              -6.343447828
            ],
            [
              106.907573821,
              -6.343929023
            ],
            [
              106.905583311,
              -6.347141606
            ],
            [
              106.904191954,
              -6.350878106
            ],
            [
              106.903277365,
              -6.352274416
            ],
            [
              106.901020791,
              -6.352100475
            ],
            [
              106.900160258,
              -6.351671949
            ],
            [
              106.900909205,
              -6.350771567
            ],
            [
              106.90104534,
              -6.349447157
            ],
            [
              106.902121363,
              -6.348054418
            ],
            [
              106.902454796,
              -6.346701264
            ],
            [
              106.90200988,
              -6.346152189
            ],
            [
              106.901668846,
              -6.344512001
            ],
            [
              106.901091241,
              -6.344253665
            ],
            [
              106.900574413,
              -6.342498649
            ],
            [
              106.898795184,
              -6.342322923
            ],
            [
              106.899250533,
              -6.341447216
            ],
            [
              106.896836058,
              -6.340058546
            ],
            [
              106.8947248,
              -6.3396292
            ],
            [
              106.893726599,
              -6.338858
            ],
            [
              106.8945927,
              -6.3370378
            ],
            [
              106.8949656,
              -6.3371025
            ],
            [
              106.8958095,
              -6.3360091
            ],
            [
              106.8963492,
              -6.3359261
            ],
            [
              106.897534188,
              -6.33497981
            ],
            [
              106.897347528,
              -6.334325988
            ],
            [
              106.895032739,
              -6.333474145
            ],
            [
              106.896087304,
              -6.332705931
            ],
            [
              106.897296188,
              -6.332454531
            ],
            [
              106.89849775,
              -6.331119208
            ],
            [
              106.899982886,
              -6.331119004
            ],
            [
              106.900832809,
              -6.32925612
            ],
            [
              106.902116799,
              -6.327475723
            ],
            [
              106.906359761,
              -6.324357184
            ],
            [
              106.90921242,
              -6.324459876
            ],
            [
              106.909432222,
              -6.320624045
            ],
            [
              106.911997501,
              -6.320483145
            ],
            [
              106.912224811,
              -6.315215244
            ],
            [
              106.913739984,
              -6.315323918
            ],
            [
              106.913748438,
              -6.32055839
            ],
            [
              106.915559564,
              -6.320605152
            ],
            [
              106.915992816,
              -6.320206055
            ],
            [
              106.920048177,
              -6.321229765
            ],
            [
              106.920162471,
              -6.323038526
            ],
            [
              106.919608466,
              -6.323652505
            ],
            [
              106.919455227,
              -6.324508129
            ],
            [
              106.92091343,
              -6.324567764
            ]
          ]
        ]
      }
    },
    {
      "type": "Feature",
      "id": "41d631d6-6b09-568d-a1ff-967e6b15833c",
      "properties": {
        "id": "41d631d6-6b09-568d-a1ff-967e6b15833c",
        "code": "31.75.10.1003",
        "name": "Pondok Ranggon",
        "districtId": "7fc295bb-9a6c-59b9-b8d2-b663692fc73f",
        "districtName": "Cipayung",
        "cityId": "f3d6211f-048a-5968-9d3f-a21df7eac6b6",
        "cityName": "Kota Administrasi Jakarta Timur",
        "cityShortName": "JAKARTA TIMUR"
      },
      "geometry": {
        "type": "Polygon",
        "coordinates": [
          [
            [
              106.918727934,
              -6.341850502
            ],
            [
              106.918595074,
              -6.342614667
            ],
            [
              106.919267986,
              -6.342908769
            ],
            [
              106.919452106,
              -6.343615601
            ],
            [
              106.917284893,
              -6.34380691
            ],
            [
              106.916962238,
              -6.345749978
            ],
            [
              106.917214937,
              -6.34628964
            ],
            [
              106.91590433,
              -6.346329615
            ],
            [
              106.91622413,
              -6.346907824
            ],
            [
              106.916662426,
              -6.346845006
            ],
            [
              106.917240635,
              -6.347877216
            ],
            [
              106.916232545,
              -6.34846177
            ],
            [
              106.916116903,
              -6.348889502
            ],
            [
              106.916939245,
              -6.349199308
            ],
            [
              106.917824642,
              -6.35044448
            ],
            [
              106.916497165,
              -6.351398763
            ],
            [
              106.916828386,
              -6.351756634
            ],
            [
              106.916708461,
              -6.352679865
            ],
            [
              106.917311634,
              -6.352988437
            ],
            [
              106.916812221,
              -6.353652217
            ],
            [
              106.916148828,
              -6.353784182
            ],
            [
              106.915853568,
              -6.354274018
            ],
            [
              106.916017751,
              -6.354557174
            ],
            [
              106.915421065,
              -6.354969558
            ],
            [
              106.916765937,
              -6.355674831
            ],
            [
              106.917129994,
              -6.356521443
            ],
            [
              106.916097784,
              -6.356350122
            ],
            [
              106.915412499,
              -6.356745588
            ],
            [
              106.914722265,
              -6.357603336
            ],
            [
              106.914811733,
              -6.358267682
            ],
            [
              106.913603919,
              -6.358836849
            ],
            [
              106.914453862,
              -6.359158552
            ],
            [
              106.914278734,
              -6.360186479
            ],
            [
              106.915519194,
              -6.360564956
            ],
            [
              106.914738731,
              -6.361227398
            ],
            [
              106.914748249,
              -6.361771819
            ],
            [
              106.91621019,
              -6.362731217
            ],
            [
              106.916008412,
              -6.363170942
            ],
            [
              106.914891017,
              -6.363231856
            ],
            [
              106.915029977,
              -6.363978055
            ],
            [
              106.914569314,
              -6.364579583
            ],
            [
              106.914500785,
              -6.365295325
            ],
            [
              106.91406879,
              -6.365471127
            ],
            [
              106.913061802,
              -6.364661159
            ],
            [
              106.910440754,
              -6.363759702
            ],
            [
              106.910160929,
              -6.363146753
            ],
            [
              106.908666628,
              -6.362231137
            ],
            [
              106.908519444,
              -6.361975
            ],
            [
              106.909201111,
              -6.361755
            ],
            [
              106.908594722,
              -6.361178611
            ],
            [
              106.907587304,
              -6.361140392
            ],
            [
              106.906887222,
              -6.360732778
            ],
            [
              106.907301769,
              -6.359708908
            ],
            [
              106.906831588,
              -6.359617537
            ],
            [
              106.906723084,
              -6.3599716
            ],
            [
              106.906024474,
              -6.359665126
            ],
            [
              106.905198326,
              -6.362920228
            ],
            [
              106.904764312,
              -6.363165789
            ],
            [
              106.90253904,
              -6.366550334
            ],
            [
              106.8999563,
              -6.369193018
            ],
            [
              106.900589118,
              -6.369617454
            ],
            [
              106.900654731,
              -6.3692536
            ],
            [
              106.901631927,
              -6.369274202
            ],
            [
              106.90127564,
              -6.370207187
            ],
            [
              106.897598237,
              -6.368820858
            ],
            [
              106.896810278,
              -6.3698475
            ],
            [
              106.896135025,
              -6.369317381
            ],
            [
              106.896345566,
              -6.371762115
            ],
            [
              106.895649582,
              -6.371431773
            ],
            [
              106.893417049,
              -6.359105243
            ],
            [
              106.89490515,
              -6.358966703
            ],
            [
              106.89584619,
              -6.358412817
            ],
            [
              106.895560727,
              -6.357396418
            ],
            [
              106.895998063,
              -6.357320277
            ],
            [
              106.895716914,
              -6.355955784
            ],
            [
              106.896218284,
              -6.35410154
            ],
            [
              106.89650145,
              -6.353807478
            ],
            [
              106.896753278,
              -6.354225041
            ],
            [
              106.899445397,
              -6.355401786
            ],
            [
              106.899593642,
              -6.354675577
            ],
            [
              106.900389752,
              -6.354106333
            ],
            [
              106.901466994,
              -6.354866586
            ],
            [
              106.901467237,
              -6.355181518
            ],
            [
              106.901974955,
              -6.355216117
            ],
            [
              106.901825342,
              -6.354175205
            ],
            [
              106.902533833,
              -6.353501049
            ],
            [
              106.901489777,
              -6.352947856
            ],
            [
              106.901239849,
              -6.352112626
            ],
            [
              106.903277365,
              -6.352274416
            ],
            [
              106.904191954,
              -6.350878106
            ],
            [
              106.905583311,
              -6.347141606
            ],
            [
              106.907573821,
              -6.343929023
            ],
            [
              106.909184474,
              -6.343447828
            ],
            [
              106.909790642,
              -6.34283399
            ],
            [
              106.909912492,
              -6.342076663
            ],
            [
              106.909406462,
              -6.340727226
            ],
            [
              106.910231365,
              -6.338864678
            ],
            [
              106.911131721,
              -6.339133373
            ],
            [
              106.911644899,
              -6.340303349
            ],
            [
              106.915731048,
              -6.341264562
            ],
            [
              106.916175834,
              -6.340991712
            ],
            [
              106.918023374,
              -6.341307237
            ],
            [
              106.918727934,
              -6.341850502
            ]
          ]
        ]
      }
    },
    {
      "type": "Feature",
      "id": "3a3d53cc-e089-5f65-ad1b-0fac2fd862aa",
      "properties": {
        "id": "3a3d53cc-e089-5f65-ad1b-0fac2fd862aa",
        "code": "31.75.10.1004",
        "name": "Munjul",
        "districtId": "7fc295bb-9a6c-59b9-b8d2-b663692fc73f",
        "districtName": "Cipayung",
        "cityId": "f3d6211f-048a-5968-9d3f-a21df7eac6b6",
        "cityName": "Kota Administrasi Jakarta Timur",
        "cityShortName": "JAKARTA TIMUR"
      },
      "geometry": {
        "type": "Polygon",
        "coordinates": [
          [
            [
              106.901239849,
              -6.352112626
            ],
            [
              106.901489777,
              -6.352947856
            ],
            [
              106.902533833,
              -6.353501049
            ],
            [
              106.901825342,
              -6.354175205
            ],
            [
              106.901974955,
              -6.355216117
            ],
            [
              106.901467237,
              -6.355181518
            ],
            [
              106.901466994,
              -6.354866586
            ],
            [
              106.900389752,
              -6.354106333
            ],
            [
              106.899593642,
              -6.354675577
            ],
            [
              106.899445397,
              -6.355401786
            ],
            [
              106.896753278,
              -6.354225041
            ],
            [
              106.896462494,
              -6.353821668
            ],
            [
              106.895751666,
              -6.35561458
            ],
            [
              106.895998063,
              -6.357320277
            ],
            [
              106.895560727,
              -6.357396418
            ],
            [
              106.89584619,
              -6.358412817
            ],
            [
              106.89490515,
              -6.358966703
            ],
            [
              106.893417049,
              -6.359105243
            ],
            [
              106.890213903,
              -6.346554478
            ],
            [
              106.88903044,
              -6.340449506
            ],
            [
              106.891563401,
              -6.3399212
            ],
            [
              106.8919703,
              -6.3392354
            ],
            [
              106.893726599,
              -6.338858
            ],
            [
              106.8947248,
              -6.3396292
            ],
            [
              106.896836058,
              -6.340058546
            ],
            [
              106.899250533,
              -6.341447216
            ],
            [
              106.898795184,
              -6.342322923
            ],
            [
              106.900574413,
              -6.342498649
            ],
            [
              106.901091241,
              -6.344253665
            ],
            [
              106.901561204,
              -6.344368451
            ],
            [
              106.901859032,
              -6.344896011
            ],
            [
              106.90200988,
              -6.346152189
            ],
            [
              106.902490702,
              -6.346923786
            ],
            [
              106.901601319,
              -6.348962544
            ],
            [
              106.90104534,
              -6.349447157
            ],
            [
              106.900909205,
              -6.350771567
            ],
            [
              106.900188242,
              -6.351543334
            ],
            [
              106.901239849,
              -6.352112626
            ]
          ]
        ]
      }
    },
    {
      "type": "Feature",
      "id": "d7c6d822-0b82-5b7c-9ba4-dfd63d7a7696",
      "properties": {
        "id": "d7c6d822-0b82-5b7c-9ba4-dfd63d7a7696",
        "code": "31.75.10.1005",
        "name": "Setu",
        "districtId": "7fc295bb-9a6c-59b9-b8d2-b663692fc73f",
        "districtName": "Cipayung",
        "cityId": "f3d6211f-048a-5968-9d3f-a21df7eac6b6",
        "cityName": "Kota Administrasi Jakarta Timur",
        "cityShortName": "JAKARTA TIMUR"
      },
      "geometry": {
        "type": "Polygon",
        "coordinates": [
          [
            [
              106.921065773,
              -6.302353987
            ],
            [
              106.92136933,
              -6.303282857
            ],
            [
              106.921779073,
              -6.303389933
            ],
            [
              106.921393601,
              -6.304576332
            ],
            [
              106.921767652,
              -6.304961805
            ],
            [
              106.92142501,
              -6.305524309
            ],
            [
              106.921559211,
              -6.307425974
            ],
            [
              106.920958159,
              -6.307254653
            ],
            [
              106.921176594,
              -6.307825724
            ],
            [
              106.920652637,
              -6.308205486
            ],
            [
              106.921213713,
              -6.309377608
            ],
            [
              106.920624083,
              -6.312035942
            ],
            [
              106.92183618,
              -6.312542767
            ],
            [
              106.922325874,
              -6.313969016
            ],
            [
              106.922818422,
              -6.314188878
            ],
            [
              106.921920413,
              -6.315680801
            ],
            [
              106.922244496,
              -6.316397494
            ],
            [
              106.922026061,
              -6.317576755
            ],
            [
              106.921407878,
              -6.318119272
            ],
            [
              106.920975292,
              -6.317947951
            ],
            [
              106.920716882,
              -6.318363405
            ],
            [
              106.921186588,
              -6.31929425
            ],
            [
              106.920555555,
              -6.321265871
            ],
            [
              106.921353626,
              -6.321962578
            ],
            [
              106.921295091,
              -6.322530793
            ],
            [
              106.921656293,
              -6.322857731
            ],
            [
              106.921507815,
              -6.32418547
            ],
            [
              106.92091343,
              -6.324567764
            ],
            [
              106.919455227,
              -6.324508129
            ],
            [
              106.919608466,
              -6.323652505
            ],
            [
              106.920162471,
              -6.323038526
            ],
            [
              106.920048177,
              -6.321229765
            ],
            [
              106.915992816,
              -6.320206055
            ],
            [
              106.915559564,
              -6.320605152
            ],
            [
              106.913748438,
              -6.32055839
            ],
            [
              106.913739984,
              -6.315323918
            ],
            [
              106.912224811,
              -6.315215244
            ],
            [
              106.911997501,
              -6.320483145
            ],
            [
              106.909432222,
              -6.320624045
            ],
            [
              106.90921242,
              -6.324459876
            ],
            [
              106.906359761,
              -6.324357184
            ],
            [
              106.906930282,
              -6.323440816
            ],
            [
              106.90758033,
              -6.320420303
            ],
            [
              106.908507531,
              -6.318964234
            ],
            [
              106.906084841,
              -6.318479721
            ],
            [
              106.906321826,
              -6.317716858
            ],
            [
              106.906099137,
              -6.316603238
            ],
            [
              106.906580226,
              -6.316447619
            ],
            [
              106.906172203,
              -6.315945709
            ],
            [
              106.906267443,
              -6.313973851
            ],
            [
              106.905904596,
              -6.312902504
            ],
            [
              106.906890743,
              -6.311489239
            ],
            [
              106.907431847,
              -6.311250717
            ],
            [
              106.908313176,
              -6.309046683
            ],
            [
              106.910501159,
              -6.307189511
            ],
            [
              106.913688026,
              -6.306985153
            ],
            [
              106.913925632,
              -6.30340275
            ],
            [
              106.914858988,
              -6.302260922
            ],
            [
              106.915760511,
              -6.302663037
            ],
            [
              106.921065773,
              -6.302353987
            ]
          ]
        ]
      }
    },
    {
      "type": "Feature",
      "id": "530c1c33-cd5d-52b7-8db1-9b34b09746a2",
      "properties": {
        "id": "530c1c33-cd5d-52b7-8db1-9b34b09746a2",
        "code": "31.75.10.1006",
        "name": "Bambu Apus",
        "districtId": "7fc295bb-9a6c-59b9-b8d2-b663692fc73f",
        "districtName": "Cipayung",
        "cityId": "f3d6211f-048a-5968-9d3f-a21df7eac6b6",
        "cityName": "Kota Administrasi Jakarta Timur",
        "cityShortName": "JAKARTA TIMUR"
      },
      "geometry": {
        "type": "Polygon",
        "coordinates": [
          [
            [
              106.914858988,
              -6.302260922
            ],
            [
              106.913925632,
              -6.30340275
            ],
            [
              106.913688026,
              -6.306985153
            ],
            [
              106.911464251,
              -6.306993879
            ],
            [
              106.910164717,
              -6.307417755
            ],
            [
              106.908313176,
              -6.309046683
            ],
            [
              106.907431847,
              -6.311250717
            ],
            [
              106.906890743,
              -6.311489239
            ],
            [
              106.905921429,
              -6.312846335
            ],
            [
              106.906267443,
              -6.313973851
            ],
            [
              106.906172203,
              -6.315945709
            ],
            [
              106.906580226,
              -6.316447619
            ],
            [
              106.906099137,
              -6.316603238
            ],
            [
              106.906321826,
              -6.317716858
            ],
            [
              106.906084841,
              -6.318479721
            ],
            [
              106.908507531,
              -6.318964234
            ],
            [
              106.90758033,
              -6.320420303
            ],
            [
              106.907074269,
              -6.322904908
            ],
            [
              106.904445732,
              -6.322571512
            ],
            [
              106.903929122,
              -6.322234208
            ],
            [
              106.903609899,
              -6.32250703
            ],
            [
              106.902433558,
              -6.322359925
            ],
            [
              106.902210847,
              -6.322266758
            ],
            [
              106.902354691,
              -6.321726932
            ],
            [
              106.901102272,
              -6.321387578
            ],
            [
              106.899215795,
              -6.324298634
            ],
            [
              106.899137008,
              -6.325256946
            ],
            [
              106.898082706,
              -6.327830505
            ],
            [
              106.897697629,
              -6.327366504
            ],
            [
              106.896481485,
              -6.326885719
            ],
            [
              106.895808928,
              -6.326340768
            ],
            [
              106.895635471,
              -6.325261972
            ],
            [
              106.894596814,
              -6.32366194
            ],
            [
              106.89489159,
              -6.323314277
            ],
            [
              106.894234539,
              -6.32228068
            ],
            [
              106.894421956,
              -6.321278115
            ],
            [
              106.893669705,
              -6.320973786
            ],
            [
              106.895298736,
              -6.318875436
            ],
            [
              106.896307945,
              -6.316593014
            ],
            [
              106.895999341,
              -6.315778318
            ],
            [
              106.89614272,
              -6.314949208
            ],
            [
              106.893965534,
              -6.314534584
            ],
            [
              106.894042194,
              -6.312763318
            ],
            [
              106.894716002,
              -6.308269621
            ],
            [
              106.895885591,
              -6.306300073
            ],
            [
              106.897752285,
              -6.305819624
            ],
            [
              106.897866294,
              -6.303641117
            ],
            [
              106.903400873,
              -6.303511348
            ],
            [
              106.90440618,
              -6.302847433
            ],
            [
              106.905005464,
              -6.302952892
            ],
            [
              106.905430531,
              -6.303471639
            ],
            [
              106.905996711,
              -6.303193278
            ],
            [
              106.906058092,
              -6.299666881
            ],
            [
              106.908595715,
              -6.299679519
            ],
            [
              106.908507964,
              -6.301383287
            ],
            [
              106.90876767,
              -6.301540464
            ],
            [
              106.910491641,
              -6.301203419
            ],
            [
              106.910954848,
              -6.300491135
            ],
            [
              106.912498643,
              -6.301616975
            ],
            [
              106.911966196,
              -6.302752913
            ],
            [
              106.914126304,
              -6.30262612
            ],
            [
              106.914858988,
              -6.302260922
            ]
          ]
        ]
      }
    },
    {
      "type": "Feature",
      "id": "f24b5d03-7ae8-5498-a7ab-eeb6881b7cc3",
      "properties": {
        "id": "f24b5d03-7ae8-5498-a7ab-eeb6881b7cc3",
        "code": "31.75.10.1007",
        "name": "Lubang Buaya",
        "districtId": "7fc295bb-9a6c-59b9-b8d2-b663692fc73f",
        "districtName": "Cipayung",
        "cityId": "f3d6211f-048a-5968-9d3f-a21df7eac6b6",
        "cityName": "Kota Administrasi Jakarta Timur",
        "cityShortName": "JAKARTA TIMUR"
      },
      "geometry": {
        "type": "Polygon",
        "coordinates": [
          [
            [
              106.920439437,
              -6.300007767
            ],
            [
              106.921050482,
              -6.301368818
            ],
            [
              106.920612662,
              -6.301663872
            ],
            [
              106.921065773,
              -6.302353987
            ],
            [
              106.915760511,
              -6.302663037
            ],
            [
              106.914826259,
              -6.302244182
            ],
            [
              106.914126304,
              -6.30262612
            ],
            [
              106.911966196,
              -6.302752913
            ],
            [
              106.912498643,
              -6.301616975
            ],
            [
              106.910954848,
              -6.300491135
            ],
            [
              106.910491641,
              -6.301203419
            ],
            [
              106.90982497,
              -6.301498374
            ],
            [
              106.908507964,
              -6.301383287
            ],
            [
              106.908595715,
              -6.299679519
            ],
            [
              106.901711859,
              -6.299513505
            ],
            [
              106.901821864,
              -6.299107262
            ],
            [
              106.894969946,
              -6.299001115
            ],
            [
              106.89478829,
              -6.298313977
            ],
            [
              106.892797291,
              -6.298309245
            ],
            [
              106.892805824,
              -6.297183613
            ],
            [
              106.890610289,
              -6.296333459
            ],
            [
              106.889592897,
              -6.294565794
            ],
            [
              106.889409386,
              -6.293333572
            ],
            [
              106.888138663,
              -6.290581159
            ],
            [
              106.89625994,
              -6.289458509
            ],
            [
              106.897454814,
              -6.288560055
            ],
            [
              106.900096693,
              -6.285363526
            ],
            [
              106.908739816,
              -6.28437119
            ],
            [
              106.909022267,
              -6.285578588
            ],
            [
              106.910087314,
              -6.285904099
            ],
            [
              106.909514816,
              -6.286545125
            ],
            [
              106.910528466,
              -6.286973428
            ],
            [
              106.909981666,
              -6.287363184
            ],
            [
              106.910123006,
              -6.288027054
            ],
            [
              106.909698986,
              -6.288585275
            ],
            [
              106.910089337,
              -6.289596308
            ],
            [
              106.909434033,
              -6.290727028
            ],
            [
              106.909806657,
              -6.290699902
            ],
            [
              106.910599017,
              -6.289794755
            ],
            [
              106.910847433,
              -6.290816972
            ],
            [
              106.911374246,
              -6.290213065
            ],
            [
              106.911812542,
              -6.290253039
            ],
            [
              106.911270025,
              -6.290988293
            ],
            [
              106.910451967,
              -6.291396608
            ],
            [
              106.910747496,
              -6.292204673
            ],
            [
              106.911275736,
              -6.292281768
            ],
            [
              106.911329988,
              -6.291386615
            ],
            [
              106.911735448,
              -6.291913427
            ],
            [
              106.910991628,
              -6.293089833
            ],
            [
              106.910397715,
              -6.292955631
            ],
            [
              106.910250664,
              -6.293573815
            ],
            [
              106.910336325,
              -6.294200565
            ],
            [
              106.912460708,
              -6.294614592
            ],
            [
              106.912390751,
              -6.294960089
            ],
            [
              106.911848234,
              -6.295091435
            ],
            [
              106.911122975,
              -6.295855242
            ],
            [
              106.911228623,
              -6.296210734
            ],
            [
              106.911862511,
              -6.296430596
            ],
            [
              106.911896775,
              -6.29822233
            ],
            [
              106.913527182,
              -6.298930458
            ],
            [
              106.913628547,
              -6.298150946
            ],
            [
              106.914413769,
              -6.298085273
            ],
            [
              106.914673606,
              -6.297180126
            ],
            [
              106.915386017,
              -6.297115881
            ],
            [
              106.917002147,
              -6.298202343
            ],
            [
              106.917677438,
              -6.298033877
            ],
            [
              106.918015797,
              -6.299727101
            ],
            [
              106.919136523,
              -6.298957584
            ],
            [
              106.919228767,
              -6.300040127
            ],
            [
              106.918987014,
              -6.30043607
            ],
            [
              106.919301103,
              -6.300717798
            ],
            [
              106.920439437,
              -6.300007767
            ]
          ]
        ]
      }
    },
    {
      "type": "Feature",
      "id": "8883228f-7706-5030-b40a-32b4989589de",
      "properties": {
        "id": "8883228f-7706-5030-b40a-32b4989589de",
        "code": "31.75.10.1008",
        "name": "Ceger",
        "districtId": "7fc295bb-9a6c-59b9-b8d2-b663692fc73f",
        "districtName": "Cipayung",
        "cityId": "f3d6211f-048a-5968-9d3f-a21df7eac6b6",
        "cityName": "Kota Administrasi Jakarta Timur",
        "cityShortName": "JAKARTA TIMUR"
      },
      "geometry": {
        "type": "Polygon",
        "coordinates": [
          [
            [
              106.892136405,
              -6.298973655
            ],
            [
              106.901821864,
              -6.299107262
            ],
            [
              106.901711859,
              -6.299513505
            ],
            [
              106.906050013,
              -6.299667398
            ],
            [
              106.905996711,
              -6.303193278
            ],
            [
              106.905430531,
              -6.303471639
            ],
            [
              106.905005464,
              -6.302952892
            ],
            [
              106.90440618,
              -6.302847433
            ],
            [
              106.903400873,
              -6.303511348
            ],
            [
              106.897866294,
              -6.303641117
            ],
            [
              106.897752285,
              -6.305819624
            ],
            [
              106.895885591,
              -6.306300073
            ],
            [
              106.894407634,
              -6.309245909
            ],
            [
              106.893965534,
              -6.314534584
            ],
            [
              106.89614272,
              -6.314949208
            ],
            [
              106.895999341,
              -6.315778318
            ],
            [
              106.896307945,
              -6.316593014
            ],
            [
              106.895298736,
              -6.318875436
            ],
            [
              106.893667684,
              -6.320965094
            ],
            [
              106.890180714,
              -6.319278237
            ],
            [
              106.88970865,
              -6.320628292
            ],
            [
              106.888636007,
              -6.32222175
            ],
            [
              106.887007623,
              -6.321791589
            ],
            [
              106.886524884,
              -6.316020065
            ],
            [
              106.883348091,
              -6.30211645
            ],
            [
              106.889376403,
              -6.302086747
            ],
            [
              106.889428169,
              -6.302588072
            ],
            [
              106.892575923,
              -6.302547146
            ],
            [
              106.892536741,
              -6.301698714
            ],
            [
              106.892266912,
              -6.301673207
            ],
            [
              106.892136405,
              -6.298973655
            ]
          ]
        ]
      }
    }
  ]
}